formula,lg_conductivity,row_id,split,temperature,feat_n_elements,feat_entropy,feat_max_fraction,feat_min_fraction,feat_anion_fraction,frac_K,frac_Ba,frac_Na,frac_Sr,frac_Li,frac_Ca,frac_La,frac_Ce,frac_Pr,frac_Nd,frac_Sm,frac_Eu,frac_Y,frac_Er,frac_Lu,frac_Hf,frac_Mg,frac_Zr,frac_Sc,frac_Ta,frac_Ti,frac_Mn,frac_Nb,frac_Al,frac_V,frac_Zn,frac_Cr,frac_Cd,frac_In,frac_Ga,frac_Fe,frac_Co,frac_Si,frac_Ni,frac_Ag,frac_Sn,frac_Ge,frac_Bi,frac_B,frac_Sb,frac_Te,frac_Mo,frac_P,frac_H,frac_Ru,frac_W,frac_Se,frac_S,frac_I,frac_Br,frac_N,frac_Cl,frac_O,frac_F,feat_electronegativity_mean,feat_electronegativity_min,feat_electronegativity_max,feat_electronegativity_range,feat_electronegativity_std,feat_atomic_mass_mean,feat_atomic_mass_min,feat_atomic_mass_max,feat_atomic_mass_range,feat_atomic_mass_std,feat_atomic_radius_mean,feat_atomic_radius_min,feat_atomic_radius_max,feat_atomic_radius_range,feat_atomic_radius_std,feat_mendeleev_number_mean,feat_mendeleev_number_min,feat_mendeleev_number_max,feat_mendeleev_number_range,feat_mendeleev_number_std,feat_period_mean,feat_period_min,feat_period_max,feat_period_range,feat_period_std,feat_group_mean,feat_group_min,feat_group_max,feat_group_range,feat_group_std,feat_electron_affinity_mean,feat_electron_affinity_min,feat_electron_affinity_max,feat_electron_affinity_range,feat_electron_affinity_std,feat_avg_cationic_radius_mean,feat_avg_cationic_radius_min,feat_avg_cationic_radius_max,feat_avg_cationic_radius_range,feat_avg_cationic_radius_std,feat_oxidation_state_mean,feat_oxidation_state_min,feat_oxidation_state_max,feat_oxidation_state_range,feat_oxidation_state_std
LiGaSiO4,-10.9652893,0,train,298.0,4,1.15374194270109,0.5714285714285714,0.14285714285714285,0.5714285714285714,0.0,0.0,0.0,0.0,0.14285714285714285,0.0,0.0,0.0,0.0,0.0,0.0,0.0,0.0,0.0,0.0,0.0,0.0,0.0,0.0,0.0,0.0,0.0,0.0,0.0,0.0,0.0,0.0,0.0,0.0,0.14285714285714285,0.0,0.0,0.14285714285714285,0.0,0.0,0.0,0.0,0.0,0.0,0.0,0.0,0.0,0.0,0.0,0.0,0.0,0.0,0.0,0.0,0.0,0.0,0.0,0.5714285714285714,0.0,2.6357142857142852,0.98,3.44,2.46,0.9674688203592645,24.10672857142857,6.941,69.723,62.782,19.472516107046456,0.8928571428571428,0.6,1.45,0.85,0.3509462427582356,83.14285714285714,12.0,101.0,89.0,30.106613281226206,2.4285714285714284,2.0,4.0,2.0,0.7284313590846836,13.142857142857142,1.0,16.0,15.0,5.082984821330627,1.1647412237142856,0.30116615,1.461112979,1.159946829,0.4545806541503192,0.3142857142857143,0.0,0.9,0.9,0.3756463816964469,-0.5714285714285714,-2.0,3.0,5.0,1.8405855323893037
LiF,-10.85087436,1,train,476.0,2,0.6931471805599453,0.5,0.5,0.5,0.0,0.0,0.0,0.0,0.5,0.0,0.0,0.0,0.0,0.0,0.0,0.0,0.0,0.0,0.0,0.0,0.0,0.0,0.0,0.0,0.0,0.0,0.0,0.0,0.0,0.0,0.0,0.0,0.0,0.0,0.0,0.0,0.0,0.0,0.0,0.0,0.0,0.0,0.0,0.0,0.0,0.0,0.0,0.0,0.0,0.0,0.0,0.0,0.0,0.0,0.0,0.0,0.0,0.5,2.48,0.98,3.98,3.0,1.5,12.969701599999999,6.941,18.9984032,12.0574032,6.0287016,0.975,0.5,1.45,0.95,0.475,57.0,12.0,102.0,90.0,45.0,2.0,2.0,2.0,0.0,0.0,9.0,1.0,17.0,16.0,8.0,2.009619522,0.61804922,3.401189824,2.7831406039999997,1.3915703019999999,0.56,0.22,0.9,0.68,0.34,0.0,-1.0,1.0,2.0,1.0
(Li0.55Mg0.45)(Li0.445Mg0.055)Ti1.5O4,-10.8153085691824,2,train,298.0,4,1.1168568321373904,0.5714285714285714,0.07214285714285715,0.5714285714285714,0.0,0.0,0.0,0.0,0.14214285714285715,0.0,0.0,0.0,0.0,0.0,0.0,0.0,0.0,0.0,0.0,0.0,0.07214285714285715,0.0,0.0,0.0,0.21428571428571427,0.0,0.0,0.0,0.0,0.0,0.0,0.0,0.0,0.0,0.0,0.0,0.0,0.0,0.0,0.0,0.0,0.0,0.0,0.0,0.0,0.0,0.0,0.0,0.0,0.0,0.0,0.0,0.0,0.0,0.0,0.0,0.5714285714285714,0.0,2.5295214285714285,0.98,3.44,2.46,1.064000395863629,22.13977428571428,6.941,47.867,40.925999999999995,14.019717075825598,0.9571785714285714,0.6,1.5,0.9,0.41315887238026316,75.615,12.0,101.0,89.0,32.76872948624736,2.500714285714286,2.0,4.0,2.0,0.8237541613657238,10.286428571428571,1.0,16.0,15.0,6.658407260366247,0.9086611985571427,-0.42,1.461112979,1.8811129789999999,0.6800699352644644,0.37247142857142856,0.0,0.9,0.9,0.43033332777417704,0.0007142857142857784,-2.0,4.0,6.0,2.4789109483391933
Li0.96Ga0.96Si2.04O6,-10.62874643,3,train,298.0,4,1.0810473332515333,0.6024096385542169,0.0963855421686747,0.6024096385542169,0.0,0.0,0.0,0.0,0.0963855421686747,0.0,0.0,0.0,0.0,0.0,0.0,0.0,0.0,0.0,0.0,0.0,0.0,0.0,0.0,0.0,0.0,0.0,0.0,0.0,0.0,0.0,0.0,0.0,0.0,0.0963855421686747,0.0,0.0,0.20481927710843376,0.0,0.0,0.0,0.0,0.0,0.0,0.0,0.0,0.0,0.0,0.0,0.0,0.0,0.0,0.0,0.0,0.0,0.0,0.0,0.6024096385542169,0.0,2.7303614457831324,0.98,3.44,2.46,0.9063862388271674,22.77994578313253,6.941,69.723,62.782,16.432960483891293,0.8518072289156625,0.6,1.45,0.85,0.32352033726249974,87.21686746987952,12.0,101.0,89.0,25.77756949331018,2.397590361445783,2.0,4.0,2.0,0.6574825855249278,13.855421686746986,1.0,16.0,15.0,4.332929474873608,1.2533883574698794,0.30116615,1.461112979,1.159946829,0.3950840458036455,0.2706024096385542,0.0,0.9,0.9,0.34676247694333995,-0.8192771084337348,-2.0,3.0,5.0,1.6438610024877627
Li0.68Ga0.68Si2.33O6,-10.50228226,4,train,298.0,4,1.0123814326188916,0.6191950464396285,0.07017543859649124,0.6191950464396285,0.0,0.0,0.0,0.0,0.07017543859649124,0.0,0.0,0.0,0.0,0.0,0.0,0.0,0.0,0.0,0.0,0.0,0.0,0.0,0.0,0.0,0.0,0.0,0.0,0.0,0.0,0.0,0.0,0.0,0.0,0.07017543859649124,0.0,0.0,0.24045407636738905,0.0,0.0,0.0,0.0,0.0,0.0,0.0,0.0,0.0,0.0,0.0,0.0,0.0,0.0,0.0,0.0,0.0,0.0,0.0,0.6191950464396285,0.0,2.782683178534572,0.98,3.44,2.46,0.8656317292873628,22.0399520123839,6.941,69.723,62.782,14.385274157706638,0.8289989680082559,0.6,1.45,0.85,0.3045664312448873,89.50361197110423,12.0,101.0,89.0,22.65654718620022,2.3808049535603715,2.0,4.0,2.0,0.613305322084553,14.25593395252838,1.0,16.0,15.0,3.7869648214771185,1.303336316615067,0.30116615,1.461112979,1.159946829,0.3473269414416541,0.24633642930856559,0.0,0.9,0.9,0.32681831475718737,-0.9576883384932922,-2.0,3.0,5.0,1.50378443203718
(YPO4)0.5(Li3PO4)0.5,-10.1753005,5,train,298.0,4,1.1163670752893367,0.5714285714285714,0.07142857142857142,0.5714285714285714,0.0,0.0,0.0,0.0,0.21428571428571427,0.0,0.0,0.0,0.0,0.0,0.0,0.0,0.07142857142857142,0.0,0.0,0.0,0.0,0.0,0.0,0.0,0.0,0.0,0.0,0.0,0.0,0.0,0.0,0.0,0.0,0.0,0.0,0.0,0.0,0.0,0.0,0.0,0.0,0.0,0.0,0.0,0.0,0.0,0.14285714285714285,0.0,0.0,0.0,0.0,0.0,0.0,0.0,0.0,0.0,0.5714285714285714,0.0,2.5757142857142856,0.98,3.44,2.46,1.0606717163175035,21.405112428571428,6.941,88.90585,81.96485,20.001559121105007,0.9249999999999998,0.6,1.8,1.2000000000000002,0.41822328281160326,74.92857142857143,12.0,101.0,89.0,38.04595770852908,2.357142857142857,2.0,5.0,3.0,0.8112726208286105,11.714285714285712,1.0,16.0,15.0,6.485462550180666,1.0962544222857142,0.3112922,1.461112979,1.149820779,0.43191303332325165,0.3457142857142857,0.0,1.04,1.04,0.41776128326583634,-0.47619047619047616,-2.0,3.0,5.0,1.8201442717729897
Li2P2S6,-10.1079053973095,6,train,298.0,3,0.9502705392332347,0.6,0.2,0.6,0.0,0.0,0.0,0.0,0.2,0.0,0.0,0.0,0.0,0.0,0.0,0.0,0.0,0.0,0.0,0.0,0.0,0.0,0.0,0.0,0.0,0.0,0.0,0.0,0.0,0.0,0.0,0.0,0.0,0.0,0.0,0.0,0.0,0.0,0.0,0.0,0.0,0.0,0.0,0.0,0.0,0.0,0.2,0.0,0.0,0.0,0.0,0.6,0.0,0.0,0.0,0.0,0.0,0.0,2.182,0.98,2.58,1.6,0.6196902452031983,26.821952399999997,6.941,32.065,25.124,9.949456625296833,1.0899999999999999,1.0,1.45,0.44999999999999996,0.18,76.8,12.0,94.0,82.0,32.43701589234127,2.8,2.0,3.0,1.0,0.4,12.8,1.0,16.0,15.0,5.912698199637793,1.5191942219999999,0.61804922,2.07710426,1.45905504,0.6845057927318244,0.5720000000000001,0.47,0.9,0.43000000000000005,0.16690116836020055,2.033333333333333,1.0,2.5,1.5,0.6091888960832355
Li3Sc2P3O12,-10.0,7,test,298.0,4,1.1058898790247633,0.6,0.1,0.6,0.0,0.0,0.0,0.0,0.15,0.0,0.0,0.0,0.0,0.0,0.0,0.0,0.0,0.0,0.0,0.0,0.0,0.0,0.1,0.0,0.0,0.0,0.0,0.0,0.0,0.0,0.0,0.0,0.0,0.0,0.0,0.0,0.0,0.0,0.0,0.0,0.0,0.0,0.0,0.0,0.0,0.0,0.15,0.0,0.0,0.0,0.0,0.0,0.0,0.0,0.0,0.0,0.6,0.0,2.6755,0.98,3.44,2.46,0.9951355435316337,19.782445499999998,6.941,44.955912,38.014911999999995,10.746136265914403,0.8875000000000001,0.6,1.6,1.0,0.3869350720728221,77.8,12.0,101.0,89.0,36.61229301750984,2.35,2.0,4.0,2.0,0.653834841531101,12.3,1.0,16.0,15.0,6.091797764207213,1.0993045599,0.17938023,1.461112979,1.281732749,0.46537016872329207,0.30600000000000005,0.0,0.9,0.9,0.38930900323521933,-0.5,-2.0,3.0,5.0,1.9017535767461216
Li6SiO4Cl2,-10.0,8,train,298.0,4,1.2047933096947843,0.46153846153846156,0.07692307692307693,0.46153846153846156,0.0,0.0,0.0,0.0,0.46153846153846156,0.0,0.0,0.0,0.0,0.0,0.0,0.0,0.0,0.0,0.0,0.0,0.0,0.0,0.0,0.0,0.0,0.0,0.0,0.0,0.0,0.0,0.0,0.0,0.0,0.0,0.0,0.0,0.07692307692307693,0.0,0.0,0.0,0.0,0.0,0.0,0.0,0.0,0.0,0.0,0.0,0.0,0.0,0.0,0.0,0.0,0.0,0.0,0.15384615384615385,0.3076923076923077,0.0,2.143076923076923,0.98,3.44,2.46,1.1425974768407465,15.74116153846154,6.941,35.453,28.512000000000004,10.356787629936113,1.0923076923076922,0.6,1.45,0.85,0.3673429302468837,58.384615384615394,12.0,101.0,89.0,43.12867770099945,2.230769230769231,2.0,3.0,1.0,0.4213250442347432,9.076923076923077,1.0,17.0,16.0,7.508574979638418,1.397516852,0.61804922,3.61272528,2.9946760599999998,1.018141492873083,0.5084615384615385,0.0,0.9,0.9,0.3937120414689309,0.3076923076923077,-2.0,3.0,5.0,1.7269187938956654
Li0.95Mg0.95In0.05PO4,-9.950781977,9,train,298.0,5,1.1764490593658352,0.5755395683453237,0.007194244604316547,0.5755395683453237,0.0,0.0,0.0,0.0,0.13669064748201437,0.0,0.0,0.0,0.0,0.0,0.0,0.0,0.0,0.0,0.0,0.0,0.13669064748201437,0.0,0.0,0.0,0.0,0.0,0.0,0.0,0.0,0.0,0.0,0.0,0.007194244604316547,0.0,0.0,0.0,0.0,0.0,0.0,0.0,0.0,0.0,0.0,0.0,0.0,0.0,0.14388489208633093,0.0,0.0,0.0,0.0,0.0,0.0,0.0,0.0,0.0,0.5755395683453237,0.0,2.6207913669064746,0.98,3.44,2.46,1.010391379933981,18.76200892086331,6.941,114.818,107.877,10.74846864437673,0.9035971223021582,0.6,1.55,0.9500000000000001,0.38317305892408987,83.2661870503597,12.0,101.0,89.0,29.938203869454842,2.302158273381295,2.0,5.0,3.0,0.5040080543348775,11.870503597122301,1.0,16.0,15.0,6.379863254182913,0.9781876381294963,-0.42,1.461112979,1.8811129789999999,0.655310397416514,0.32647482014388485,0.0,0.94,0.94,0.3938426507358449,-0.4796163069544364,-2.0,3.0,5.0,1.7944381198940706
Li3BN2,-9.79588001734407,10,train,298.0,3,1.0114042647073518,0.5,0.16666666666666666,0.3333333333333333,0.0,0.0,0.0,0.0,0.5,0.0,0.0,0.0,0.0,0.0,0.0,0.0,0.0,0.0,0.0,0.0,0.0,0.0,0.0,0.0,0.0,0.0,0.0,0.0,0.0,0.0,0.0,0.0,0.0,0.0,0.0,0.0,0.0,0.0,0.0,0.0,0.0,0.0,0.16666666666666666,0.0,0.0,0.0,0.0,0.0,0.0,0.0,0.0,0.0,0.0,0.0,0.3333333333333333,0.0,0.0,0.0,1.8433333333333333,0.98,3.04,2.06,0.9254488400530607,9.941233333333333,6.941,14.0067,7.0657000000000005,3.183727706461231,1.0833333333333335,0.65,1.45,0.7999999999999999,0.3726779962499649,53.66666666666666,12.0,100.0,88.0,41.92718555888159,2.0,2.0,2.0,0.0,0.0,7.666666666666666,1.0,15.0,14.0,6.69991708074726,0.33231181833333334,-0.07,0.61804922,0.6880492199999999,0.3086024259988758,0.6133333333333333,0.28500000000000003,0.9,0.615,0.28967894105179426,1.5555555555555556,1.0,3.0,2.0,0.7114582486036498
Li14Nd5(Si11N19O5)O2F2,-9.76955107862173,11,test,298.0,6,1.606600834921667,0.32758620689655177,0.03448275862068966,0.48275862068965525,0.0,0.0,0.0,0.0,0.24137931034482762,0.0,0.0,0.0,0.0,0.08620689655172416,0.0,0.0,0.0,0.0,0.0,0.0,0.0,0.0,0.0,0.0,0.0,0.0,0.0,0.0,0.0,0.0,0.0,0.0,0.0,0.0,0.0,0.0,0.18965517241379312,0.0,0.0,0.0,0.0,0.0,0.0,0.0,0.0,0.0,0.0,0.0,0.0,0.0,0.0,0.0,0.0,0.0,0.32758620689655177,0.0,0.12068965517241381,0.03448275862068966,2.2434482758620686,0.98,3.98,3.0,0.9986414076723021,26.61111045517241,6.941,144.242,137.301,36.800615130342194,1.0206896551724138,0.5,1.85,1.35,0.42507955470008085,70.06896551724137,12.0,102.0,90.0,37.93045454102107,2.5344827586206895,2.0,6.0,4.0,1.1328255373086349,10.586206896551724,1.0,17.0,16.0,6.3789375473550365,0.691811382086207,-0.07,3.401189824,3.4711898239999996,0.7992242444711369,0.530646551724138,0.0,1.2765,1.2765,0.37145942379026026,0.7701149425287355,-2.0,3.0,5.0,1.3606496315137142
(Li0.5Ce0.25Sm0.25)(MoO4),-9.74472749489669,12,train,298.0,5,1.0408500236214475,0.6666666666666666,0.041666666666666664,0.6666666666666666,0.0,0.0,0.0,0.0,0.08333333333333333,0.0,0.0,0.041666666666666664,0.0,0.0,0.041666666666666664,0.0,0.0,0.0,0.0,0.0,0.0,0.0,0.0,0.0,0.0,0.0,0.0,0.0,0.0,0.0,0.0,0.0,0.0,0.0,0.0,0.0,0.0,0.0,0.0,0.0,0.0,0.0,0.0,0.0,0.0,0.16666666666666666,0.0,0.0,0.0,0.0,0.0,0.0,0.0,0.0,0.0,0.0,0.6666666666666666,0.0,2.830416666666667,0.98,3.44,2.46,0.919100462257648,39.33785,6.941,150.36,143.419,43.83273633979707,0.9166666666666669,0.6,1.85,1.25,0.4588633299312068,80.16666666666669,12.0,101.0,89.0,31.368331517985176,2.8333333333333335,2.0,6.0,4.0,1.462494064565354,12.000000000000002,1.0,16.0,15.0,5.787918451395114,1.1818757655833334,0.162,1.461112979,1.299112979,0.4091431561215867,0.30037500000000006,0.0,1.229,1.229,0.43464245962438297,-0.1458333333333333,-2.0,5.0,7.0,2.789411402468668
LiF,-9.733717436,13,train,543.0,2,0.6931471805599453,0.5,0.5,0.5,0.0,0.0,0.0,0.0,0.5,0.0,0.0,0.0,0.0,0.0,0.0,0.0,0.0,0.0,0.0,0.0,0.0,0.0,0.0,0.0,0.0,0.0,0.0,0.0,0.0,0.0,0.0,0.0,0.0,0.0,0.0,0.0,0.0,0.0,0.0,0.0,0.0,0.0,0.0,0.0,0.0,0.0,0.0,0.0,0.0,0.0,0.0,0.0,0.0,0.0,0.0,0.0,0.0,0.5,2.48,0.98,3.98,3.0,1.5,12.969701599999999,6.941,18.9984032,12.0574032,6.0287016,0.975,0.5,1.45,0.95,0.475,57.0,12.0,102.0,90.0,45.0,2.0,2.0,2.0,0.0,0.0,9.0,1.0,17.0,16.0,8.0,2.009619522,0.61804922,3.401189824,2.7831406039999997,1.3915703019999999,0.56,0.22,0.9,0.68,0.34,0.0,-1.0,1.0,2.0,1.0
Li4SiO4,-9.698970004,14,train,298.0,3,0.9649629230074277,0.4444444444444444,0.1111111111111111,0.4444444444444444,0.0,0.0,0.0,0.0,0.4444444444444444,0.0,0.0,0.0,0.0,0.0,0.0,0.0,0.0,0.0,0.0,0.0,0.0,0.0,0.0,0.0,0.0,0.0,0.0,0.0,0.0,0.0,0.0,0.0,0.0,0.0,0.0,0.0,0.1111111111111111,0.0,0.0,0.0,0.0,0.0,0.0,0.0,0.0,0.0,0.0,0.0,0.0,0.0,0.0,0.0,0.0,0.0,0.0,0.0,0.4444444444444444,0.0,2.1755555555555555,0.98,3.44,2.46,1.163740245082506,13.316344444444443,6.941,28.0855,21.1445,6.745394901727171,1.0333333333333332,0.6,1.45,0.85,0.4013864859597432,59.666666666666664,12.0,101.0,89.0,42.90040144852312,2.111111111111111,2.0,3.0,1.0,0.3142696805273545,9.11111111111111,1.0,16.0,15.0,7.279261935181866,1.0784633417777776,0.61804922,1.461112979,0.843063759,0.412359696614209,0.45999999999999996,0.0,0.9,0.9,0.425205832509386,-0.4444444444444444,-2.0,1.0,3.0,1.4229164972072998
Li3BiO3,-9.61978875828839,15,train,298.0,3,1.0042424730540764,0.42857142857142855,0.14285714285714285,0.42857142857142855,0.0,0.0,0.0,0.0,0.42857142857142855,0.0,0.0,0.0,0.0,0.0,0.0,0.0,0.0,0.0,0.0,0.0,0.0,0.0,0.0,0.0,0.0,0.0,0.0,0.0,0.0,0.0,0.0,0.0,0.0,0.0,0.0,0.0,0.0,0.0,0.0,0.0,0.0,0.14285714285714285,0.0,0.0,0.0,0.0,0.0,0.0,0.0,0.0,0.0,0.0,0.0,0.0,0.0,0.0,0.42857142857142855,0.0,2.182857142857143,0.98,3.44,2.46,1.1406979603447591,39.68594285714286,6.941,208.9804,202.0394,69.24125938135971,1.107142857142857,0.6,1.6,1.0,0.441934522807372,60.857142857142854,12.0,101.0,89.0,42.55896270026384,2.571428571428571,2.0,6.0,4.0,1.3997084244475304,9.428571428571427,1.0,16.0,15.0,7.306692487168241,1.0256926752857143,0.61804922,1.461112979,0.843063759,0.39174263824778877,0.5335714285714285,0.0,1.035,1.035,0.46419449653377504,0.0,-2.0,3.0,5.0,1.8516401995451028
Li6NiCl8,-9.569675406,16,train,298.0,3,0.8823109245150755,0.5333333333333333,0.06666666666666667,0.5333333333333333,0.0,0.0,0.0,0.0,0.4,0.0,0.0,0.0,0.0,0.0,0.0,0.0,0.0,0.0,0.0,0.0,0.0,0.0,0.0,0.0,0.0,0.0,0.0,0.0,0.0,0.0,0.0,0.0,0.0,0.0,0.0,0.0,0.0,0.06666666666666667,0.0,0.0,0.0,0.0,0.0,0.0,0.0,0.0,0.0,0.0,0.0,0.0,0.0,0.0,0.0,0.0,0.0,0.5333333333333333,0.0,0.0,2.2046666666666668,0.98,3.16,2.18,1.0452104519611776,25.59756,6.941,58.6934,51.752399999999994,16.249667878156774,1.2033333333333334,1.0,1.45,0.44999999999999996,0.2186829262247563,62.06666666666666,12.0,99.0,87.0,41.614847777632875,2.666666666666667,2.0,4.0,2.0,0.5962847939999439,10.133333333333333,1.0,17.0,16.0,7.649546101276569,2.251150584,0.61804922,3.61272528,2.9946760599999998,1.4612783988730917,0.588,0.33499999999999996,0.9,0.5650000000000001,0.2731592941856455,2.1333333333333333,1.0,3.0,2.0,0.9568466729604883
LiCrSb(PO4)3,-9.447331784,17,test,303.0,5,1.0506652765928128,0.6666666666666666,0.05555555555555555,0.6666666666666666,0.0,0.0,0.0,0.0,0.05555555555555555,0.0,0.0,0.0,0.0,0.0,0.0,0.0,0.0,0.0,0.0,0.0,0.0,0.0,0.0,0.0,0.0,0.0,0.0,0.0,0.0,0.0,0.05555555555555555,0.0,0.0,0.0,0.0,0.0,0.0,0.0,0.0,0.0,0.0,0.0,0.0,0.05555555555555555,0.0,0.0,0.16666666666666666,0.0,0.0,0.0,0.0,0.0,0.0,0.0,0.0,0.0,0.6666666666666666,0.0,2.918888888888889,0.98,3.44,2.46,0.7800134535085411,25.86728811111111,6.941,121.76,114.819,25.257630532188564,0.8055555555555557,0.6,1.45,0.85,0.31661792997277793,91.05555555555556,12.0,101.0,89.0,21.869492251948255,2.4444444444444446,2.0,5.0,3.0,0.8314794192830981,14.388888888888891,1.0,16.0,15.0,3.960062974932608,1.2285867643333335,0.61804922,1.461112979,0.843063759,0.3380289583799947,0.24000000000000002,0.0,0.94,0.94,0.3538047170089424,-0.6574074074074074,-2.0,4.5,6.5,2.008064160709358
Li3BiO4,-9.38721614328026,18,train,298.0,3,0.9743147528693494,0.5,0.125,0.5,0.0,0.0,0.0,0.0,0.375,0.0,0.0,0.0,0.0,0.0,0.0,0.0,0.0,0.0,0.0,0.0,0.0,0.0,0.0,0.0,0.0,0.0,0.0,0.0,0.0,0.0,0.0,0.0,0.0,0.0,0.0,0.0,0.0,0.0,0.0,0.0,0.0,0.125,0.0,0.0,0.0,0.0,0.0,0.0,0.0,0.0,0.0,0.0,0.0,0.0,0.0,0.0,0.5,0.0,2.34,0.98,3.44,2.46,1.1451637437502113,36.725125,6.941,208.9804,202.0394,65.24126836067317,1.04375,0.6,1.6,1.0,0.4461204293685731,65.875,12.0,101.0,89.0,41.96557368844134,2.5,2.0,6.0,4.0,1.3228756555322954,10.25,1.0,16.0,15.0,7.171994143890526,1.0801202132499998,0.61804922,1.461112979,0.843063759,0.393720720836035,0.46687500000000004,0.0,1.035,1.035,0.4687012474647363,-0.25,-2.0,3.0,5.0,1.8540496217739157
Sm0.25Li0.25TaO3,-9.36451625318509,19,train,298.0,4,0.9257019111219666,0.6666666666666666,0.05555555555555555,0.6666666666666666,0.0,0.0,0.0,0.0,0.05555555555555555,0.0,0.0,0.0,0.0,0.0,0.05555555555555555,0.0,0.0,0.0,0.0,0.0,0.0,0.0,0.0,0.2222222222222222,0.0,0.0,0.0,0.0,0.0,0.0,0.0,0.0,0.0,0.0,0.0,0.0,0.0,0.0,0.0,0.0,0.0,0.0,0.0,0.0,0.0,0.0,0.0,0.0,0.0,0.0,0.0,0.0,0.0,0.0,0.0,0.0,0.6666666666666666,0.0,2.746111111111111,0.98,3.44,2.46,0.9886081062050427,59.615851111111105,6.941,180.94788,174.00688,71.77268248693176,0.9055555555555554,0.6,1.85,1.25,0.4406084457532967,81.11111111111111,12.0,101.0,89.0,29.56516134628896,3.1111111111111107,2.0,6.0,4.0,1.7916128329552332,11.999999999999998,1.0,16.0,15.0,5.725188012439223,1.090491216,0.162,1.461112979,1.299112979,0.5298823978895683,0.3005,0.0,1.229,1.229,0.4336304430169901,2.220446049250313e-16,-2.0,5.0,7.0,2.9627314724385294
LiMgPO4,-9.329754147,20,train,363.0,4,1.15374194270109,0.5714285714285714,0.14285714285714285,0.5714285714285714,0.0,0.0,0.0,0.0,0.14285714285714285,0.0,0.0,0.0,0.0,0.0,0.0,0.0,0.0,0.0,0.0,0.0,0.14285714285714285,0.0,0.0,0.0,0.0,0.0,0.0,0.0,0.0,0.0,0.0,0.0,0.0,0.0,0.0,0.0,0.0,0.0,0.0,0.0,0.0,0.0,0.0,0.0,0.0,0.0,0.14285714285714285,0.0,0.0,0.0,0.0,0.0,0.0,0.0,0.0,0.0,0.5714285714285714,0.0,2.6057142857142854,0.98,3.44,2.46,1.01971784813051,18.031051714285713,6.941,30.973762,24.032762,7.0343631898795165,0.907142857142857,0.6,1.5,0.9,0.38399085873473177,82.71428571428571,12.0,101.0,89.0,30.43829489177026,2.2857142857142856,2.0,3.0,1.0,0.45175395145262565,11.714285714285714,1.0,16.0,15.0,6.474439539214091,0.9698728922857142,-0.42,1.461112979,1.8811129789999999,0.6623163422793437,0.32999999999999996,0.0,0.9,0.9,0.39457029067799093,-0.4761904761904761,-2.0,2.0,4.0,1.7804684853180874
Li5AlO4,-9.30102999566398,21,test,298.0,3,0.9433483923290392,0.5,0.1,0.4,0.0,0.0,0.0,0.0,0.5,0.0,0.0,0.0,0.0,0.0,0.0,0.0,0.0,0.0,0.0,0.0,0.0,0.0,0.0,0.0,0.0,0.0,0.0,0.1,0.0,0.0,0.0,0.0,0.0,0.0,0.0,0.0,0.0,0.0,0.0,0.0,0.0,0.0,0.0,0.0,0.0,0.0,0.0,0.0,0.0,0.0,0.0,0.0,0.0,0.0,0.0,0.0,0.4,0.0,2.027,0.98,3.44,2.46,1.1679559067019611,12.56841386,6.941,26.9815386,20.0405386,6.427781593216193,1.0899999999999999,0.6,1.45,0.85,0.40422765862815474,54.400000000000006,12.0,101.0,89.0,42.81401639650267,2.1,2.0,3.0,1.0,0.3,8.200000000000001,1.0,16.0,15.0,7.249827584156743,0.9367533015999999,0.432835,1.461112979,1.0282779789999998,0.43146348605207074,0.5175000000000001,0.0,0.9,0.9,0.4275,0.0,-2.0,3.0,5.0,1.7320508075688772
Li0.9Mg0.9In0.1PO4,-9.300162274,22,train,298.0,5,1.188728656966102,0.5797101449275363,0.014492753623188406,0.5797101449275363,0.0,0.0,0.0,0.0,0.13043478260869565,0.0,0.0,0.0,0.0,0.0,0.0,0.0,0.0,0.0,0.0,0.0,0.13043478260869565,0.0,0.0,0.0,0.0,0.0,0.0,0.0,0.0,0.0,0.0,0.0,0.014492753623188406,0.0,0.0,0.0,0.0,0.0,0.0,0.0,0.0,0.0,0.0,0.0,0.0,0.0,0.14492753623188406,0.0,0.0,0.0,0.0,0.0,0.0,0.0,0.0,0.0,0.5797101449275363,0.0,2.6360869565217393,0.98,3.44,2.46,1.0006088253778649,19.503559710144927,6.941,114.818,107.877,13.470046728769121,0.8999999999999999,0.6,1.55,0.9500000000000001,0.38230801755895083,83.82608695652175,12.0,101.0,89.0,29.411600058844538,2.318840579710145,2.0,5.0,3.0,0.5514868866794332,12.028985507246379,1.0,16.0,15.0,6.278491036502492,0.9866228875362318,-0.42,1.461112979,1.8811129789999999,0.6480165279414669,0.3228985507246377,0.0,0.94,0.94,0.39307078482374846,-0.4830917874396136,-2.0,3.0,5.0,1.8084933203646976
Li6Zr2O7,-9.2839966563652,23,train,298.0,3,0.9908353864438493,0.4666666666666667,0.13333333333333333,0.4666666666666667,0.0,0.0,0.0,0.0,0.4,0.0,0.0,0.0,0.0,0.0,0.0,0.0,0.0,0.0,0.0,0.0,0.0,0.13333333333333333,0.0,0.0,0.0,0.0,0.0,0.0,0.0,0.0,0.0,0.0,0.0,0.0,0.0,0.0,0.0,0.0,0.0,0.0,0.0,0.0,0.0,0.0,0.0,0.0,0.0,0.0,0.0,0.0,0.0,0.0,0.0,0.0,0.0,0.0,0.4666666666666667,0.0,2.1746666666666665,0.98,3.44,2.46,1.1887745324025447,22.405986666666667,6.941,91.224,84.283,27.318056620627726,1.0666666666666664,0.6,1.55,0.9500000000000001,0.43767060165786276,58.46666666666667,12.0,101.0,89.0,41.47106086042277,2.4,2.0,5.0,3.0,1.019803902718557,8.4,1.0,16.0,15.0,7.172168430816443,0.9868442782,0.433289,1.461112979,1.0278239789999999,0.44746852892482814,0.4746666666666667,0.0,0.9,0.9,0.4441901494730482,0.0,-2.0,4.0,6.0,2.0976176963403033
Li3Fe(MoO4)3,-9.229824822,24,train,298.0,4,1.0280940565630372,0.631578947368421,0.05263157894736842,0.631578947368421,0.0,0.0,0.0,0.0,0.15789473684210525,0.0,0.0,0.0,0.0,0.0,0.0,0.0,0.0,0.0,0.0,0.0,0.0,0.0,0.0,0.0,0.0,0.0,0.0,0.0,0.0,0.0,0.0,0.0,0.0,0.0,0.05263157894736842,0.0,0.0,0.0,0.0,0.0,0.0,0.0,0.0,0.0,0.0,0.15789473684210525,0.0,0.0,0.0,0.0,0.0,0.0,0.0,0.0,0.0,0.0,0.631578947368421,0.0,2.764736842105263,0.98,3.44,2.46,0.9458628387325991,29.288463157894736,6.941,95.94,88.999,30.478594268803256,0.9105263157894736,0.6,1.45,0.85,0.406713059128145,77.73684210526315,12.0,101.0,89.0,33.36850406763706,2.5789473684210527,2.0,5.0,3.0,1.138595139620207,11.631578947368421,1.0,16.0,15.0,5.966666408744585,1.1464449346315788,0.15323635,1.461112979,1.307876629,0.42860604252208967,0.30934210526315786,0.0,0.9,0.9,0.4065563356001484,-0.18421052631578938,-2.0,5.0,7.0,2.6318420921065786
Li2ZrO3,-9.21467016498923,25,train,298.0,3,1.0114042647073516,0.5,0.16666666666666666,0.5,0.0,0.0,0.0,0.0,0.3333333333333333,0.0,0.0,0.0,0.0,0.0,0.0,0.0,0.0,0.0,0.0,0.0,0.0,0.16666666666666666,0.0,0.0,0.0,0.0,0.0,0.0,0.0,0.0,0.0,0.0,0.0,0.0,0.0,0.0,0.0,0.0,0.0,0.0,0.0,0.0,0.0,0.0,0.0,0.0,0.0,0.0,0.0,0.0,0.0,0.0,0.0,0.0,0.0,0.0,0.5,0.0,2.268333333333334,0.98,3.44,2.46,1.1774607801913781,25.51736666666667,6.941,91.224,84.283,29.662826145062816,1.0416666666666667,0.6,1.55,0.9500000000000001,0.44292274219727706,62.66666666666667,12.0,101.0,89.0,40.2685430026411,2.5000000000000004,2.0,5.0,3.0,1.118033988749895,9.000000000000002,1.0,16.0,15.0,7.0710678118654755,1.0087877295,0.433289,1.461112979,1.0278239789999999,0.45649869427969325,0.44333333333333336,0.0,0.9,0.9,0.4435337892677651,-1.1102230246251568e-16,-2.0,4.0,6.0,2.23606797749979
(La0.9Sr0.1)LiO2,-9.20134935455473,26,train,298.0,4,1.12099151418778,0.5,0.025,0.5,0.0,0.0,0.0,0.025,0.25,0.0,0.225,0.0,0.0,0.0,0.0,0.0,0.0,0.0,0.0,0.0,0.0,0.0,0.0,0.0,0.0,0.0,0.0,0.0,0.0,0.0,0.0,0.0,0.0,0.0,0.0,0.0,0.0,0.0,0.0,0.0,0.0,0.0,0.0,0.0,0.0,0.0,0.0,0.0,0.0,0.0,0.0,0.0,0.0,0.0,0.0,0.0,0.5,0.0,2.23625,0.95,3.44,2.49,1.2045324559761768,43.17918075,6.941,138.90547,131.96447,52.998480065668225,1.15125,0.6,2.0,1.4,0.5794919650003786,61.3,12.0,101.0,89.0,40.36657032743802,2.975,2.0,6.0,4.0,1.6953981833185974,8.975000000000001,1.0,16.0,15.0,7.058638324776245,1.0118183395,0.052066,1.461112979,1.409046979,0.4573359760639775,0.5217,0.0,1.32,1.32,0.5319262260877912,-0.024999999999999953,-2.0,3.0,5.0,2.091500657422799
(Li0.61Mg0.39)(Li0.46Mg0.005Ti0.035)Ti1.5O4,-9.18309616062434,27,train,298.0,4,1.1018440240296485,0.5714285714285714,0.05642857142857143,0.5714285714285714,0.0,0.0,0.0,0.0,0.15285714285714286,0.0,0.0,0.0,0.0,0.0,0.0,0.0,0.0,0.0,0.0,0.0,0.05642857142857143,0.0,0.0,0.0,0.21928571428571428,0.0,0.0,0.0,0.0,0.0,0.0,0.0,0.0,0.0,0.0,0.0,0.0,0.0,0.0,0.0,0.0,0.0,0.0,0.0,0.0,0.0,0.0,0.0,0.0,0.0,0.0,0.0,0.0,0.0,0.0,0.0,0.5714285714285714,0.0,2.527135714285714,0.98,3.44,2.46,1.067399314159114,22.071541428571425,6.941,47.867,40.925999999999995,14.221765694917801,0.956142857142857,0.6,1.5,0.9,0.41188778935580034,74.85142857142857,12.0,101.0,89.0,33.45874962592912,2.495,2.0,4.0,2.0,0.8297869778270979,10.285714285714285,1.0,16.0,15.0,6.6616018175443505,0.9222608794857141,-0.42,1.461112979,1.8811129789999999,0.6625287848205584,0.3728583333333333,0.0,0.9,0.9,0.4307915593752601,1.1102230246251565e-16,-2.0,4.0,6.0,2.484523524311481
La(Li0.76Mg0.08)O2,-9.13846558914096,28,train,298.0,4,1.091393182526226,0.5208333333333334,0.020833333333333336,0.5208333333333334,0.0,0.0,0.0,0.0,0.19791666666666669,0.0,0.2604166666666667,0.0,0.0,0.0,0.0,0.0,0.0,0.0,0.0,0.0,0.020833333333333336,0.0,0.0,0.0,0.0,0.0,0.0,0.0,0.0,0.0,0.0,0.0,0.0,0.0,0.0,0.0,0.0,0.0,0.0,0.0,0.0,0.0,0.0,0.0,0.0,0.0,0.0,0.0,0.0,0.0,0.0,0.0,0.0,0.0,0.0,0.0,0.5208333333333334,0.0,2.2993750000000004,0.98,3.44,2.46,1.1904383055727836,46.38641406250001,6.941,138.90547,131.96447,55.02849401915599,1.1385416666666668,0.6,1.95,1.35,0.5869003662722962,65.09375,12.0,101.0,89.0,38.71613523589573,3.0625,2.0,6.0,4.0,1.748883572454153,9.354166666666668,1.0,16.0,15.0,6.96117082864338,1.0197629076041668,-0.42,1.461112979,1.8811129789999999,0.48188583218860565,0.5012500000000001,0.0,1.172,1.172,0.5311999976468373,-0.02083333333333326,-2.0,3.0,5.0,2.1697694129919785
Li2MgBr4,-9.10790539730952,29,test,298.0,3,0.9556998911125343,0.5714285714285714,0.14285714285714285,0.5714285714285714,0.0,0.0,0.0,0.0,0.2857142857142857,0.0,0.0,0.0,0.0,0.0,0.0,0.0,0.0,0.0,0.0,0.0,0.14285714285714285,0.0,0.0,0.0,0.0,0.0,0.0,0.0,0.0,0.0,0.0,0.0,0.0,0.0,0.0,0.0,0.0,0.0,0.0,0.0,0.0,0.0,0.0,0.0,0.0,0.0,0.0,0.0,0.0,0.0,0.0,0.0,0.0,0.5714285714285714,0.0,0.0,0.0,0.0,2.1585714285714284,0.98,2.96,1.98,0.9309968324547706,51.114714285714285,6.941,79.904,72.963,33.67213077272524,1.2857142857142854,1.15,1.5,0.3500000000000001,0.1574671977503472,69.85714285714286,12.0,98.0,86.0,37.55540125288646,3.285714285714285,2.0,4.0,2.0,0.8806305718527109,10.285714285714286,1.0,17.0,16.0,7.759128922285868,2.0386359485714283,-0.42,3.3635883,3.7835883,1.5631021796697688,0.7057142857142856,0.57,0.9,0.33000000000000007,0.15719479661118768,1.714285714285714,1.0,2.0,1.0,0.45175395145262565
Li6PO5Cl,-9.0,30,train,298.0,4,1.1189688668816267,0.46153846153846156,0.07692307692307693,0.46153846153846156,0.0,0.0,0.0,0.0,0.46153846153846156,0.0,0.0,0.0,0.0,0.0,0.0,0.0,0.0,0.0,0.0,0.0,0.0,0.0,0.0,0.0,0.0,0.0,0.0,0.0,0.0,0.0,0.0,0.0,0.0,0.0,0.0,0.0,0.0,0.0,0.0,0.0,0.0,0.0,0.0,0.0,0.0,0.0,0.07692307692307693,0.0,0.0,0.0,0.0,0.0,0.0,0.0,0.0,0.07692307692307693,0.38461538461538464,0.0,2.186923076923077,0.98,3.44,2.46,1.1614936313304958,14.46690476923077,6.941,35.453,28.512000000000004,9.048887277138846,1.0538461538461539,0.6,1.45,0.85,0.39000075860948824,58.92307692307692,12.0,101.0,89.0,43.53152975534212,2.153846153846154,2.0,3.0,1.0,0.36080121229410994,9.076923076923077,1.0,17.0,16.0,7.488057553007974,1.1825534311538464,0.61804922,3.61272528,2.9946760599999998,0.8036335656070757,0.4834615384615385,0.0,0.9,0.9,0.4147445210626408,0.05128205128205124,-2.0,3.0,5.0,1.7039228436755025
Li3SbS3,-9.0,31,train,298.0,3,1.0042424730540764,0.42857142857142855,0.14285714285714285,0.42857142857142855,0.0,0.0,0.0,0.0,0.42857142857142855,0.0,0.0,0.0,0.0,0.0,0.0,0.0,0.0,0.0,0.0,0.0,0.0,0.0,0.0,0.0,0.0,0.0,0.0,0.0,0.0,0.0,0.0,0.0,0.0,0.0,0.0,0.0,0.0,0.0,0.0,0.0,0.0,0.0,0.0,0.14285714285714285,0.0,0.0,0.0,0.0,0.0,0.0,0.0,0.42857142857142855,0.0,0.0,0.0,0.0,0.0,0.0,1.8185714285714285,0.98,2.58,1.6,0.746657859520459,34.11114285714285,6.941,121.76,114.819,37.62509088523839,1.257142857142857,1.0,1.45,0.44999999999999996,0.22269224668742707,58.0,12.0,94.0,82.0,39.88555055226319,2.8571428571428568,2.0,5.0,3.0,0.989743318610787,9.428571428571429,1.0,16.0,15.0,7.306692487168241,1.3046945185714285,0.61804922,2.07710426,1.45905504,0.683530287868939,0.7057142857142856,0.47,0.9,0.43000000000000005,0.20541645106307077,1.7380952380952381,1.0,2.5,1.5,0.694977119967925
(Li0.5Ce0.25Pr0.25)(MoO4),-9.0,32,train,298.0,5,1.0408500236214475,0.6666666666666666,0.041666666666666664,0.6666666666666666,0.0,0.0,0.0,0.0,0.08333333333333333,0.0,0.0,0.041666666666666664,0.041666666666666664,0.0,0.0,0.0,0.0,0.0,0.0,0.0,0.0,0.0,0.0,0.0,0.0,0.0,0.0,0.0,0.0,0.0,0.0,0.0,0.0,0.0,0.0,0.0,0.0,0.0,0.0,0.0,0.0,0.0,0.0,0.0,0.0,0.16666666666666666,0.0,0.0,0.0,0.0,0.0,0.0,0.0,0.0,0.0,0.0,0.6666666666666666,0.0,2.82875,0.98,3.44,2.46,0.9221411339016026,38.94400208333334,6.941,140.90765,133.96665,42.86519289872728,0.9166666666666669,0.6,1.85,1.25,0.4588633299312068,80.29166666666669,12.0,101.0,89.0,31.165524711699554,2.8333333333333335,2.0,6.0,4.0,1.462494064565354,12.000000000000002,1.0,16.0,15.0,5.787918451395114,1.1796772072500001,0.1092346,1.461112979,1.351878379,0.4147213631814083,0.2933333333333334,0.0,1.08,1.08,0.42068561763969176,-0.1458333333333333,-2.0,5.0,7.0,2.789411402468668
LiF,-8.970616222,33,train,594.0,2,0.6931471805599453,0.5,0.5,0.5,0.0,0.0,0.0,0.0,0.5,0.0,0.0,0.0,0.0,0.0,0.0,0.0,0.0,0.0,0.0,0.0,0.0,0.0,0.0,0.0,0.0,0.0,0.0,0.0,0.0,0.0,0.0,0.0,0.0,0.0,0.0,0.0,0.0,0.0,0.0,0.0,0.0,0.0,0.0,0.0,0.0,0.0,0.0,0.0,0.0,0.0,0.0,0.0,0.0,0.0,0.0,0.0,0.0,0.5,2.48,0.98,3.98,3.0,1.5,12.969701599999999,6.941,18.9984032,12.0574032,6.0287016,0.975,0.5,1.45,0.95,0.475,57.0,12.0,102.0,90.0,45.0,2.0,2.0,2.0,0.0,0.0,9.0,1.0,17.0,16.0,8.0,2.009619522,0.61804922,3.401189824,2.7831406039999997,1.3915703019999999,0.56,0.22,0.9,0.68,0.34,0.0,-1.0,1.0,2.0,1.0
LiFePO4,-8.958607315,34,train,303.0,4,1.15374194270109,0.5714285714285714,0.14285714285714285,0.5714285714285714,0.0,0.0,0.0,0.0,0.14285714285714285,0.0,0.0,0.0,0.0,0.0,0.0,0.0,0.0,0.0,0.0,0.0,0.0,0.0,0.0,0.0,0.0,0.0,0.0,0.0,0.0,0.0,0.0,0.0,0.0,0.0,0.14285714285714285,0.0,0.0,0.0,0.0,0.0,0.0,0.0,0.0,0.0,0.0,0.0,0.14285714285714285,0.0,0.0,0.0,0.0,0.0,0.0,0.0,0.0,0.0,0.5714285714285714,0.0,2.6799999999999997,0.98,3.44,2.46,0.938311553498395,22.536766,6.941,55.845,48.903999999999996,15.093981239938708,0.8928571428571428,0.6,1.45,0.85,0.3629527433117857,81.0,12.0,101.0,89.0,31.263854071892215,2.4285714285714284,2.0,4.0,2.0,0.7284313590846836,12.57142857142857,1.0,16.0,15.0,5.447335989982177,1.0517637994285713,0.15323635,1.461112979,1.307876629,0.501262164302555,0.3289285714285714,0.0,0.9,0.9,0.39313723781283055,-0.4047619047619047,-2.0,2.5,4.5,1.8853174185551576
Li0.85Mg0.85In0.15PO4,-8.899629455,35,train,298.0,5,1.1966096352521685,0.5839416058394161,0.021897810218978103,0.5839416058394161,0.0,0.0,0.0,0.0,0.12408759124087591,0.0,0.0,0.0,0.0,0.0,0.0,0.0,0.0,0.0,0.0,0.0,0.12408759124087591,0.0,0.0,0.0,0.0,0.0,0.0,0.0,0.0,0.0,0.0,0.0,0.021897810218978103,0.0,0.0,0.0,0.0,0.0,0.0,0.0,0.0,0.0,0.0,0.0,0.0,0.0,0.14598540145985403,0.0,0.0,0.0,0.0,0.0,0.0,0.0,0.0,0.0,0.5839416058394161,0.0,2.6516058394160584,0.98,3.44,2.46,0.9903433258378604,20.255936058394163,6.941,114.818,107.877,15.72237169011523,0.8963503649635037,0.6,1.55,0.9500000000000001,0.3813936715768169,84.39416058394161,12.0,101.0,89.0,28.85639188745769,2.3357664233576645,2.0,5.0,3.0,0.5953269636234652,12.189781021897812,1.0,16.0,15.0,6.169779002910016,0.995181279270073,-0.42,1.461112979,1.8811129789999999,0.6404177603094838,0.3192700729927007,0.0,0.94,0.94,0.3922527768278916,-0.4866180048661801,-2.0,3.0,5.0,1.8226361658126
(Li2O)16.6(SiO2)83.4,-8.887183074,36,train,298.0,3,0.9003254008126582,0.6113333333333334,0.11066666666666668,0.6113333333333334,0.0,0.0,0.0,0.0,0.11066666666666668,0.0,0.0,0.0,0.0,0.0,0.0,0.0,0.0,0.0,0.0,0.0,0.0,0.0,0.0,0.0,0.0,0.0,0.0,0.0,0.0,0.0,0.0,0.0,0.0,0.0,0.0,0.0,0.278,0.0,0.0,0.0,0.0,0.0,0.0,0.0,0.0,0.0,0.0,0.0,0.0,0.0,0.0,0.0,0.0,0.0,0.0,0.0,0.6113333333333334,0.0,2.73964,0.98,3.44,2.46,0.9157025010340423,18.35687286666667,6.941,28.0855,21.1445,6.643158284326599,0.8330666666666667,0.6,1.45,0.85,0.308442207804891,86.70266666666669,12.0,101.0,89.0,27.2643526646466,2.2780000000000005,2.0,3.0,1.0,0.44801339265696066,13.784000000000002,1.0,16.0,15.0,4.593619923328442,1.3479114306820001,0.61804922,1.461112979,0.843063759,0.2593594331371296,0.24972000000000005,0.0,0.9,0.9,0.3291575938665247,-1.112,-2.0,1.0,3.0,1.1486757592985064
(Li2O)50(P2O5)50,-8.879426069,37,test,298.0,3,0.9502705392332347,0.6,0.2,0.6,0.0,0.0,0.0,0.0,0.2,0.0,0.0,0.0,0.0,0.0,0.0,0.0,0.0,0.0,0.0,0.0,0.0,0.0,0.0,0.0,0.0,0.0,0.0,0.0,0.0,0.0,0.0,0.0,0.0,0.0,0.0,0.0,0.0,0.0,0.0,0.0,0.0,0.0,0.0,0.0,0.0,0.0,0.2,0.0,0.0,0.0,0.0,0.0,0.0,0.0,0.0,0.0,0.6,0.0,2.6980000000000004,0.98,3.44,2.46,0.9860304254940615,17.182592399999997,6.941,30.973762,24.032762,7.7367487562923385,0.8499999999999999,0.6,1.45,0.85,0.33763886032268264,81.0,12.0,101.0,89.0,34.762048271067115,2.2,2.0,3.0,1.0,0.4,12.799999999999999,1.0,16.0,15.0,5.912698199637794,1.1495994534,0.61804922,1.461112979,0.843063759,0.38368447907009995,0.29000000000000004,0.0,0.9,0.9,0.37202150475476553,-0.6666666666666666,-2.0,1.6666666666666667,3.666666666666667,1.6465452046971292
Li5AlS4,-8.85387196432176,38,train,298.0,3,0.9433483923290392,0.5,0.1,0.4,0.0,0.0,0.0,0.0,0.5,0.0,0.0,0.0,0.0,0.0,0.0,0.0,0.0,0.0,0.0,0.0,0.0,0.0,0.0,0.0,0.0,0.0,0.0,0.1,0.0,0.0,0.0,0.0,0.0,0.0,0.0,0.0,0.0,0.0,0.0,0.0,0.0,0.0,0.0,0.0,0.0,0.0,0.0,0.0,0.0,0.0,0.0,0.4,0.0,0.0,0.0,0.0,0.0,0.0,1.683,0.98,2.58,1.6,0.7546396491041272,18.99465386,6.941,32.065,25.124,12.139106135177997,1.25,1.0,1.45,0.44999999999999996,0.21213203435596423,51.6,12.0,94.0,82.0,39.797487357872235,2.5,2.0,3.0,1.0,0.5,8.200000000000001,1.0,16.0,15.0,7.249827584156743,1.183149814,0.432835,2.07710426,1.64426926,0.7318663766628637,0.7055,0.47,0.9,0.43000000000000005,0.20295873964922037,1.8,1.0,3.0,2.0,0.812403840463596
Li0.83Mg0.83In0.17PO4,-8.850780887,39,test,298.0,5,1.1988301374841241,0.5856515373352855,0.024890190336749635,0.5856515373352855,0.0,0.0,0.0,0.0,0.12152269399707173,0.0,0.0,0.0,0.0,0.0,0.0,0.0,0.0,0.0,0.0,0.0,0.12152269399707173,0.0,0.0,0.0,0.0,0.0,0.0,0.0,0.0,0.0,0.0,0.0,0.024890190336749635,0.0,0.0,0.0,0.0,0.0,0.0,0.0,0.0,0.0,0.0,0.0,0.0,0.0,0.14641288433382138,0.0,0.0,0.0,0.0,0.0,0.0,0.0,0.0,0.0,0.5856515373352855,0.0,2.6578770131771594,0.98,3.44,2.46,0.9860954411895718,20.5599710102489,6.941,114.818,107.877,16.536071484178283,0.8948755490483162,0.6,1.55,0.9500000000000001,0.3810136446327014,84.62371888726209,12.0,101.0,89.0,28.625779976945115,2.342606149341142,2.0,5.0,3.0,0.6120198671573293,12.254758418740849,1.0,16.0,15.0,6.124103548123531,0.9986397216105417,-0.42,1.461112979,1.8811129789999999,0.6372887934711298,0.31780380673499264,0.0,0.94,0.94,0.3919122053918999,-0.4880429477794046,-2.0,3.0,5.0,1.8283183174608502
(Li0.74Mg0.26)(Li0.40Mg0.04Ti1.56)O4,-8.82102305270683,40,train,298.0,4,1.0849004771277508,0.5714285714285714,0.04285714285714286,0.5714285714285714,0.0,0.0,0.0,0.0,0.16285714285714287,0.0,0.0,0.0,0.0,0.0,0.0,0.0,0.0,0.0,0.0,0.0,0.04285714285714286,0.0,0.0,0.0,0.22285714285714286,0.0,0.0,0.0,0.0,0.0,0.0,0.0,0.0,0.0,0.0,0.0,0.0,0.0,0.0,0.0,0.0,0.0,0.0,0.0,0.0,0.0,0.0,0.0,0.0,0.0,0.0,0.0,0.0,0.0,0.0,0.0,0.5714285714285714,0.0,2.5246571428571425,0.98,3.44,2.46,1.0708158556608574,21.982051428571427,6.941,47.867,40.925999999999995,14.382235357062077,0.9552857142857143,0.6,1.5,0.9,0.4108274626672767,74.16285714285713,12.0,101.0,89.0,34.06614226735384,2.4885714285714284,2.0,4.0,2.0,0.8340165906439677,10.282857142857143,1.0,16.0,15.0,6.666975571074647,0.9344111752571427,-0.42,1.461112979,1.8811129789999999,0.6463988759228807,0.37322857142857147,0.0,0.9,0.9,0.43122870425581555,-0.0028571428571427804,-2.0,4.0,6.0,2.4871079836727996
LiSn2(PO4)3,-8.698970004,41,train,298.0,4,0.9736489231972634,0.6666666666666666,0.05555555555555555,0.6666666666666666,0.0,0.0,0.0,0.0,0.05555555555555555,0.0,0.0,0.0,0.0,0.0,0.0,0.0,0.0,0.0,0.0,0.0,0.0,0.0,0.0,0.0,0.0,0.0,0.0,0.0,0.0,0.0,0.0,0.0,0.0,0.0,0.0,0.0,0.0,0.0,0.0,0.1111111111111111,0.0,0.0,0.0,0.0,0.0,0.0,0.16666666666666666,0.0,0.0,0.0,0.0,0.0,0.0,0.0,0.0,0.0,0.6666666666666666,0.0,2.930555555555555,0.98,3.44,2.46,0.7618797821632596,29.40417144444444,6.941,118.71,111.76899999999999,32.16217733145639,0.8083333333333332,0.6,1.45,0.85,0.32199465143936096,92.22222222222223,12.0,101.0,89.0,20.473710936373326,2.5,2.0,5.0,3.0,0.9574271077563381,14.777777777777777,1.0,16.0,15.0,3.408413700039548,1.2564095943333333,0.61804922,1.461112979,0.843063759,0.3101704727367584,0.23388888888888887,0.0,0.9,0.9,0.34242823885513896,-0.9259259259259258,-2.0,1.6666666666666667,3.666666666666667,1.5418265404813813
LiVO3,-8.68824613894425,42,train,298.0,3,0.9502705392332347,0.6,0.2,0.6,0.0,0.0,0.0,0.0,0.2,0.0,0.0,0.0,0.0,0.0,0.0,0.0,0.0,0.0,0.0,0.0,0.0,0.0,0.0,0.0,0.0,0.0,0.0,0.0,0.2,0.0,0.0,0.0,0.0,0.0,0.0,0.0,0.0,0.0,0.0,0.0,0.0,0.0,0.0,0.0,0.0,0.0,0.0,0.0,0.0,0.0,0.0,0.0,0.0,0.0,0.0,0.0,0.6,0.0,2.5860000000000003,0.98,3.44,2.46,1.0659380845058497,21.176139999999997,6.941,50.9415,44.000499999999995,15.290596965664879,0.9199999999999999,0.6,1.45,0.85,0.39319206502675,73.8,12.0,101.0,89.0,35.863072930244,2.4000000000000004,2.0,4.0,2.0,0.8,10.799999999999999,1.0,16.0,15.0,6.49307323229917,1.1058100314,0.527662,1.461112979,0.933450979,0.43609318019639487,0.3355,0.0,0.9,0.9,0.41272387864042953,0.0,-2.0,5.0,7.0,2.756809750418044
LiF,-8.576754126,43,train,624.0,2,0.6931471805599453,0.5,0.5,0.5,0.0,0.0,0.0,0.0,0.5,0.0,0.0,0.0,0.0,0.0,0.0,0.0,0.0,0.0,0.0,0.0,0.0,0.0,0.0,0.0,0.0,0.0,0.0,0.0,0.0,0.0,0.0,0.0,0.0,0.0,0.0,0.0,0.0,0.0,0.0,0.0,0.0,0.0,0.0,0.0,0.0,0.0,0.0,0.0,0.0,0.0,0.0,0.0,0.0,0.0,0.0,0.0,0.0,0.5,2.48,0.98,3.98,3.0,1.5,12.969701599999999,6.941,18.9984032,12.0574032,6.0287016,0.975,0.5,1.45,0.95,0.475,57.0,12.0,102.0,90.0,45.0,2.0,2.0,2.0,0.0,0.0,9.0,1.0,17.0,16.0,8.0,2.009619522,0.61804922,3.401189824,2.7831406039999997,1.3915703019999999,0.56,0.22,0.9,0.68,0.34,0.0,-1.0,1.0,2.0,1.0
(Li2O)50(Al2O3)2(P2O5)48,-8.500312917,44,train,298.0,4,0.9876524974827443,0.5967741935483871,0.008064516129032258,0.5967741935483871,0.0,0.0,0.0,0.0,0.20161290322580644,0.0,0.0,0.0,0.0,0.0,0.0,0.0,0.0,0.0,0.0,0.0,0.0,0.0,0.0,0.0,0.0,0.0,0.0,0.008064516129032258,0.0,0.0,0.0,0.0,0.0,0.0,0.0,0.0,0.0,0.0,0.0,0.0,0.0,0.0,0.0,0.0,0.0,0.0,0.1935483870967742,0.0,0.0,0.0,0.0,0.0,0.0,0.0,0.0,0.0,0.5967741935483871,0.0,2.687338709677419,0.98,3.44,2.46,0.9914677201575773,17.159938924193547,6.941,30.973762,24.032762,7.7180765894687,0.8540322580645161,0.6,1.45,0.85,0.33986458250792806,80.75806451612902,12.0,101.0,89.0,34.84559743740996,2.2016129032258065,2.0,3.0,1.0,0.4012046117365403,12.758064516129032,1.0,16.0,15.0,5.926119014707925,1.1445568111774194,0.432835,1.461112979,1.0282779789999998,0.3878484772436976,0.2933467741935484,0.0,0.9,0.9,0.37346606799173476,-0.6451612903225807,-2.0,3.0,5.0,1.6681401741616617
Li3Cr(MoO4)3,-8.496443639,45,test,298.0,4,1.0280940565630372,0.631578947368421,0.05263157894736842,0.631578947368421,0.0,0.0,0.0,0.0,0.15789473684210525,0.0,0.0,0.0,0.0,0.0,0.0,0.0,0.0,0.0,0.0,0.0,0.0,0.0,0.0,0.0,0.0,0.0,0.0,0.0,0.0,0.0,0.05263157894736842,0.0,0.0,0.0,0.0,0.0,0.0,0.0,0.0,0.0,0.0,0.0,0.0,0.0,0.0,0.15789473684210525,0.0,0.0,0.0,0.0,0.0,0.0,0.0,0.0,0.0,0.0,0.631578947368421,0.0,2.75578947368421,0.98,3.44,2.46,0.9554184301819292,29.085889473684208,6.941,95.94,88.999,30.313760033060802,0.9105263157894736,0.6,1.45,0.85,0.406713059128145,77.52631578947367,12.0,101.0,89.0,33.48584684696165,2.5789473684210527,2.0,5.0,3.0,1.138595139620207,11.526315789473683,1.0,16.0,15.0,6.046908048987399,1.1739550356842103,0.61804922,1.461112979,0.843063759,0.37772887698189495,0.31394736842105264,0.0,0.94,0.94,0.4131253758573604,-0.07894736842105265,-2.0,5.0,7.0,2.773289695302678
LiAlSi2O6,-8.457685004,46,test,298.0,4,1.0888999753452238,0.6,0.1,0.6,0.0,0.0,0.0,0.0,0.1,0.0,0.0,0.0,0.0,0.0,0.0,0.0,0.0,0.0,0.0,0.0,0.0,0.0,0.0,0.0,0.0,0.0,0.0,0.1,0.0,0.0,0.0,0.0,0.0,0.0,0.0,0.0,0.2,0.0,0.0,0.0,0.0,0.0,0.0,0.0,0.0,0.0,0.0,0.0,0.0,0.0,0.0,0.0,0.0,0.0,0.0,0.0,0.6,0.0,2.703,0.98,3.44,2.46,0.9333814868530445,18.608993859999998,6.941,28.0855,21.1445,6.532302841021021,0.8500000000000001,0.6,1.45,0.85,0.31937438845342625,86.8,12.0,101.0,89.0,26.187019685332658,2.3,2.0,3.0,1.0,0.45825756949558405,13.8,1.0,16.0,15.0,4.4,1.2596604654,0.432835,1.461112979,1.0282779789999998,0.37047694856891783,0.26550000000000007,0.0,0.9,0.9,0.33821923363404394,-0.7999999999999999,-2.0,3.0,5.0,1.661324772583615
Li0.2Ca0.4TaO3,-8.45222529461218,47,train,298.0,4,0.9592230446324741,0.6521739130434783,0.04347826086956522,0.6521739130434783,0.0,0.0,0.0,0.0,0.04347826086956522,0.08695652173913045,0.0,0.0,0.0,0.0,0.0,0.0,0.0,0.0,0.0,0.0,0.0,0.0,0.0,0.2173913043478261,0.0,0.0,0.0,0.0,0.0,0.0,0.0,0.0,0.0,0.0,0.0,0.0,0.0,0.0,0.0,0.0,0.0,0.0,0.0,0.0,0.0,0.0,0.0,0.0,0.0,0.0,0.0,0.0,0.0,0.0,0.0,0.0,0.6521739130434783,0.0,2.699130434782609,0.98,3.44,2.46,1.0247456229144964,53.557713043478266,6.941,180.94788,174.00688,67.5139919889648,0.9260869565217391,0.6,1.8,1.2000000000000002,0.4553712210497085,79.08695652173914,12.0,101.0,89.0,31.85007411564411,3.0434782608695654,2.0,6.0,4.0,1.6544606600382998,11.73913043478261,1.0,16.0,15.0,5.914002479777368,1.0533974806521738,0.024551,1.461112979,1.436561979,0.5681715741607652,0.3165217391304348,0.0,1.14,1.14,0.4406971620714672,2.220446049250313e-16,-2.0,5.0,7.0,2.9042697203764756
Li5BiO5,-8.4089353929735,48,train,298.0,3,0.9347698978582792,0.45454545454545453,0.09090909090909091,0.45454545454545453,0.0,0.0,0.0,0.0,0.45454545454545453,0.0,0.0,0.0,0.0,0.0,0.0,0.0,0.0,0.0,0.0,0.0,0.0,0.0,0.0,0.0,0.0,0.0,0.0,0.0,0.0,0.0,0.0,0.0,0.0,0.0,0.0,0.0,0.0,0.0,0.0,0.0,0.0,0.09090909090909091,0.0,0.0,0.0,0.0,0.0,0.0,0.0,0.0,0.0,0.0,0.0,0.0,0.0,0.0,0.45454545454545453,0.0,2.1927272727272724,0.98,3.44,2.46,1.1740302838675059,29.425672727272726,6.941,208.9804,202.0394,56.94417251770036,1.0772727272727272,0.6,1.6,1.0,0.4376401782513058,59.272727272727266,12.0,101.0,89.0,43.32559795336389,2.3636363636363638,2.0,6.0,4.0,1.1499191491521379,9.09090909090909,1.0,16.0,15.0,7.391082408791943,1.0307430113636364,0.61804922,1.461112979,0.843063759,0.40288545096113176,0.5031818181818182,0.0,1.035,1.035,0.46084050054454717,-0.18181818181818177,-2.0,3.0,5.0,1.7486712783337586
(Li0.826Mg0.174)(Li0.374Mg0.026Ti1.60)O4,-8.37263414340727,49,train,298.0,4,1.0610413580640756,0.5714285714285714,0.02857142857142857,0.5714285714285714,0.0,0.0,0.0,0.0,0.17142857142857143,0.0,0.0,0.0,0.0,0.0,0.0,0.0,0.0,0.0,0.0,0.0,0.02857142857142857,0.0,0.0,0.0,0.2285714285714286,0.0,0.0,0.0,0.0,0.0,0.0,0.0,0.0,0.0,0.0,0.0,0.0,0.0,0.0,0.0,0.0,0.0,0.0,0.0,0.0,0.0,0.0,0.0,0.0,0.0,0.0,0.0,0.0,0.0,0.0,0.0,0.5714285714285714,0.0,2.5231428571428567,0.98,3.44,2.46,1.073107028155883,21.96785714285714,6.941,47.867,40.925999999999995,14.578727427792781,0.9542857142857142,0.6,1.5,0.9,0.4095941246389839,73.5142857142857,12.0,101.0,89.0,34.58684426076434,2.4857142857142858,2.0,4.0,2.0,0.8407965125464092,10.285714285714285,1.0,16.0,15.0,6.6657822542612735,0.9461404257142856,-0.42,1.461112979,1.8811129789999999,0.6297307468462192,0.3735238095238096,0.0,0.9,0.9,0.43157808825113375,1.1102230246251565e-16,-2.0,4.0,6.0,2.495710605933995
Y0.25Li0.25TaO3,-8.35753548,50,train,420.0,4,0.9257019111219665,0.6666666666666666,0.05555555555555555,0.6666666666666666,0.0,0.0,0.0,0.0,0.05555555555555555,0.0,0.0,0.0,0.0,0.0,0.0,0.0,0.05555555555555555,0.0,0.0,0.0,0.0,0.0,0.0,0.2222222222222222,0.0,0.0,0.0,0.0,0.0,0.0,0.0,0.0,0.0,0.0,0.0,0.0,0.0,0.0,0.0,0.0,0.0,0.0,0.0,0.0,0.0,0.0,0.0,0.0,0.0,0.0,0.0,0.0,0.0,0.0,0.0,0.0,0.6666666666666666,0.0,2.7488888888888887,0.98,3.44,2.46,0.984236245854785,56.20173166666666,6.941,180.94788,174.00688,68.77391091005046,0.9027777777777777,0.6,1.8,1.2000000000000002,0.43476437495314063,80.94444444444444,12.0,101.0,89.0,29.8709673656215,3.0555555555555554,2.0,6.0,4.0,1.715038782270348,11.999999999999998,1.0,16.0,15.0,5.725188012439223,1.0987852271111112,0.3112922,1.461112979,1.149820779,0.5162779902478349,0.29,0.0,1.04,1.04,0.4128088069689298,1.3877787807814457e-16,-2.0,5.0,7.0,2.9627314724385294
Li3SbS4,-8.31875876262441,51,test,298.0,3,0.9743147528693494,0.5,0.125,0.5,0.0,0.0,0.0,0.0,0.375,0.0,0.0,0.0,0.0,0.0,0.0,0.0,0.0,0.0,0.0,0.0,0.0,0.0,0.0,0.0,0.0,0.0,0.0,0.0,0.0,0.0,0.0,0.0,0.0,0.0,0.0,0.0,0.0,0.0,0.0,0.0,0.0,0.0,0.0,0.125,0.0,0.0,0.0,0.0,0.0,0.0,0.0,0.5,0.0,0.0,0.0,0.0,0.0,0.0,1.9137499999999998,0.98,2.58,1.6,0.7424442319124044,33.855375,6.941,121.76,114.819,35.20155467425232,1.2249999999999999,1.0,1.45,0.44999999999999996,0.22499999999999998,62.5,12.0,94.0,82.0,39.16312040683173,2.875,2.0,5.0,3.0,0.9270248108869579,10.25,1.0,16.0,15.0,7.171994143890526,1.4012457362500002,0.61804922,2.07710426,1.45905504,0.6885251709824591,0.67625,0.47,0.9,0.43000000000000005,0.2073606459770031,1.8333333333333333,1.0,2.5,1.5,0.6972166887783963
Li5GaO4,-8.30102999566398,52,train,298.0,3,0.9433483923290392,0.5,0.1,0.4,0.0,0.0,0.0,0.0,0.5,0.0,0.0,0.0,0.0,0.0,0.0,0.0,0.0,0.0,0.0,0.0,0.0,0.0,0.0,0.0,0.0,0.0,0.0,0.0,0.0,0.0,0.0,0.0,0.0,0.1,0.0,0.0,0.0,0.0,0.0,0.0,0.0,0.0,0.0,0.0,0.0,0.0,0.0,0.0,0.0,0.0,0.0,0.0,0.0,0.0,0.0,0.0,0.4,0.0,2.047,0.98,3.44,2.46,1.1623428926095776,16.84256,6.941,69.723,62.782,18.1366729636502,1.095,0.6,1.45,0.85,0.40647878173405316,54.50000000000001,12.0,101.0,89.0,42.87481778386936,2.2,2.0,4.0,2.0,0.6,8.200000000000001,1.0,16.0,15.0,7.249827584156743,0.9235864166,0.30116615,1.461112979,1.159946829,0.44832032097012897,0.526,0.0,0.9,0.9,0.4313745472324486,0.0,-2.0,3.0,5.0,1.7320508075688772
Li4SiO4,-8.247183569,53,train,348.02,3,0.9649629230074277,0.4444444444444444,0.1111111111111111,0.4444444444444444,0.0,0.0,0.0,0.0,0.4444444444444444,0.0,0.0,0.0,0.0,0.0,0.0,0.0,0.0,0.0,0.0,0.0,0.0,0.0,0.0,0.0,0.0,0.0,0.0,0.0,0.0,0.0,0.0,0.0,0.0,0.0,0.0,0.0,0.1111111111111111,0.0,0.0,0.0,0.0,0.0,0.0,0.0,0.0,0.0,0.0,0.0,0.0,0.0,0.0,0.0,0.0,0.0,0.0,0.0,0.4444444444444444,0.0,2.1755555555555555,0.98,3.44,2.46,1.163740245082506,13.316344444444443,6.941,28.0855,21.1445,6.745394901727171,1.0333333333333332,0.6,1.45,0.85,0.4013864859597432,59.666666666666664,12.0,101.0,89.0,42.90040144852312,2.111111111111111,2.0,3.0,1.0,0.3142696805273545,9.11111111111111,1.0,16.0,15.0,7.279261935181866,1.0784633417777776,0.61804922,1.461112979,0.843063759,0.412359696614209,0.45999999999999996,0.0,0.9,0.9,0.425205832509386,-0.4444444444444444,-2.0,1.0,3.0,1.4229164972072998
LiGaSiO4,-8.244125144,54,train,585.92,4,1.15374194270109,0.5714285714285714,0.14285714285714285,0.5714285714285714,0.0,0.0,0.0,0.0,0.14285714285714285,0.0,0.0,0.0,0.0,0.0,0.0,0.0,0.0,0.0,0.0,0.0,0.0,0.0,0.0,0.0,0.0,0.0,0.0,0.0,0.0,0.0,0.0,0.0,0.0,0.14285714285714285,0.0,0.0,0.14285714285714285,0.0,0.0,0.0,0.0,0.0,0.0,0.0,0.0,0.0,0.0,0.0,0.0,0.0,0.0,0.0,0.0,0.0,0.0,0.0,0.5714285714285714,0.0,2.6357142857142852,0.98,3.44,2.46,0.9674688203592645,24.10672857142857,6.941,69.723,62.782,19.472516107046456,0.8928571428571428,0.6,1.45,0.85,0.3509462427582356,83.14285714285714,12.0,101.0,89.0,30.106613281226206,2.4285714285714284,2.0,4.0,2.0,0.7284313590846836,13.142857142857142,1.0,16.0,15.0,5.082984821330627,1.1647412237142856,0.30116615,1.461112979,1.159946829,0.4545806541503192,0.3142857142857143,0.0,0.9,0.9,0.3756463816964469,-0.5714285714285714,-2.0,3.0,5.0,1.8405855323893037
(Li2O)50(Al2O3)3(P2O5)47,-8.240332155,55,train,298.0,4,1.0015036618334079,0.5951417004048583,0.012145748987854251,0.5951417004048583,0.0,0.0,0.0,0.0,0.20242914979757085,0.0,0.0,0.0,0.0,0.0,0.0,0.0,0.0,0.0,0.0,0.0,0.0,0.0,0.0,0.0,0.0,0.0,0.0,0.012145748987854251,0.0,0.0,0.0,0.0,0.0,0.0,0.0,0.0,0.0,0.0,0.0,0.0,0.0,0.0,0.0,0.0,0.0,0.0,0.1902834008097166,0.0,0.0,0.0,0.0,0.0,0.0,0.0,0.0,0.0,0.5951417004048583,0.0,2.681943319838056,0.98,3.44,2.46,0.9941644859516157,17.148474614574898,6.941,30.973762,24.032762,7.70858450594406,0.8560728744939271,0.6,1.45,0.85,0.3409672517326047,80.63562753036436,12.0,101.0,89.0,34.88716377503515,2.2024291497975708,2.0,3.0,1.0,0.4018103894995791,12.736842105263158,1.0,16.0,15.0,5.932786394281398,1.1420048667327936,0.432835,1.461112979,1.0282779789999998,0.3899139665868755,0.2950404858299595,0.0,0.9,0.9,0.3741835895450043,-0.6342780026990553,-2.0,3.0,5.0,1.678857977867396
(YPO4)0.7(Li3PO4)0.3,-8.182516656,56,train,298.0,4,1.0990877521186821,0.6060606060606061,0.10606060606060606,0.6060606060606061,0.0,0.0,0.0,0.0,0.13636363636363635,0.0,0.0,0.0,0.0,0.0,0.0,0.0,0.10606060606060606,0.0,0.0,0.0,0.0,0.0,0.0,0.0,0.0,0.0,0.0,0.0,0.0,0.0,0.0,0.0,0.0,0.0,0.0,0.0,0.0,0.0,0.0,0.0,0.0,0.0,0.0,0.0,0.0,0.0,0.15151515151515152,0.0,0.0,0.0,0.0,0.0,0.0,0.0,0.0,0.0,0.6060606060606061,0.0,2.67969696969697,0.98,3.44,2.46,1.0032990576501737,24.765508636363634,6.941,88.90585,81.96485,23.066607186419095,0.9037878787878787,0.6,1.8,1.2000000000000002,0.42802493962850496,79.13636363636364,12.0,101.0,89.0,35.114913676875744,2.4696969696969697,2.0,5.0,3.0,0.9409810639529842,12.424242424242426,1.0,16.0,15.0,5.997627323949701,1.1159408884848485,0.3112922,1.461112979,1.149820779,0.4419840274416574,0.31636363636363635,0.0,1.04,1.04,0.41342118945429873,-0.505050505050505,-2.0,3.0,5.0,1.9185804448537376
Li2.7OH0.3Cl,-8.13667714,57,test,299.0,4,1.1453203232681035,0.54,0.06,0.4,0.0,0.0,0.0,0.0,0.54,0.0,0.0,0.0,0.0,0.0,0.0,0.0,0.0,0.0,0.0,0.0,0.0,0.0,0.0,0.0,0.0,0.0,0.0,0.0,0.0,0.0,0.0,0.0,0.0,0.0,0.0,0.0,0.0,0.0,0.0,0.0,0.0,0.0,0.0,0.0,0.0,0.0,0.0,0.06,0.0,0.0,0.0,0.0,0.0,0.0,0.0,0.2,0.2,0.0,1.9812000000000003,0.98,3.44,2.46,1.1170060698134097,14.0990964,1.00794,35.453,34.445060000000005,11.396116834173082,1.1179999999999999,0.25,1.45,1.2,0.4014673087562672,52.660000000000004,12.0,103.0,91.0,44.06386728375075,2.14,1.0,3.0,2.0,0.4903060268852505,7.2,1.0,17.0,16.0,7.6000000000000005,1.393765942,0.61804922,3.61272528,2.9946760599999998,1.1554842932440388,0.553,0.0,0.9,0.9,0.3924742029739025,0.7400000000000001,-2.0,3.0,5.0,1.6100931650062984
LiF,-8.110698297,58,train,665.0,2,0.6931471805599453,0.5,0.5,0.5,0.0,0.0,0.0,0.0,0.5,0.0,0.0,0.0,0.0,0.0,0.0,0.0,0.0,0.0,0.0,0.0,0.0,0.0,0.0,0.0,0.0,0.0,0.0,0.0,0.0,0.0,0.0,0.0,0.0,0.0,0.0,0.0,0.0,0.0,0.0,0.0,0.0,0.0,0.0,0.0,0.0,0.0,0.0,0.0,0.0,0.0,0.0,0.0,0.0,0.0,0.0,0.0,0.0,0.5,2.48,0.98,3.98,3.0,1.5,12.969701599999999,6.941,18.9984032,12.0574032,6.0287016,0.975,0.5,1.45,0.95,0.475,57.0,12.0,102.0,90.0,45.0,2.0,2.0,2.0,0.0,0.0,9.0,1.0,17.0,16.0,8.0,2.009619522,0.61804922,3.401189824,2.7831406039999997,1.3915703019999999,0.56,0.22,0.9,0.68,0.34,0.0,-1.0,1.0,2.0,1.0
(Li2S)9(LaOI),-8.089909454,59,train,303.0,5,1.0078069537235907,0.6000000000000001,0.03333333333333334,0.3666666666666667,0.0,0.0,0.0,0.0,0.6000000000000001,0.0,0.03333333333333334,0.0,0.0,0.0,0.0,0.0,0.0,0.0,0.0,0.0,0.0,0.0,0.0,0.0,0.0,0.0,0.0,0.0,0.0,0.0,0.0,0.0,0.0,0.0,0.0,0.0,0.0,0.0,0.0,0.0,0.0,0.0,0.0,0.0,0.0,0.0,0.0,0.0,0.0,0.0,0.0,0.30000000000000004,0.03333333333333334,0.0,0.0,0.0,0.03333333333333334,0.0,1.6020000000000003,0.98,3.44,2.46,0.8230407037322031,23.17774466666667,6.941,138.90547,131.96447,31.44301308201127,1.3016666666666667,0.6,1.95,1.35,0.26692175299555904,43.10000000000001,12.0,101.0,89.0,39.61763075534259,2.5333333333333337,2.0,6.0,4.0,0.9213516640723503,6.600000000000001,1.0,17.0,16.0,7.232334800509907,1.1632176672,0.5575462,3.059046537,2.501500337,0.7509150069934761,0.7494000000000002,0.0,1.172,1.172,0.24953778604986196,1.4833333333333336,-2.0,3.0,5.0,1.0040196987886023
LiAlH4,-8.06048074738138,60,train,298.0,3,0.8675632284814612,0.6666666666666666,0.16666666666666666,0.0,0.0,0.0,0.0,0.0,0.16666666666666666,0.0,0.0,0.0,0.0,0.0,0.0,0.0,0.0,0.0,0.0,0.0,0.0,0.0,0.0,0.0,0.0,0.0,0.0,0.16666666666666666,0.0,0.0,0.0,0.0,0.0,0.0,0.0,0.0,0.0,0.0,0.0,0.0,0.0,0.0,0.0,0.0,0.0,0.0,0.0,0.6666666666666666,0.0,0.0,0.0,0.0,0.0,0.0,0.0,0.0,0.0,0.0,1.8983333333333337,0.98,2.2,1.2200000000000002,0.46376778192922763,6.325716433333334,1.00794,26.9815386,25.9735986,9.488208015110384,0.6166666666666668,0.25,1.45,1.2,0.521749194749951,84.0,12.0,103.0,91.0,33.27661841794225,1.5,1.0,3.0,2.0,0.7637626158259734,3.0,1.0,13.0,12.0,4.47213595499958,0.6779441633333333,0.432835,0.75419519,0.32136019,0.1203624958599042,0.26250000000000007,0.0,0.9,0.9,0.37687033579203344,0.6666666666666667,0.0,3.0,3.0,1.1055415967851334
Li4Nd3TeSbO12,-8.060480747,61,train,298.0,5,1.2035750992500949,0.5714285714285714,0.047619047619047616,0.5714285714285714,0.0,0.0,0.0,0.0,0.19047619047619047,0.0,0.0,0.0,0.0,0.14285714285714285,0.0,0.0,0.0,0.0,0.0,0.0,0.0,0.0,0.0,0.0,0.0,0.0,0.0,0.0,0.0,0.0,0.0,0.0,0.0,0.0,0.0,0.0,0.0,0.0,0.0,0.0,0.0,0.0,0.0,0.047619047619047616,0.047619047619047616,0.0,0.0,0.0,0.0,0.0,0.0,0.0,0.0,0.0,0.0,0.0,0.5714285714285714,0.0,2.512857142857143,0.98,3.44,2.46,1.107391369958473,42.944895238095235,6.941,144.242,137.301,52.58075705095811,1.019047619047619,0.6,1.85,1.25,0.5001133658329951,72.85714285714285,12.0,101.0,89.0,38.062962517994556,2.857142857142857,2.0,6.0,4.0,1.5518257844571735,11.238095238095237,1.0,16.0,15.0,6.6612222666840815,1.1103004484761902,0.0974933,1.9708757,1.8733824,0.5463279717428177,0.43640476190476185,0.0,1.2765,1.2765,0.51809404871187,-0.32539682539682535,-2.0,3.0,5.0,2.0213648477750397
(Li2O)50(Al2O3)4(P2O5)46,-8.040005162,62,train,298.0,4,1.0139884516892637,0.5934959349593496,0.016260162601626018,0.5934959349593496,0.0,0.0,0.0,0.0,0.2032520325203252,0.0,0.0,0.0,0.0,0.0,0.0,0.0,0.0,0.0,0.0,0.0,0.0,0.0,0.0,0.0,0.0,0.0,0.0,0.016260162601626018,0.0,0.0,0.0,0.0,0.0,0.0,0.0,0.0,0.0,0.0,0.0,0.0,0.0,0.0,0.0,0.0,0.0,0.0,0.18699186991869918,0.0,0.0,0.0,0.0,0.0,0.0,0.0,0.0,0.0,0.5934959349593496,0.0,2.6765040650406506,0.98,3.44,2.46,0.9968462331699416,17.13691709918699,6.941,30.973762,24.032762,7.698986125286882,0.858130081300813,0.6,1.45,0.85,0.34206296570916517,80.51219512195122,12.0,101.0,89.0,34.92858355043869,2.203252032520325,2.0,3.0,1.0,0.40241849335819774,12.715447154471544,1.0,16.0,15.0,5.939423646730163,1.1394321747723577,0.432835,1.461112979,1.0282779789999998,0.39196841444000724,0.2967479674796748,0.0,0.9,0.9,0.3748978092412886,-0.6233062330623307,-2.0,3.0,5.0,1.6895231387830356
LiPO3,-8.008773924,63,test,528.0,3,0.9502705392332347,0.6,0.2,0.6,0.0,0.0,0.0,0.0,0.2,0.0,0.0,0.0,0.0,0.0,0.0,0.0,0.0,0.0,0.0,0.0,0.0,0.0,0.0,0.0,0.0,0.0,0.0,0.0,0.0,0.0,0.0,0.0,0.0,0.0,0.0,0.0,0.0,0.0,0.0,0.0,0.0,0.0,0.0,0.0,0.0,0.0,0.2,0.0,0.0,0.0,0.0,0.0,0.0,0.0,0.0,0.0,0.6,0.0,2.6980000000000004,0.98,3.44,2.46,0.9860304254940615,17.182592399999997,6.941,30.973762,24.032762,7.7367487562923385,0.8499999999999999,0.6,1.45,0.85,0.33763886032268264,81.0,12.0,101.0,89.0,34.762048271067115,2.2,2.0,3.0,1.0,0.4,12.799999999999999,1.0,16.0,15.0,5.912698199637794,1.1495994534,0.61804922,1.461112979,0.843063759,0.38368447907009995,0.29000000000000004,0.0,0.9,0.9,0.37202150475476553,-0.6666666666666666,-2.0,1.6666666666666667,3.666666666666667,1.6465452046971292
Li0.1Sr0.8Ti0.7Nb0.3O3,-8.0,64,train,298.0,5,1.1247047533617516,0.6122448979591837,0.020408163265306124,0.6122448979591837,0.0,0.0,0.0,0.163265306122449,0.020408163265306124,0.0,0.0,0.0,0.0,0.0,0.0,0.0,0.0,0.0,0.0,0.0,0.0,0.0,0.0,0.0,0.14285714285714288,0.0,0.061224489795918366,0.0,0.0,0.0,0.0,0.0,0.0,0.0,0.0,0.0,0.0,0.0,0.0,0.0,0.0,0.0,0.0,0.0,0.0,0.0,0.0,0.0,0.0,0.0,0.0,0.0,0.0,0.0,0.0,0.0,0.6122448979591837,0.0,2.599183673469388,0.95,3.44,2.49,1.0732134404269433,36.768798775510206,6.941,92.90638,85.96538,30.2486185357043,1.0122448979591838,0.6,2.0,1.4,0.5481444220020198,75.06122448979592,12.0,101.0,89.0,34.56222319194777,2.9591836734693877,2.0,5.0,3.0,1.2929823723638496,11.020408163265307,1.0,16.0,15.0,6.306749853209161,0.9826327059183673,0.052066,1.461112979,1.409046979,0.6340874423877498,0.40574829931972795,0.0,1.32,1.32,0.5302444630687071,1.1102230246251565e-16,-2.0,5.0,7.0,2.634155559226539
Li2MgZrO4,-8.0,65,train,413.0,4,1.2130075659799042,0.5,0.125,0.5,0.0,0.0,0.0,0.0,0.25,0.0,0.0,0.0,0.0,0.0,0.0,0.0,0.0,0.0,0.0,0.0,0.125,0.125,0.0,0.0,0.0,0.0,0.0,0.0,0.0,0.0,0.0,0.0,0.0,0.0,0.0,0.0,0.0,0.0,0.0,0.0,0.0,0.0,0.0,0.0,0.0,0.0,0.0,0.0,0.0,0.0,0.0,0.0,0.0,0.0,0.0,0.0,0.5,0.0,2.295,0.98,3.44,2.46,1.1513036089581237,24.176074999999997,6.941,91.224,84.283,25.877037468562257,1.0437500000000002,0.6,1.55,0.9500000000000001,0.4447172556805054,68.75,12.0,101.0,89.0,37.09700122651425,2.5,2.0,5.0,3.0,1.0,9.0,1.0,16.0,15.0,7.053367989832942,0.8867299195,-0.42,1.461112979,1.8811129789999999,0.6497301346254672,0.44,0.0,0.9,0.9,0.44022721406110277,0.0,-2.0,4.0,6.0,2.179449471770337
Li3Fe2P3O12,-7.953862132,66,train,298.0,4,1.1058898790247633,0.6,0.1,0.6,0.0,0.0,0.0,0.0,0.15,0.0,0.0,0.0,0.0,0.0,0.0,0.0,0.0,0.0,0.0,0.0,0.0,0.0,0.0,0.0,0.0,0.0,0.0,0.0,0.0,0.0,0.0,0.0,0.0,0.0,0.1,0.0,0.0,0.0,0.0,0.0,0.0,0.0,0.0,0.0,0.0,0.0,0.15,0.0,0.0,0.0,0.0,0.0,0.0,0.0,0.0,0.0,0.6,0.0,2.7225,0.98,3.44,2.46,0.9415512466137995,20.8713543,6.941,55.845,48.903999999999996,13.452663840844613,0.8675,0.6,1.45,0.85,0.35329697139941635,82.0,12.0,101.0,89.0,31.70646621747684,2.3499999999999996,2.0,4.0,2.0,0.653834841531101,12.799999999999999,1.0,16.0,15.0,5.482700064749119,1.0966901719,0.15323635,1.461112979,1.307876629,0.47057516659623405,0.30275,0.0,0.9,0.9,0.384568670720848,-0.5499999999999999,-2.0,2.5,4.5,1.8136059844041834
Li0.95Mg0.95In0.05PO4,-7.950781977,67,train,363.0,5,1.1764490593658352,0.5755395683453237,0.007194244604316547,0.5755395683453237,0.0,0.0,0.0,0.0,0.13669064748201437,0.0,0.0,0.0,0.0,0.0,0.0,0.0,0.0,0.0,0.0,0.0,0.13669064748201437,0.0,0.0,0.0,0.0,0.0,0.0,0.0,0.0,0.0,0.0,0.0,0.007194244604316547,0.0,0.0,0.0,0.0,0.0,0.0,0.0,0.0,0.0,0.0,0.0,0.0,0.0,0.14388489208633093,0.0,0.0,0.0,0.0,0.0,0.0,0.0,0.0,0.0,0.5755395683453237,0.0,2.6207913669064746,0.98,3.44,2.46,1.010391379933981,18.76200892086331,6.941,114.818,107.877,10.74846864437673,0.9035971223021582,0.6,1.55,0.9500000000000001,0.38317305892408987,83.2661870503597,12.0,101.0,89.0,29.938203869454842,2.302158273381295,2.0,5.0,3.0,0.5040080543348775,11.870503597122301,1.0,16.0,15.0,6.379863254182913,0.9781876381294963,-0.42,1.461112979,1.8811129789999999,0.655310397416514,0.32647482014388485,0.0,0.94,0.94,0.3938426507358449,-0.4796163069544364,-2.0,3.0,5.0,1.7944381198940706
(Li2O)50(Al2O5)5(P2O5)45,-7.93930216,68,train,298.0,4,1.0152871339115241,0.6,0.02,0.6,0.0,0.0,0.0,0.0,0.2,0.0,0.0,0.0,0.0,0.0,0.0,0.0,0.0,0.0,0.0,0.0,0.0,0.0,0.0,0.0,0.0,0.0,0.0,0.02,0.0,0.0,0.0,0.0,0.0,0.0,0.0,0.0,0.0,0.0,0.0,0.0,0.0,0.0,0.0,0.0,0.0,0.0,0.18,0.0,0.0,0.0,0.0,0.0,0.0,0.0,0.0,0.0,0.6,0.0,2.6864000000000003,0.98,3.44,2.46,0.995306505554947,17.102747932,6.941,30.973762,24.032762,7.613630272925752,0.855,0.6,1.45,0.85,0.3416504061171302,80.8,12.0,101.0,89.0,34.73845131838782,2.2,2.0,3.0,1.0,0.39999999999999997,12.76,1.0,16.0,15.0,5.9044390080684215,1.1433239711999998,0.432835,1.461112979,1.0282779789999998,0.39268485977706663,0.29250000000000004,0.0,0.9,0.9,0.37417409049799266,-0.6399999999999999,-2.0,3.0,5.0,1.6942254867637896
(Li0.5Ce0.5)(MoO4),-7.88605664769316,69,train,298.0,4,0.9830877585747855,0.6666666666666666,0.08333333333333333,0.6666666666666666,0.0,0.0,0.0,0.0,0.08333333333333333,0.0,0.0,0.08333333333333333,0.0,0.0,0.0,0.0,0.0,0.0,0.0,0.0,0.0,0.0,0.0,0.0,0.0,0.0,0.0,0.0,0.0,0.0,0.0,0.0,0.0,0.0,0.0,0.0,0.0,0.0,0.0,0.0,0.0,0.0,0.0,0.0,0.0,0.16666666666666666,0.0,0.0,0.0,0.0,0.0,0.0,0.0,0.0,0.0,0.0,0.6666666666666666,0.0,2.828333333333333,0.98,3.44,2.46,0.9229105530271549,38.91101666666667,6.941,140.116,133.175,42.7869508178571,0.9166666666666665,0.6,1.85,1.25,0.4588633299312068,80.33333333333333,12.0,101.0,89.0,31.10019649812879,2.833333333333333,2.0,6.0,4.0,1.4624940645653537,12.0,1.0,16.0,15.0,5.787918451395113,1.2001324434999998,0.60016027,1.461112979,0.8609527089999999,0.3712480035007762,0.29416666666666663,0.0,1.08,1.08,0.4222204861075418,-0.125,-2.0,5.0,7.0,2.8145825622994254
LiGaSiO4,-7.869666232,70,train,614.15,4,1.15374194270109,0.5714285714285714,0.14285714285714285,0.5714285714285714,0.0,0.0,0.0,0.0,0.14285714285714285,0.0,0.0,0.0,0.0,0.0,0.0,0.0,0.0,0.0,0.0,0.0,0.0,0.0,0.0,0.0,0.0,0.0,0.0,0.0,0.0,0.0,0.0,0.0,0.0,0.14285714285714285,0.0,0.0,0.14285714285714285,0.0,0.0,0.0,0.0,0.0,0.0,0.0,0.0,0.0,0.0,0.0,0.0,0.0,0.0,0.0,0.0,0.0,0.0,0.0,0.5714285714285714,0.0,2.6357142857142852,0.98,3.44,2.46,0.9674688203592645,24.10672857142857,6.941,69.723,62.782,19.472516107046456,0.8928571428571428,0.6,1.45,0.85,0.3509462427582356,83.14285714285714,12.0,101.0,89.0,30.106613281226206,2.4285714285714284,2.0,4.0,2.0,0.7284313590846836,13.142857142857142,1.0,16.0,15.0,5.082984821330627,1.1647412237142856,0.30116615,1.461112979,1.159946829,0.4545806541503192,0.3142857142857143,0.0,0.9,0.9,0.3756463816964469,-0.5714285714285714,-2.0,3.0,5.0,1.8405855323893037
(K0.1Li0.9)(SbO3),-7.86646109162978,71,train,298.0,4,1.0152871339115244,0.6,0.02,0.6,0.02,0.0,0.0,0.0,0.18,0.0,0.0,0.0,0.0,0.0,0.0,0.0,0.0,0.0,0.0,0.0,0.0,0.0,0.0,0.0,0.0,0.0,0.0,0.0,0.0,0.0,0.0,0.0,0.0,0.0,0.0,0.0,0.0,0.0,0.0,0.0,0.0,0.0,0.0,0.2,0.0,0.0,0.0,0.0,0.0,0.0,0.0,0.0,0.0,0.0,0.0,0.0,0.6,0.0,2.6668000000000003,0.82,3.44,2.62,1.0075503759117952,35.982986000000004,6.941,121.76,114.819,43.16431635712078,0.9550000000000001,0.6,2.2,1.6,0.44690603039117743,80.56,10.0,101.0,91.0,34.747753884244084,2.6399999999999997,2.0,5.0,3.0,1.2126005112979295,12.799999999999999,1.0,16.0,15.0,5.912698199637793,1.2074260676,0.50145913,1.461112979,0.959653849,0.3409242149905354,0.35840000000000005,0.0,1.52,1.52,0.4487064073534052,-0.6666666666666666,-2.0,1.6666666666666667,3.666666666666667,1.6465452046971292
Li4.6Si0.4Al0.6S4,-7.83564714421556,72,test,298.0,4,1.0230105178959226,0.47916666666666663,0.04166666666666667,0.4166666666666667,0.0,0.0,0.0,0.0,0.47916666666666663,0.0,0.0,0.0,0.0,0.0,0.0,0.0,0.0,0.0,0.0,0.0,0.0,0.0,0.0,0.0,0.0,0.0,0.0,0.0625,0.0,0.0,0.0,0.0,0.0,0.0,0.0,0.0,0.04166666666666667,0.0,0.0,0.0,0.0,0.0,0.0,0.0,0.0,0.0,0.0,0.0,0.0,0.0,0.0,0.4166666666666667,0.0,0.0,0.0,0.0,0.0,0.0,1.7243750000000004,0.98,2.58,1.6,0.7567334026645932,19.54288782916667,6.941,32.065,25.124,12.162607616350822,1.2354166666666668,1.0,1.45,0.44999999999999996,0.21432022704873713,53.45833333333334,12.0,94.0,82.0,39.923864173643764,2.5208333333333335,2.0,3.0,1.0,0.4995657836784083,8.54166666666667,1.0,16.0,15.0,7.274264949502153,1.246557600416667,0.432835,2.07710426,1.64426926,0.7203730189889593,0.6917708333333333,0.47,0.9,0.43000000000000005,0.20553915275677342,1.7083333333333337,0.0,3.0,3.0,0.8528953954357801
LiAlSi2O6,-7.772113295,73,test,331.0,4,1.0888999753452238,0.6,0.1,0.6,0.0,0.0,0.0,0.0,0.1,0.0,0.0,0.0,0.0,0.0,0.0,0.0,0.0,0.0,0.0,0.0,0.0,0.0,0.0,0.0,0.0,0.0,0.0,0.1,0.0,0.0,0.0,0.0,0.0,0.0,0.0,0.0,0.2,0.0,0.0,0.0,0.0,0.0,0.0,0.0,0.0,0.0,0.0,0.0,0.0,0.0,0.0,0.0,0.0,0.0,0.0,0.0,0.6,0.0,2.703,0.98,3.44,2.46,0.9333814868530445,18.608993859999998,6.941,28.0855,21.1445,6.532302841021021,0.8500000000000001,0.6,1.45,0.85,0.31937438845342625,86.8,12.0,101.0,89.0,26.187019685332658,2.3,2.0,3.0,1.0,0.45825756949558405,13.8,1.0,16.0,15.0,4.4,1.2596604654,0.432835,1.461112979,1.0282779789999998,0.37047694856891783,0.26550000000000007,0.0,0.9,0.9,0.33821923363404394,-0.7999999999999999,-2.0,3.0,5.0,1.661324772583615
(Li0.916Mg0.084)(Li0.352Mg0.016Ti1.634)O4,-7.7619538968712,74,train,298.0,4,1.029552208024247,0.5712653527563554,0.014281633818908884,0.5712653527563554,0.0,0.0,0.0,0.0,0.18109111682376464,0.0,0.0,0.0,0.0,0.0,0.0,0.0,0.0,0.0,0.0,0.0,0.014281633818908884,0.0,0.0,0.0,0.23336189660097115,0.0,0.0,0.0,0.0,0.0,0.0,0.0,0.0,0.0,0.0,0.0,0.0,0.0,0.0,0.0,0.0,0.0,0.0,0.0,0.0,0.0,0.0,0.0,0.0,0.0,0.0,0.0,0.0,0.0,0.0,0.0,0.5712653527563554,0.0,2.5207083690374184,0.98,3.44,2.46,1.0761155565344103,21.914305341331048,6.941,47.867,40.925999999999995,14.759664739508022,0.9534704370179947,0.6,1.5,0.9,0.40843202528378625,72.81491002570695,12.0,101.0,89.0,35.13723070929889,2.4810054270208513,2.0,4.0,2.0,0.8463823009723692,10.283347614967154,1.0,16.0,15.0,6.66848559517761,0.9582374831419594,-0.42,1.461112979,1.8811129789999999,0.6118599206524128,0.37401075883081025,0.0,0.9,0.9,0.432004934972481,0.0005712653527562006,-2.0,4.0,6.0,2.501413416929768
Li0.96Ga0.96Si2.04O6,-7.749579998,75,train,451.14,4,1.0810473332515333,0.6024096385542169,0.0963855421686747,0.6024096385542169,0.0,0.0,0.0,0.0,0.0963855421686747,0.0,0.0,0.0,0.0,0.0,0.0,0.0,0.0,0.0,0.0,0.0,0.0,0.0,0.0,0.0,0.0,0.0,0.0,0.0,0.0,0.0,0.0,0.0,0.0,0.0963855421686747,0.0,0.0,0.20481927710843376,0.0,0.0,0.0,0.0,0.0,0.0,0.0,0.0,0.0,0.0,0.0,0.0,0.0,0.0,0.0,0.0,0.0,0.0,0.0,0.6024096385542169,0.0,2.7303614457831324,0.98,3.44,2.46,0.9063862388271674,22.77994578313253,6.941,69.723,62.782,16.432960483891293,0.8518072289156625,0.6,1.45,0.85,0.32352033726249974,87.21686746987952,12.0,101.0,89.0,25.77756949331018,2.397590361445783,2.0,4.0,2.0,0.6574825855249278,13.855421686746986,1.0,16.0,15.0,4.332929474873608,1.2533883574698794,0.30116615,1.461112979,1.159946829,0.3950840458036455,0.2706024096385542,0.0,0.9,0.9,0.34676247694333995,-0.8192771084337348,-2.0,3.0,5.0,1.6438610024877627
LiYO2,-7.74472749489669,76,train,298.0,3,1.0397207708399179,0.5,0.25,0.5,0.0,0.0,0.0,0.0,0.25,0.0,0.0,0.0,0.0,0.0,0.0,0.0,0.25,0.0,0.0,0.0,0.0,0.0,0.0,0.0,0.0,0.0,0.0,0.0,0.0,0.0,0.0,0.0,0.0,0.0,0.0,0.0,0.0,0.0,0.0,0.0,0.0,0.0,0.0,0.0,0.0,0.0,0.0,0.0,0.0,0.0,0.0,0.0,0.0,0.0,0.0,0.0,0.5,0.0,2.27,0.98,3.44,2.46,1.173072887761029,31.9614125,6.941,88.90585,81.96485,33.08421712071284,1.1125,0.6,1.8,1.2000000000000002,0.5272274177240786,59.75,12.0,101.0,89.0,41.5052707496289,2.75,2.0,5.0,3.0,1.299038105676658,9.0,1.0,16.0,15.0,7.035623639735144,0.9628918445,0.3112922,1.461112979,1.149820779,0.5098889903963186,0.485,0.0,1.04,1.04,0.48751923038994066,0.0,-2.0,3.0,5.0,2.1213203435596424
Li4.25Si0.75Al0.25O4,-7.695350471,77,train,298.0,4,1.0211372837037784,0.4594594594594595,0.02702702702702703,0.43243243243243246,0.0,0.0,0.0,0.0,0.4594594594594595,0.0,0.0,0.0,0.0,0.0,0.0,0.0,0.0,0.0,0.0,0.0,0.0,0.0,0.0,0.0,0.0,0.0,0.0,0.02702702702702703,0.0,0.0,0.0,0.0,0.0,0.0,0.0,0.0,0.08108108108108109,0.0,0.0,0.0,0.0,0.0,0.0,0.0,0.0,0.0,0.0,0.0,0.0,0.0,0.0,0.0,0.0,0.0,0.0,0.0,0.43243243243243246,0.0,2.1354054054054057,0.98,3.44,2.46,1.1667478353620944,13.114201043243243,6.941,28.0855,21.1445,6.669323450507311,1.0486486486486486,0.6,1.45,0.85,0.4029429720374709,58.24324324324325,12.0,101.0,89.0,42.940817478217504,2.1081081081081083,2.0,3.0,1.0,0.31051689981286645,8.864864864864865,1.0,16.0,15.0,7.282567716767629,1.0401633309189189,0.432835,1.461112979,1.0282779789999998,0.42232444987606044,0.47554054054054057,0.0,0.9,0.9,0.4265920637998381,-0.32432432432432434,-2.0,3.0,5.0,1.5255314369373065
Li4.2Si0.8Al0.2S4,-7.61978875828839,78,train,298.0,4,1.0157110897988502,0.4565217391304348,0.02173913043478261,0.4347826086956522,0.0,0.0,0.0,0.0,0.4565217391304348,0.0,0.0,0.0,0.0,0.0,0.0,0.0,0.0,0.0,0.0,0.0,0.0,0.0,0.0,0.0,0.0,0.0,0.0,0.02173913043478261,0.0,0.0,0.0,0.0,0.0,0.0,0.0,0.0,0.08695652173913045,0.0,0.0,0.0,0.0,0.0,0.0,0.0,0.0,0.0,0.0,0.0,0.0,0.0,0.0,0.4347826086956522,0.0,0.0,0.0,0.0,0.0,0.0,1.7693478260869566,0.98,2.58,1.6,0.7564401817607462,20.1387943173913,6.941,32.065,25.124,12.16009920721334,1.2195652173913045,1.0,1.45,0.44999999999999996,0.21555748271722677,55.478260869565226,12.0,94.0,82.0,39.962884481802114,2.5434782608695654,2.0,3.0,1.0,0.49810605379954787,8.913043478260871,1.0,16.0,15.0,7.282576249116558,1.3154791073913046,0.432835,2.07710426,1.64426926,0.7011950119445938,0.6768478260869566,0.47,0.9,0.43000000000000005,0.2072788467773812,1.6086956521739133,0.0,3.0,3.0,0.8841173655505545
LiPO3,-7.602059991,79,test,553.0,3,0.9502705392332347,0.6,0.2,0.6,0.0,0.0,0.0,0.0,0.2,0.0,0.0,0.0,0.0,0.0,0.0,0.0,0.0,0.0,0.0,0.0,0.0,0.0,0.0,0.0,0.0,0.0,0.0,0.0,0.0,0.0,0.0,0.0,0.0,0.0,0.0,0.0,0.0,0.0,0.0,0.0,0.0,0.0,0.0,0.0,0.0,0.0,0.2,0.0,0.0,0.0,0.0,0.0,0.0,0.0,0.0,0.0,0.6,0.0,2.6980000000000004,0.98,3.44,2.46,0.9860304254940615,17.182592399999997,6.941,30.973762,24.032762,7.7367487562923385,0.8499999999999999,0.6,1.45,0.85,0.33763886032268264,81.0,12.0,101.0,89.0,34.762048271067115,2.2,2.0,3.0,1.0,0.4,12.799999999999999,1.0,16.0,15.0,5.912698199637794,1.1495994534,0.61804922,1.461112979,0.843063759,0.38368447907009995,0.29000000000000004,0.0,0.9,0.9,0.37202150475476553,-0.6666666666666666,-2.0,1.6666666666666667,3.666666666666667,1.6465452046971292
Li3Cr2(PO4)3,-7.602059991,80,train,323.0,4,1.1058898790247633,0.6,0.1,0.6,0.0,0.0,0.0,0.0,0.15,0.0,0.0,0.0,0.0,0.0,0.0,0.0,0.0,0.0,0.0,0.0,0.0,0.0,0.0,0.0,0.0,0.0,0.0,0.0,0.0,0.0,0.1,0.0,0.0,0.0,0.0,0.0,0.0,0.0,0.0,0.0,0.0,0.0,0.0,0.0,0.0,0.0,0.15,0.0,0.0,0.0,0.0,0.0,0.0,0.0,0.0,0.0,0.6,0.0,2.7055000000000002,0.98,3.44,2.46,0.95888724571766,20.486464299999998,6.941,51.9961,45.055099999999996,12.46536859610345,0.8675,0.6,1.45,0.85,0.35329697139941635,81.6,12.0,101.0,89.0,31.992811692628706,2.3499999999999996,2.0,4.0,2.0,0.653834841531101,12.6,1.0,16.0,15.0,5.686826883245172,1.1489593639,0.61804922,1.461112979,0.843063759,0.3839302871460122,0.3115,0.0,0.94,0.94,0.39774709301263284,-0.35,-2.0,4.5,6.5,2.20661883130428
Li0.9Mg0.9In0.1PO4,-7.600326279,81,train,363.0,5,1.188728656966102,0.5797101449275363,0.014492753623188406,0.5797101449275363,0.0,0.0,0.0,0.0,0.13043478260869565,0.0,0.0,0.0,0.0,0.0,0.0,0.0,0.0,0.0,0.0,0.0,0.13043478260869565,0.0,0.0,0.0,0.0,0.0,0.0,0.0,0.0,0.0,0.0,0.0,0.014492753623188406,0.0,0.0,0.0,0.0,0.0,0.0,0.0,0.0,0.0,0.0,0.0,0.0,0.0,0.14492753623188406,0.0,0.0,0.0,0.0,0.0,0.0,0.0,0.0,0.0,0.5797101449275363,0.0,2.6360869565217393,0.98,3.44,2.46,1.0006088253778649,19.503559710144927,6.941,114.818,107.877,13.470046728769121,0.8999999999999999,0.6,1.55,0.9500000000000001,0.38230801755895083,83.82608695652175,12.0,101.0,89.0,29.411600058844538,2.318840579710145,2.0,5.0,3.0,0.5514868866794332,12.028985507246379,1.0,16.0,15.0,6.278491036502492,0.9866228875362318,-0.42,1.461112979,1.8811129789999999,0.6480165279414669,0.3228985507246377,0.0,0.94,0.94,0.39307078482374846,-0.4830917874396136,-2.0,3.0,5.0,1.8084933203646976
Li2InHf(PO4)3,-7.562249437,82,test,298.0,5,1.1285962936622183,0.631578947368421,0.05263157894736842,0.631578947368421,0.0,0.0,0.0,0.0,0.10526315789473684,0.0,0.0,0.0,0.0,0.0,0.0,0.0,0.0,0.0,0.0,0.05263157894736842,0.0,0.0,0.0,0.0,0.0,0.0,0.0,0.0,0.0,0.0,0.0,0.0,0.05263157894736842,0.0,0.0,0.0,0.0,0.0,0.0,0.0,0.0,0.0,0.0,0.0,0.0,0.0,0.15789473684210525,0.0,0.0,0.0,0.0,0.0,0.0,0.0,0.0,0.0,0.631578947368421,0.0,2.7836842105263155,0.98,3.44,2.46,0.9159878792941806,31.16337294736842,6.941,178.49,171.549,41.44504232426309,0.8526315789473684,0.6,1.55,0.9500000000000001,0.36399598183529963,86.05263157894737,12.0,101.0,89.0,28.139639926268696,2.526315789473684,2.0,6.0,4.0,1.0939268258329753,13.473684210526315,1.0,16.0,15.0,5.050986574320032,1.1353303956842105,0.17807,1.461112979,1.283042979,0.4438491845191747,0.27578947368421053,0.0,0.94,0.94,0.3761622800625127,-0.5263157894736843,-2.0,4.0,6.0,2.0270561418054984
LiI,-7.552841969,83,train,298.0,2,0.6931471805599453,0.5,0.5,0.5,0.0,0.0,0.0,0.0,0.5,0.0,0.0,0.0,0.0,0.0,0.0,0.0,0.0,0.0,0.0,0.0,0.0,0.0,0.0,0.0,0.0,0.0,0.0,0.0,0.0,0.0,0.0,0.0,0.0,0.0,0.0,0.0,0.0,0.0,0.0,0.0,0.0,0.0,0.0,0.0,0.0,0.0,0.0,0.0,0.0,0.0,0.0,0.0,0.5,0.0,0.0,0.0,0.0,0.0,1.82,0.98,2.66,1.6800000000000002,0.8400000000000001,66.922735,6.941,126.90447,119.96347,59.981735,1.4249999999999998,1.4,1.45,0.050000000000000044,0.025000000000000022,54.5,12.0,97.0,85.0,42.5,3.5,2.0,5.0,3.0,1.5,9.0,1.0,17.0,16.0,8.0,1.8385478785,0.61804922,3.059046537,2.440997317,1.2204986585,0.8900000000000001,0.8800000000000001,0.9,0.019999999999999907,0.009999999999999953,2.0,1.0,3.0,2.0,1.0
Li7La3Sn2O12,-7.540607512,84,train,358.0,4,1.17295457751597,0.5,0.08333333333333333,0.5,0.0,0.0,0.0,0.0,0.2916666666666667,0.0,0.125,0.0,0.0,0.0,0.0,0.0,0.0,0.0,0.0,0.0,0.0,0.0,0.0,0.0,0.0,0.0,0.0,0.0,0.0,0.0,0.0,0.0,0.0,0.0,0.0,0.0,0.0,0.0,0.0,0.08333333333333333,0.0,0.0,0.0,0.0,0.0,0.0,0.0,0.0,0.0,0.0,0.0,0.0,0.0,0.0,0.0,0.0,0.5,0.0,2.3066666666666666,0.98,3.44,2.46,1.1608569631478673,37.279842083333335,6.941,138.90547,131.96447,48.357371870310615,1.0875,0.6,1.95,1.35,0.5109733358992423,65.04166666666667,12.0,101.0,89.0,40.27766044044211,2.75,2.0,6.0,4.0,1.479019945774904,9.833333333333332,1.0,16.0,15.0,7.003967129816898,1.073186637,0.5575462,1.461112979,0.9035667789999999,0.4111250663340292,0.4781666666666667,0.0,1.172,1.172,0.4865315737156451,-0.2777777777777777,-2.0,3.0,5.0,1.837537267615692
(Li2S)0.3((P2S5)0.4(Sb2S3)0.6)0.7,-7.525783736,85,train,304.0,4,1.1105771807627205,0.5967741935483871,0.11290322580645162,0.5967741935483871,0.0,0.0,0.0,0.0,0.12096774193548389,0.0,0.0,0.0,0.0,0.0,0.0,0.0,0.0,0.0,0.0,0.0,0.0,0.0,0.0,0.0,0.0,0.0,0.0,0.0,0.0,0.0,0.0,0.0,0.0,0.0,0.0,0.0,0.0,0.0,0.0,0.0,0.0,0.0,0.0,0.16935483870967744,0.0,0.0,0.11290322580645162,0.0,0.0,0.0,0.0,0.5967741935483871,0.0,0.0,0.0,0.0,0.0,0.0,2.252661290322581,0.98,2.58,1.6,0.5169827302147245,44.092884419354846,6.941,121.76,114.819,35.97656886703871,1.1306451612903226,1.0,1.45,0.44999999999999996,0.20426004115360094,82.61290322580646,12.0,94.0,82.0,26.298751864599886,3.217741935483871,2.0,5.0,3.0,0.866588452672854,13.903225806451614,1.0,16.0,15.0,4.806613982968625,1.5760032747580646,0.61804922,2.07710426,1.45905504,0.6211659896172623,0.5920161290322581,0.47,0.9,0.43000000000000005,0.17363745990364468,2.0833333333333335,1.0,2.5,1.5,0.5427511888946859
Li4.4Si0.6Al0.4S4,-7.51570016065321,86,train,298.0,4,1.0288771618784205,0.46808510638297873,0.0425531914893617,0.425531914893617,0.0,0.0,0.0,0.0,0.46808510638297873,0.0,0.0,0.0,0.0,0.0,0.0,0.0,0.0,0.0,0.0,0.0,0.0,0.0,0.0,0.0,0.0,0.0,0.0,0.0425531914893617,0.0,0.0,0.0,0.0,0.0,0.0,0.0,0.0,0.06382978723404255,0.0,0.0,0.0,0.0,0.0,0.0,0.0,0.0,0.0,0.0,0.0,0.0,0.0,0.0,0.425531914893617,0.0,0.0,0.0,0.0,0.0,0.0,1.7463829787234044,0.98,2.58,1.6,0.7569238572457094,19.83450164255319,6.941,32.065,25.124,12.165027882539823,1.2276595744680852,1.0,1.45,0.44999999999999996,0.21507260294140004,54.4468085106383,12.0,94.0,82.0,39.95572470401339,2.5319148936170213,2.0,3.0,1.0,0.4989803999812159,8.72340425531915,1.0,16.0,15.0,7.280700596577446,1.2802851463829787,0.432835,2.07710426,1.64426926,0.711886860252554,0.684468085106383,0.47,0.9,0.43000000000000005,0.20652709379352935,1.6595744680851063,0.0,3.0,3.0,0.8697418483391359
(Li2S)2(LaOI)5,-7.510041521,87,train,483.0,5,1.5648538428609964,0.23809523809523808,0.09523809523809523,0.5714285714285714,0.0,0.0,0.0,0.0,0.19047619047619047,0.0,0.23809523809523808,0.0,0.0,0.0,0.0,0.0,0.0,0.0,0.0,0.0,0.0,0.0,0.0,0.0,0.0,0.0,0.0,0.0,0.0,0.0,0.0,0.0,0.0,0.0,0.0,0.0,0.0,0.0,0.0,0.0,0.0,0.0,0.0,0.0,0.0,0.0,0.0,0.0,0.0,0.0,0.0,0.09523809523809523,0.23809523809523808,0.0,0.0,0.0,0.23809523809523808,0.0,2.146666666666667,0.98,3.44,2.46,0.9994919344267501,71.47336666666668,6.941,138.90547,131.96447,59.05970662904483,1.311904761904762,0.6,1.95,1.35,0.4820355553732431,66.23809523809526,12.0,101.0,89.0,37.54730953763185,3.761904761904762,2.0,6.0,4.0,1.715607955681126,10.285714285714288,1.0,17.0,16.0,7.119007803679073,1.5245206657142858,0.5575462,3.059046537,2.501500337,0.984803780154638,0.7047619047619048,0.0,1.172,1.172,0.4359578294112211,1.3809523809523812,-2.0,3.0,5.0,2.028984979084733
Li4SiO4,-7.507239611,88,train,373.52,3,0.9649629230074277,0.4444444444444444,0.1111111111111111,0.4444444444444444,0.0,0.0,0.0,0.0,0.4444444444444444,0.0,0.0,0.0,0.0,0.0,0.0,0.0,0.0,0.0,0.0,0.0,0.0,0.0,0.0,0.0,0.0,0.0,0.0,0.0,0.0,0.0,0.0,0.0,0.0,0.0,0.0,0.0,0.1111111111111111,0.0,0.0,0.0,0.0,0.0,0.0,0.0,0.0,0.0,0.0,0.0,0.0,0.0,0.0,0.0,0.0,0.0,0.0,0.0,0.4444444444444444,0.0,2.1755555555555555,0.98,3.44,2.46,1.163740245082506,13.316344444444443,6.941,28.0855,21.1445,6.745394901727171,1.0333333333333332,0.6,1.45,0.85,0.4013864859597432,59.666666666666664,12.0,101.0,89.0,42.90040144852312,2.111111111111111,2.0,3.0,1.0,0.3142696805273545,9.11111111111111,1.0,16.0,15.0,7.279261935181866,1.0784633417777776,0.61804922,1.461112979,0.843063759,0.412359696614209,0.45999999999999996,0.0,0.9,0.9,0.425205832509386,-0.4444444444444444,-2.0,1.0,3.0,1.4229164972072998
Li2Mg2(MoO4)3,-7.500312917,89,train,549.0,4,1.0556334325506451,0.631578947368421,0.10526315789473684,0.631578947368421,0.0,0.0,0.0,0.0,0.10526315789473684,0.0,0.0,0.0,0.0,0.0,0.0,0.0,0.0,0.0,0.0,0.0,0.10526315789473684,0.0,0.0,0.0,0.0,0.0,0.0,0.0,0.0,0.0,0.0,0.0,0.0,0.0,0.0,0.0,0.0,0.0,0.0,0.0,0.0,0.0,0.0,0.0,0.0,0.15789473684210525,0.0,0.0,0.0,0.0,0.0,0.0,0.0,0.0,0.0,0.0,0.631578947368421,0.0,2.754736842105263,0.98,3.44,2.46,0.9506251041512942,28.54235789473684,6.941,95.94,88.999,29.4550359617809,0.9184210526315789,0.6,1.5,0.9,0.41713639266204344,81.57894736842104,12.0,101.0,89.0,29.306575136995928,2.5789473684210527,2.0,5.0,3.0,1.0913916501751433,11.368421052631579,1.0,16.0,15.0,6.21721317088198,1.0616404309473682,-0.42,1.461112979,1.8811129789999999,0.6067839953664297,0.3076315789473684,0.0,0.9,0.9,0.40412142658342515,-0.1578947368421053,-2.0,5.0,7.0,2.6410356400619746
LiAlSb(PO4)3,-7.498940738,90,train,303.0,5,1.0506652765928128,0.6666666666666666,0.05555555555555555,0.6666666666666666,0.0,0.0,0.0,0.0,0.05555555555555555,0.0,0.0,0.0,0.0,0.0,0.0,0.0,0.0,0.0,0.0,0.0,0.0,0.0,0.0,0.0,0.0,0.0,0.0,0.05555555555555555,0.0,0.0,0.0,0.0,0.0,0.0,0.0,0.0,0.0,0.0,0.0,0.0,0.0,0.0,0.0,0.05555555555555555,0.0,0.0,0.16666666666666666,0.0,0.0,0.0,0.0,0.0,0.0,0.0,0.0,0.0,0.6666666666666666,0.0,2.916111111111111,0.98,3.44,2.46,0.7845673888547248,24.47759025555556,6.941,121.76,114.819,24.457248712920354,0.7972222222222222,0.6,1.45,0.85,0.3025228284417476,92.33333333333334,12.0,101.0,89.0,20.46948949045872,2.3888888888888893,2.0,5.0,3.0,0.7556372504853025,14.77777777777778,1.0,16.0,15.0,3.424674446093876,1.215081582666667,0.432835,1.461112979,1.0282779789999998,0.3637192767452735,0.2252777777777778,0.0,0.9,0.9,0.32901567094652967,-0.7407407407407409,-2.0,3.0,5.0,1.8140587994456974
LiTi0.1Zr1.9(PO4)3,-7.494850022,91,train,298.0,5,0.9957061724579157,0.6666666666666666,0.005555555555555556,0.6666666666666666,0.0,0.0,0.0,0.0,0.05555555555555555,0.0,0.0,0.0,0.0,0.0,0.0,0.0,0.0,0.0,0.0,0.0,0.0,0.10555555555555556,0.0,0.0,0.005555555555555556,0.0,0.0,0.0,0.0,0.0,0.0,0.0,0.0,0.0,0.0,0.0,0.0,0.0,0.0,0.0,0.0,0.0,0.0,0.0,0.0,0.0,0.16666666666666666,0.0,0.0,0.0,0.0,0.0,0.0,0.0,0.0,0.0,0.6666666666666666,0.0,2.8617222222222223,0.98,3.44,2.46,0.8673009413343826,26.109299222222226,6.941,91.224,84.283,23.29536110253895,0.8186111111111112,0.6,1.55,0.9500000000000001,0.34326983860916976,88.45555555555556,12.0,101.0,89.0,24.53915742061207,2.494444444444445,2.0,5.0,3.0,0.9457344131662513,13.666666666666668,1.0,16.0,15.0,4.818944098266987,1.1790019943333334,0.075545,1.461112979,1.385567979,0.40885523198665086,0.23717592592592593,0.0,0.9,0.9,0.3482280585743539,-0.5555555555555555,-2.0,4.0,6.0,2.1573875376608447
(Li2O)16.6(SiO2)83.4,-7.493494968,92,train,363.0,3,0.9003254008126582,0.6113333333333334,0.11066666666666668,0.6113333333333334,0.0,0.0,0.0,0.0,0.11066666666666668,0.0,0.0,0.0,0.0,0.0,0.0,0.0,0.0,0.0,0.0,0.0,0.0,0.0,0.0,0.0,0.0,0.0,0.0,0.0,0.0,0.0,0.0,0.0,0.0,0.0,0.0,0.0,0.278,0.0,0.0,0.0,0.0,0.0,0.0,0.0,0.0,0.0,0.0,0.0,0.0,0.0,0.0,0.0,0.0,0.0,0.0,0.0,0.6113333333333334,0.0,2.73964,0.98,3.44,2.46,0.9157025010340423,18.35687286666667,6.941,28.0855,21.1445,6.643158284326599,0.8330666666666667,0.6,1.45,0.85,0.308442207804891,86.70266666666669,12.0,101.0,89.0,27.2643526646466,2.2780000000000005,2.0,3.0,1.0,0.44801339265696066,13.784000000000002,1.0,16.0,15.0,4.593619923328442,1.3479114306820001,0.61804922,1.461112979,0.843063759,0.2593594331371296,0.24972000000000005,0.0,0.9,0.9,0.3291575938665247,-1.112,-2.0,1.0,3.0,1.1486757592985064
Li2TiO3,-7.453457337,93,train,459.0,3,1.0114042647073516,0.5,0.16666666666666666,0.5,0.0,0.0,0.0,0.0,0.3333333333333333,0.0,0.0,0.0,0.0,0.0,0.0,0.0,0.0,0.0,0.0,0.0,0.0,0.0,0.0,0.0,0.16666666666666666,0.0,0.0,0.0,0.0,0.0,0.0,0.0,0.0,0.0,0.0,0.0,0.0,0.0,0.0,0.0,0.0,0.0,0.0,0.0,0.0,0.0,0.0,0.0,0.0,0.0,0.0,0.0,0.0,0.0,0.0,0.0,0.5,0.0,2.303333333333334,0.98,3.44,2.46,1.1518921631626615,18.291200000000003,6.941,47.867,40.925999999999995,13.833167071932587,1.0166666666666668,0.6,1.45,0.85,0.4169998667732268,63.00000000000001,12.0,101.0,89.0,40.162171256046406,2.3333333333333335,2.0,4.0,2.0,0.74535599249993,9.000000000000002,1.0,16.0,15.0,7.0710678118654755,0.9491637295,0.075545,1.461112979,1.385567979,0.5429486506608897,0.4419444444444445,0.0,0.9,0.9,0.4422380126996584,-1.1102230246251568e-16,-2.0,4.0,6.0,2.23606797749979
LiGa2GeS6,-7.42021640338319,94,train,298.0,4,1.0888999753452235,0.6,0.1,0.6,0.0,0.0,0.0,0.0,0.1,0.0,0.0,0.0,0.0,0.0,0.0,0.0,0.0,0.0,0.0,0.0,0.0,0.0,0.0,0.0,0.0,0.0,0.0,0.0,0.0,0.0,0.0,0.0,0.0,0.2,0.0,0.0,0.0,0.0,0.0,0.0,0.1,0.0,0.0,0.0,0.0,0.0,0.0,0.0,0.0,0.0,0.0,0.6,0.0,0.0,0.0,0.0,0.0,0.0,2.209,0.98,2.58,1.6,0.519065506463298,41.1417,6.941,72.64,65.699,20.71214885061422,1.13,1.0,1.45,0.44999999999999996,0.1661324772583615,82.2,12.0,94.0,82.0,24.019991673603887,3.2,2.0,4.0,2.0,0.6,13.7,1.0,16.0,15.0,4.405678154382138,1.4915683493,0.30116615,2.07710426,1.77593811,0.7563920486392237,0.601,0.47,0.9,0.43000000000000005,0.1647695360192533,2.2666666666666666,0.6666666666666666,3.0,2.3333333333333335,0.7461009761866464
LiBiO2,-7.42021640338319,95,train,298.0,3,1.0397207708399179,0.5,0.25,0.5,0.0,0.0,0.0,0.0,0.25,0.0,0.0,0.0,0.0,0.0,0.0,0.0,0.0,0.0,0.0,0.0,0.0,0.0,0.0,0.0,0.0,0.0,0.0,0.0,0.0,0.0,0.0,0.0,0.0,0.0,0.0,0.0,0.0,0.0,0.0,0.0,0.0,0.25,0.0,0.0,0.0,0.0,0.0,0.0,0.0,0.0,0.0,0.0,0.0,0.0,0.0,0.0,0.5,0.0,2.4699999999999998,0.98,3.44,2.46,1.0373523991392704,61.98005,6.941,208.9804,202.0394,84.95122170085313,1.0625,0.6,1.6,1.0,0.46553061123840184,75.25,12.0,101.0,89.0,36.961973702712356,3.0,2.0,6.0,4.0,1.7320508075688772,12.0,1.0,16.0,15.0,6.363961030678928,1.1206593269999998,0.61804922,1.461112979,0.843063759,0.35924371547630535,0.48375,0.0,1.035,1.035,0.48609894826053673,0.0,-2.0,3.0,5.0,2.1213203435596424
LiTiZr(PO4)3,-7.397940009,96,test,298.0,5,1.0506652765928128,0.6666666666666666,0.05555555555555555,0.6666666666666666,0.0,0.0,0.0,0.0,0.05555555555555555,0.0,0.0,0.0,0.0,0.0,0.0,0.0,0.0,0.0,0.0,0.0,0.0,0.05555555555555555,0.0,0.0,0.05555555555555555,0.0,0.0,0.0,0.0,0.0,0.0,0.0,0.0,0.0,0.0,0.0,0.0,0.0,0.0,0.0,0.0,0.0,0.0,0.0,0.0,0.0,0.16666666666666666,0.0,0.0,0.0,0.0,0.0,0.0,0.0,0.0,0.0,0.6666666666666666,0.0,2.872222222222222,0.98,3.44,2.46,0.849787918349537,23.941449222222218,6.941,91.224,84.283,18.698875355565463,0.811111111111111,0.6,1.55,0.9500000000000001,0.3285302098216115,88.55555555555556,12.0,101.0,89.0,24.381737751900893,2.444444444444444,2.0,5.0,3.0,0.8314794192830981,13.666666666666664,1.0,16.0,15.0,4.818944098266987,1.1611147943333333,0.075545,1.461112979,1.385567979,0.44712316224983967,0.23675925925925925,0.0,0.9,0.9,0.3474867757596631,-0.5555555555555555,-2.0,4.0,6.0,2.1573875376608442
LiBH4,-7.397940009,97,test,313.0,3,0.8675632284814612,0.6666666666666666,0.16666666666666666,0.0,0.0,0.0,0.0,0.0,0.16666666666666666,0.0,0.0,0.0,0.0,0.0,0.0,0.0,0.0,0.0,0.0,0.0,0.0,0.0,0.0,0.0,0.0,0.0,0.0,0.0,0.0,0.0,0.0,0.0,0.0,0.0,0.0,0.0,0.0,0.0,0.0,0.0,0.0,0.0,0.16666666666666666,0.0,0.0,0.0,0.0,0.6666666666666666,0.0,0.0,0.0,0.0,0.0,0.0,0.0,0.0,0.0,0.0,1.9700000000000002,0.98,2.2,1.2200000000000002,0.4465795935030321,3.6306266666666667,1.00794,10.811,9.80306,3.8736346888964923,0.5500000000000002,0.25,1.45,1.2,0.458257569495584,85.0,12.0,103.0,91.0,33.23151115031234,1.3333333333333335,1.0,2.0,1.0,0.47140452079103173,3.0,1.0,13.0,12.0,4.47213595499958,0.6524255383333334,0.27972325,0.75419519,0.47447194000000004,0.17393340439781185,0.21833333333333335,0.0,0.9,0.9,0.3396280645385805,0.6666666666666667,0.0,3.0,3.0,1.1055415967851334
Li4.25Si0.75Al0.25O4,-7.387216143,98,train,323.34,4,1.0211372837037784,0.4594594594594595,0.02702702702702703,0.43243243243243246,0.0,0.0,0.0,0.0,0.4594594594594595,0.0,0.0,0.0,0.0,0.0,0.0,0.0,0.0,0.0,0.0,0.0,0.0,0.0,0.0,0.0,0.0,0.0,0.0,0.02702702702702703,0.0,0.0,0.0,0.0,0.0,0.0,0.0,0.0,0.08108108108108109,0.0,0.0,0.0,0.0,0.0,0.0,0.0,0.0,0.0,0.0,0.0,0.0,0.0,0.0,0.0,0.0,0.0,0.0,0.0,0.43243243243243246,0.0,2.1354054054054057,0.98,3.44,2.46,1.1667478353620944,13.114201043243243,6.941,28.0855,21.1445,6.669323450507311,1.0486486486486486,0.6,1.45,0.85,0.4029429720374709,58.24324324324325,12.0,101.0,89.0,42.940817478217504,2.1081081081081083,2.0,3.0,1.0,0.31051689981286645,8.864864864864865,1.0,16.0,15.0,7.282567716767629,1.0401633309189189,0.432835,1.461112979,1.0282779789999998,0.42232444987606044,0.47554054054054057,0.0,0.9,0.9,0.4265920637998381,-0.32432432432432434,-2.0,3.0,5.0,1.5255314369373065
(AgI)0.5(LiPO3)0.5,-7.387216143,99,train,303.0,5,1.4750763110546947,0.42857142857142855,0.14285714285714285,0.5714285714285714,0.0,0.0,0.0,0.0,0.14285714285714285,0.0,0.0,0.0,0.0,0.0,0.0,0.0,0.0,0.0,0.0,0.0,0.0,0.0,0.0,0.0,0.0,0.0,0.0,0.0,0.0,0.0,0.0,0.0,0.0,0.0,0.0,0.0,0.0,0.0,0.14285714285714285,0.0,0.0,0.0,0.0,0.0,0.0,0.0,0.14285714285714285,0.0,0.0,0.0,0.0,0.0,0.14285714285714285,0.0,0.0,0.0,0.42857142857142855,0.0,2.5828571428571427,0.98,3.44,2.46,0.8750300286392508,45.812233142857146,6.941,126.90447,119.96347,46.01934679021276,1.0357142857142856,0.6,1.6,1.0,0.41292881236556095,81.85714285714286,12.0,101.0,89.0,30.220279716151683,2.9999999999999996,2.0,5.0,3.0,1.3093073414159542,13.142857142857142,1.0,17.0,16.0,5.276052946462682,1.4445024005714284,0.61804922,3.059046537,2.440997317,0.7365235560337998,0.4880952380952381,0.0,1.0866666666666667,1.0866666666666667,0.44722728550252744,0.09523809523809518,-2.0,3.0,5.0,1.9166296949998198
Li2CrHf(PO4)3,-7.3767507096021,100,train,298.0,5,1.1285962936622183,0.631578947368421,0.05263157894736842,0.631578947368421,0.0,0.0,0.0,0.0,0.10526315789473684,0.0,0.0,0.0,0.0,0.0,0.0,0.0,0.0,0.0,0.0,0.05263157894736842,0.0,0.0,0.0,0.0,0.0,0.0,0.0,0.0,0.0,0.0,0.05263157894736842,0.0,0.0,0.0,0.0,0.0,0.0,0.0,0.0,0.0,0.0,0.0,0.0,0.0,0.0,0.0,0.15789473684210525,0.0,0.0,0.0,0.0,0.0,0.0,0.0,0.0,0.0,0.631578947368421,0.0,2.7773684210526315,0.98,3.44,2.46,0.9232713127231382,27.856957157894737,6.941,178.49,171.549,36.895535102138155,0.844736842105263,0.6,1.55,0.9500000000000001,0.3501483658627347,84.89473684210526,12.0,101.0,89.0,28.849691664578916,2.473684210526316,2.0,6.0,4.0,0.9930506454796424,13.105263157894736,1.0,16.0,15.0,5.320217020129371,1.1506989362105262,0.17807,1.461112979,1.283042979,0.4220871680912005,0.27578947368421053,0.0,0.94,0.94,0.3761622800625127,-0.4473684210526316,-2.0,4.5,6.5,2.1858480439599344
Li4SiS4,-7.307153081,101,train,298.0,3,0.9649629230074277,0.4444444444444444,0.1111111111111111,0.4444444444444444,0.0,0.0,0.0,0.0,0.4444444444444444,0.0,0.0,0.0,0.0,0.0,0.0,0.0,0.0,0.0,0.0,0.0,0.0,0.0,0.0,0.0,0.0,0.0,0.0,0.0,0.0,0.0,0.0,0.0,0.0,0.0,0.0,0.0,0.1111111111111111,0.0,0.0,0.0,0.0,0.0,0.0,0.0,0.0,0.0,0.0,0.0,0.0,0.0,0.0,0.4444444444444444,0.0,0.0,0.0,0.0,0.0,0.0,1.7933333333333332,0.98,2.58,1.6,0.7551894537870024,20.45661111111111,6.941,32.065,25.124,12.146813440793109,1.211111111111111,1.0,1.45,0.44999999999999996,0.21573875376608442,56.55555555555556,12.0,94.0,82.0,39.941933161670555,2.555555555555556,2.0,3.0,1.0,0.49690399499995325,9.11111111111111,1.0,16.0,15.0,7.279261935181866,1.3522372444444444,0.61804922,2.07710426,1.45905504,0.6879314469415236,0.6688888888888889,0.47,0.9,0.43000000000000005,0.20776292282013514,1.5555555555555556,0.0,2.5,2.5,0.8958064164776166
LiZr2(PO4)3,-7.301029996,102,train,298.0,4,0.9736489231972634,0.6666666666666666,0.05555555555555555,0.6666666666666666,0.0,0.0,0.0,0.0,0.05555555555555555,0.0,0.0,0.0,0.0,0.0,0.0,0.0,0.0,0.0,0.0,0.0,0.0,0.1111111111111111,0.0,0.0,0.0,0.0,0.0,0.0,0.0,0.0,0.0,0.0,0.0,0.0,0.0,0.0,0.0,0.0,0.0,0.0,0.0,0.0,0.0,0.0,0.0,0.0,0.16666666666666666,0.0,0.0,0.0,0.0,0.0,0.0,0.0,0.0,0.0,0.6666666666666666,0.0,2.860555555555555,0.98,3.44,2.46,0.8692172227049539,26.35017144444444,6.941,91.224,84.283,23.7390180479883,0.8194444444444444,0.6,1.55,0.9500000000000001,0.3448586219536964,88.44444444444444,12.0,101.0,89.0,24.556561065385857,2.5,2.0,5.0,3.0,0.9574271077563381,13.666666666666666,1.0,16.0,15.0,4.818944098266987,1.180989461,0.433289,1.461112979,1.0278239789999999,0.4043309127257419,0.23722222222222222,0.0,0.9,0.9,0.34831029518002343,-0.5555555555555555,-2.0,4.0,6.0,2.1573875376608442
LiZr2P3O12,-7.301029996,103,test,303.0,4,0.9736489231972634,0.6666666666666666,0.05555555555555555,0.6666666666666666,0.0,0.0,0.0,0.0,0.05555555555555555,0.0,0.0,0.0,0.0,0.0,0.0,0.0,0.0,0.0,0.0,0.0,0.0,0.1111111111111111,0.0,0.0,0.0,0.0,0.0,0.0,0.0,0.0,0.0,0.0,0.0,0.0,0.0,0.0,0.0,0.0,0.0,0.0,0.0,0.0,0.0,0.0,0.0,0.0,0.16666666666666666,0.0,0.0,0.0,0.0,0.0,0.0,0.0,0.0,0.0,0.6666666666666666,0.0,2.860555555555555,0.98,3.44,2.46,0.8692172227049539,26.35017144444444,6.941,91.224,84.283,23.7390180479883,0.8194444444444444,0.6,1.55,0.9500000000000001,0.3448586219536964,88.44444444444444,12.0,101.0,89.0,24.556561065385857,2.5,2.0,5.0,3.0,0.9574271077563381,13.666666666666666,1.0,16.0,15.0,4.818944098266987,1.180989461,0.433289,1.461112979,1.0278239789999999,0.4043309127257419,0.23722222222222222,0.0,0.9,0.9,0.34831029518002343,-0.5555555555555555,-2.0,4.0,6.0,2.1573875376608442
Li3AlN2,-7.30102999566398,104,train,298.0,3,1.0114042647073518,0.5,0.16666666666666666,0.3333333333333333,0.0,0.0,0.0,0.0,0.5,0.0,0.0,0.0,0.0,0.0,0.0,0.0,0.0,0.0,0.0,0.0,0.0,0.0,0.0,0.0,0.0,0.0,0.0,0.16666666666666666,0.0,0.0,0.0,0.0,0.0,0.0,0.0,0.0,0.0,0.0,0.0,0.0,0.0,0.0,0.0,0.0,0.0,0.0,0.0,0.0,0.0,0.0,0.0,0.0,0.0,0.0,0.3333333333333333,0.0,0.0,0.0,1.7716666666666665,0.98,3.04,2.06,0.9240926480728121,12.636323099999998,6.941,26.9815386,20.0405386,7.151354056840428,1.15,0.65,1.45,0.7999999999999999,0.3605551275463989,52.66666666666666,12.0,100.0,88.0,41.20949189473491,2.1666666666666665,2.0,3.0,1.0,0.3726779962499649,7.666666666666666,1.0,15.0,14.0,6.69991708074726,0.35783044333333336,-0.07,0.61804922,0.6880492199999999,0.3095278380577009,0.6575,0.28500000000000003,0.9,0.615,0.27514768761521513,1.5555555555555556,1.0,3.0,2.0,0.7114582486036498
(Li2O)50(Al2O3)2(P2O5)48,-7.299988938,105,train,333.0,4,0.9876524974827443,0.5967741935483871,0.008064516129032258,0.5967741935483871,0.0,0.0,0.0,0.0,0.20161290322580644,0.0,0.0,0.0,0.0,0.0,0.0,0.0,0.0,0.0,0.0,0.0,0.0,0.0,0.0,0.0,0.0,0.0,0.0,0.008064516129032258,0.0,0.0,0.0,0.0,0.0,0.0,0.0,0.0,0.0,0.0,0.0,0.0,0.0,0.0,0.0,0.0,0.0,0.0,0.1935483870967742,0.0,0.0,0.0,0.0,0.0,0.0,0.0,0.0,0.0,0.5967741935483871,0.0,2.687338709677419,0.98,3.44,2.46,0.9914677201575773,17.159938924193547,6.941,30.973762,24.032762,7.7180765894687,0.8540322580645161,0.6,1.45,0.85,0.33986458250792806,80.75806451612902,12.0,101.0,89.0,34.84559743740996,2.2016129032258065,2.0,3.0,1.0,0.4012046117365403,12.758064516129032,1.0,16.0,15.0,5.926119014707925,1.1445568111774194,0.432835,1.461112979,1.0282779789999998,0.3878484772436976,0.2933467741935484,0.0,0.9,0.9,0.37346606799173476,-0.6451612903225807,-2.0,3.0,5.0,1.6681401741616617
Li5GaS4,-7.292429824,106,train,373.0,3,0.9433483923290392,0.5,0.1,0.4,0.0,0.0,0.0,0.0,0.5,0.0,0.0,0.0,0.0,0.0,0.0,0.0,0.0,0.0,0.0,0.0,0.0,0.0,0.0,0.0,0.0,0.0,0.0,0.0,0.0,0.0,0.0,0.0,0.0,0.1,0.0,0.0,0.0,0.0,0.0,0.0,0.0,0.0,0.0,0.0,0.0,0.0,0.0,0.0,0.0,0.0,0.0,0.4,0.0,0.0,0.0,0.0,0.0,0.0,1.703,0.98,2.58,1.6,0.7550900608536707,23.2688,6.941,69.723,62.782,19.494795458275522,1.255,1.0,1.45,0.44999999999999996,0.21266170318136735,51.7,12.0,94.0,82.0,39.86991346867961,2.6,2.0,4.0,2.0,0.6633249580710799,8.200000000000001,1.0,16.0,15.0,7.249827584156743,1.1699829290000001,0.30116615,2.07710426,1.77593811,0.7462890276391089,0.714,0.47,0.9,0.43000000000000005,0.20328305389284176,1.8,1.0,3.0,2.0,0.812403840463596
(Li2O)50(Al2O3)3(P2O5)47,-7.279840697,107,train,325.0,4,1.0015036618334079,0.5951417004048583,0.012145748987854251,0.5951417004048583,0.0,0.0,0.0,0.0,0.20242914979757085,0.0,0.0,0.0,0.0,0.0,0.0,0.0,0.0,0.0,0.0,0.0,0.0,0.0,0.0,0.0,0.0,0.0,0.0,0.012145748987854251,0.0,0.0,0.0,0.0,0.0,0.0,0.0,0.0,0.0,0.0,0.0,0.0,0.0,0.0,0.0,0.0,0.0,0.0,0.1902834008097166,0.0,0.0,0.0,0.0,0.0,0.0,0.0,0.0,0.0,0.5951417004048583,0.0,2.681943319838056,0.98,3.44,2.46,0.9941644859516157,17.148474614574898,6.941,30.973762,24.032762,7.70858450594406,0.8560728744939271,0.6,1.45,0.85,0.3409672517326047,80.63562753036436,12.0,101.0,89.0,34.88716377503515,2.2024291497975708,2.0,3.0,1.0,0.4018103894995791,12.736842105263158,1.0,16.0,15.0,5.932786394281398,1.1420048667327936,0.432835,1.461112979,1.0282779789999998,0.3899139665868755,0.2950404858299595,0.0,0.9,0.9,0.3741835895450043,-0.6342780026990553,-2.0,3.0,5.0,1.678857977867396
LiZnPS4,-7.26760624017703,108,test,298.0,4,1.15374194270109,0.5714285714285714,0.14285714285714285,0.5714285714285714,0.0,0.0,0.0,0.0,0.14285714285714285,0.0,0.0,0.0,0.0,0.0,0.0,0.0,0.0,0.0,0.0,0.0,0.0,0.0,0.0,0.0,0.0,0.0,0.0,0.0,0.0,0.14285714285714285,0.0,0.0,0.0,0.0,0.0,0.0,0.0,0.0,0.0,0.0,0.0,0.0,0.0,0.0,0.0,0.0,0.14285714285714285,0.0,0.0,0.0,0.0,0.5714285714285714,0.0,0.0,0.0,0.0,0.0,0.0,2.162857142857143,0.98,2.58,1.6,0.5805099798751904,33.08339457142857,6.941,65.409,58.468,15.752408522648384,1.1142857142857143,1.0,1.45,0.44999999999999996,0.182667312179206,79.14285714285714,12.0,94.0,82.0,28.078606861190707,3.0,2.0,4.0,2.0,0.5345224838248488,13.14285714285714,1.0,16.0,15.0,5.138887356744271,1.2932964814285715,-0.62,2.07710426,2.69710426,0.9908832933289894,0.6014285714285713,0.47,0.9,0.43000000000000005,0.1845789472152825,2.095238095238095,1.0,2.5,1.5,0.5408484138857403
LiPO3,-7.259637311,109,test,343.0,3,0.9502705392332347,0.6,0.2,0.6,0.0,0.0,0.0,0.0,0.2,0.0,0.0,0.0,0.0,0.0,0.0,0.0,0.0,0.0,0.0,0.0,0.0,0.0,0.0,0.0,0.0,0.0,0.0,0.0,0.0,0.0,0.0,0.0,0.0,0.0,0.0,0.0,0.0,0.0,0.0,0.0,0.0,0.0,0.0,0.0,0.0,0.0,0.2,0.0,0.0,0.0,0.0,0.0,0.0,0.0,0.0,0.0,0.6,0.0,2.6980000000000004,0.98,3.44,2.46,0.9860304254940615,17.182592399999997,6.941,30.973762,24.032762,7.7367487562923385,0.8499999999999999,0.6,1.45,0.85,0.33763886032268264,81.0,12.0,101.0,89.0,34.762048271067115,2.2,2.0,3.0,1.0,0.4,12.799999999999999,1.0,16.0,15.0,5.912698199637794,1.1495994534,0.61804922,1.461112979,0.843063759,0.38368447907009995,0.29000000000000004,0.0,0.9,0.9,0.37202150475476553,-0.6666666666666666,-2.0,1.6666666666666667,3.666666666666667,1.6465452046971292
Li3Fe2(PO4)3,-7.251811973,110,train,323.0,4,1.1058898790247633,0.6,0.1,0.6,0.0,0.0,0.0,0.0,0.15,0.0,0.0,0.0,0.0,0.0,0.0,0.0,0.0,0.0,0.0,0.0,0.0,0.0,0.0,0.0,0.0,0.0,0.0,0.0,0.0,0.0,0.0,0.0,0.0,0.0,0.1,0.0,0.0,0.0,0.0,0.0,0.0,0.0,0.0,0.0,0.0,0.0,0.15,0.0,0.0,0.0,0.0,0.0,0.0,0.0,0.0,0.0,0.6,0.0,2.7225,0.98,3.44,2.46,0.9415512466137995,20.8713543,6.941,55.845,48.903999999999996,13.452663840844613,0.8675,0.6,1.45,0.85,0.35329697139941635,82.0,12.0,101.0,89.0,31.70646621747684,2.3499999999999996,2.0,4.0,2.0,0.653834841531101,12.799999999999999,1.0,16.0,15.0,5.482700064749119,1.0966901719,0.15323635,1.461112979,1.307876629,0.47057516659623405,0.30275,0.0,0.9,0.9,0.384568670720848,-0.5499999999999999,-2.0,2.5,4.5,1.8136059844041834
LiTi0.2Zr1.8(PO4)3,-7.251811973,111,train,298.0,5,1.009769253574091,0.6666666666666666,0.011111111111111112,0.6666666666666666,0.0,0.0,0.0,0.0,0.05555555555555555,0.0,0.0,0.0,0.0,0.0,0.0,0.0,0.0,0.0,0.0,0.0,0.0,0.1,0.0,0.0,0.011111111111111112,0.0,0.0,0.0,0.0,0.0,0.0,0.0,0.0,0.0,0.0,0.0,0.0,0.0,0.0,0.0,0.0,0.0,0.0,0.0,0.0,0.0,0.16666666666666666,0.0,0.0,0.0,0.0,0.0,0.0,0.0,0.0,0.0,0.6666666666666666,0.0,2.862888888888889,0.98,3.44,2.46,0.8653788437498784,25.868427,6.941,91.224,84.283,22.840549053334477,0.8177777777777778,0.6,1.55,0.9500000000000001,0.34167163501356024,88.46666666666668,12.0,101.0,89.0,24.52173638948832,2.4888888888888894,2.0,5.0,3.0,0.9338622839755865,13.666666666666668,1.0,16.0,15.0,4.818944098266987,1.1770145276666668,0.075545,1.461112979,1.385567979,0.4133204742237944,0.23712962962962966,0.0,0.9,0.9,0.34814579638685594,-0.5555555555555556,-2.0,4.0,6.0,2.1573875376608447
Li(Li0.34Ti1.66)O4,-7.21968268785985,112,train,298.0,3,0.9775284423236889,0.5714285714285714,0.19142857142857145,0.5714285714285714,0.0,0.0,0.0,0.0,0.19142857142857145,0.0,0.0,0.0,0.0,0.0,0.0,0.0,0.0,0.0,0.0,0.0,0.0,0.0,0.0,0.0,0.23714285714285713,0.0,0.0,0.0,0.0,0.0,0.0,0.0,0.0,0.0,0.0,0.0,0.0,0.0,0.0,0.0,0.0,0.0,0.0,0.0,0.0,0.0,0.0,0.0,0.0,0.0,0.0,0.0,0.0,0.0,0.0,0.0,0.5714285714285714,0.0,2.5185142857142857,0.98,3.44,2.46,1.0795364447345925,21.82253714285714,6.941,47.867,40.925999999999995,14.920712441149634,0.9524285714285713,0.6,1.45,0.85,0.40727469043556797,72.10571428571428,12.0,101.0,89.0,35.69710226620757,2.474285714285714,2.0,4.0,2.0,0.8506612074121627,10.282857142857143,1.0,16.0,15.0,6.673400748570432,0.9711489386857142,0.075545,1.461112979,1.385567979,0.5926726515511731,0.374252380952381,0.0,0.9,0.9,0.4324356321886468,-0.0028571428571427804,-2.0,4.0,6.0,2.504280417238306
LiSi2N3,-7.20971483596676,113,train,298.0,3,1.0114042647073518,0.5,0.16666666666666666,0.5,0.0,0.0,0.0,0.0,0.16666666666666666,0.0,0.0,0.0,0.0,0.0,0.0,0.0,0.0,0.0,0.0,0.0,0.0,0.0,0.0,0.0,0.0,0.0,0.0,0.0,0.0,0.0,0.0,0.0,0.0,0.0,0.0,0.0,0.3333333333333333,0.0,0.0,0.0,0.0,0.0,0.0,0.0,0.0,0.0,0.0,0.0,0.0,0.0,0.0,0.0,0.0,0.0,0.5,0.0,0.0,0.0,2.3166666666666664,0.98,3.04,2.06,0.7856561306039402,17.522016666666666,6.941,28.0855,21.1445,7.876173222324122,0.9333333333333333,0.65,1.45,0.7999999999999999,0.30641293851417056,80.33333333333333,12.0,100.0,88.0,31.287200080686173,2.333333333333333,2.0,3.0,1.0,0.4714045207910317,12.333333333333332,1.0,15.0,14.0,5.08811250749125,0.5311819633333333,-0.07,1.38952128,1.4595212800000001,0.6538728143995024,0.4725,0.28500000000000003,0.9,0.615,0.22261233119483745,1.0,0.0,1.6666666666666667,1.6666666666666667,0.7453559924999299
LiTi0.5Zr1.5(PO4)3,-7.207608311,114,train,298.0,5,1.0361306059326865,0.6666666666666666,0.027777777777777776,0.6666666666666666,0.0,0.0,0.0,0.0,0.05555555555555555,0.0,0.0,0.0,0.0,0.0,0.0,0.0,0.0,0.0,0.0,0.0,0.0,0.08333333333333333,0.0,0.0,0.027777777777777776,0.0,0.0,0.0,0.0,0.0,0.0,0.0,0.0,0.0,0.0,0.0,0.0,0.0,0.0,0.0,0.0,0.0,0.0,0.0,0.0,0.0,0.16666666666666666,0.0,0.0,0.0,0.0,0.0,0.0,0.0,0.0,0.0,0.6666666666666666,0.0,2.8663888888888884,0.98,3.44,2.46,0.8595772629540954,25.145810333333333,6.941,91.224,84.283,21.40198459042527,0.8152777777777777,0.6,1.55,0.9500000000000001,0.3368191578009309,88.5,12.0,101.0,89.0,24.469368606484313,2.472222222222222,2.0,5.0,3.0,0.8970975145530634,13.666666666666666,1.0,16.0,15.0,4.818944098266987,1.1710521276666666,0.075545,1.461112979,1.385567979,0.42638017683370527,0.23699074074074072,0.0,0.9,0.9,0.3478988561518951,-0.5555555555555556,-2.0,4.0,6.0,2.1573875376608442
Li7SbO6,-7.17392519729917,115,train,298.0,3,0.8982053397041498,0.5,0.07142857142857142,0.42857142857142855,0.0,0.0,0.0,0.0,0.5,0.0,0.0,0.0,0.0,0.0,0.0,0.0,0.0,0.0,0.0,0.0,0.0,0.0,0.0,0.0,0.0,0.0,0.0,0.0,0.0,0.0,0.0,0.0,0.0,0.0,0.0,0.0,0.0,0.0,0.0,0.0,0.0,0.0,0.0,0.07142857142857142,0.0,0.0,0.0,0.0,0.0,0.0,0.0,0.0,0.0,0.0,0.0,0.0,0.42857142857142855,0.0,2.1107142857142858,0.98,3.44,2.46,1.1818657422283891,19.02452857142857,6.941,121.76,114.819,28.824056354332836,1.0857142857142856,0.6,1.45,0.85,0.4206409104095845,55.57142857142857,12.0,101.0,89.0,43.6900025924766,2.2142857142857144,2.0,5.0,3.0,0.7726181304565691,8.428571428571429,1.0,16.0,15.0,7.432691165330608,1.0100302574285713,0.61804922,1.461112979,0.843063759,0.40512733912826127,0.5092857142857143,0.0,0.9,0.9,0.4414014092429165,-0.23809523809523805,-2.0,1.6666666666666667,3.666666666666667,1.5349296629796378
(LiCl)0.5(P2O5)0.5,-7.165859166,116,train,303.0,4,1.1490596969706202,0.5555555555555556,0.1111111111111111,0.6666666666666667,0.0,0.0,0.0,0.0,0.1111111111111111,0.0,0.0,0.0,0.0,0.0,0.0,0.0,0.0,0.0,0.0,0.0,0.0,0.0,0.0,0.0,0.0,0.0,0.0,0.0,0.0,0.0,0.0,0.0,0.0,0.0,0.0,0.0,0.0,0.0,0.0,0.0,0.0,0.0,0.0,0.0,0.0,0.0,0.2222222222222222,0.0,0.0,0.0,0.0,0.0,0.0,0.0,0.0,0.1111111111111111,0.5555555555555556,0.0,2.857777777777778,0.98,3.44,2.46,0.8302714118190211,20.48205822222222,6.941,35.453,28.512000000000004,8.994517932229483,0.8277777777777777,0.6,1.45,0.85,0.2858817851170802,88.44444444444444,12.0,101.0,89.0,27.382521234097535,2.3333333333333335,2.0,3.0,1.0,0.4714045207910317,14.222222222222221,1.0,17.0,16.0,4.708804466759354,1.4477286238888887,0.61804922,3.61272528,2.9946760599999998,0.8406089911837065,0.2594444444444445,0.0,0.9,0.9,0.31996913431389007,-0.2962962962962964,-2.0,3.0,5.0,1.9654072831735703
(Li2S)2(LaOI)5,-7.159893906,117,train,303.0,5,1.5648538428609964,0.23809523809523808,0.09523809523809523,0.5714285714285714,0.0,0.0,0.0,0.0,0.19047619047619047,0.0,0.23809523809523808,0.0,0.0,0.0,0.0,0.0,0.0,0.0,0.0,0.0,0.0,0.0,0.0,0.0,0.0,0.0,0.0,0.0,0.0,0.0,0.0,0.0,0.0,0.0,0.0,0.0,0.0,0.0,0.0,0.0,0.0,0.0,0.0,0.0,0.0,0.0,0.0,0.0,0.0,0.0,0.0,0.09523809523809523,0.23809523809523808,0.0,0.0,0.0,0.23809523809523808,0.0,2.146666666666667,0.98,3.44,2.46,0.9994919344267501,71.47336666666668,6.941,138.90547,131.96447,59.05970662904483,1.311904761904762,0.6,1.95,1.35,0.4820355553732431,66.23809523809526,12.0,101.0,89.0,37.54730953763185,3.761904761904762,2.0,6.0,4.0,1.715607955681126,10.285714285714288,1.0,17.0,16.0,7.119007803679073,1.5245206657142858,0.5575462,3.059046537,2.501500337,0.984803780154638,0.7047619047619048,0.0,1.172,1.172,0.4359578294112211,1.3809523809523812,-2.0,3.0,5.0,2.028984979084733
Li0.85Mg0.85In0.15PO4,-7.149966742,118,train,363.0,5,1.1966096352521685,0.5839416058394161,0.021897810218978103,0.5839416058394161,0.0,0.0,0.0,0.0,0.12408759124087591,0.0,0.0,0.0,0.0,0.0,0.0,0.0,0.0,0.0,0.0,0.0,0.12408759124087591,0.0,0.0,0.0,0.0,0.0,0.0,0.0,0.0,0.0,0.0,0.0,0.021897810218978103,0.0,0.0,0.0,0.0,0.0,0.0,0.0,0.0,0.0,0.0,0.0,0.0,0.0,0.14598540145985403,0.0,0.0,0.0,0.0,0.0,0.0,0.0,0.0,0.0,0.5839416058394161,0.0,2.6516058394160584,0.98,3.44,2.46,0.9903433258378604,20.255936058394163,6.941,114.818,107.877,15.72237169011523,0.8963503649635037,0.6,1.55,0.9500000000000001,0.3813936715768169,84.39416058394161,12.0,101.0,89.0,28.85639188745769,2.3357664233576645,2.0,5.0,3.0,0.5953269636234652,12.189781021897812,1.0,16.0,15.0,6.169779002910016,0.995181279270073,-0.42,1.461112979,1.8811129789999999,0.6404177603094838,0.3192700729927007,0.0,0.94,0.94,0.3922527768278916,-0.4866180048661801,-2.0,3.0,5.0,1.8226361658126
Li2OHCl,-7.148130399,119,train,299.0,4,1.3321790402101223,0.4,0.2,0.4,0.0,0.0,0.0,0.0,0.4,0.0,0.0,0.0,0.0,0.0,0.0,0.0,0.0,0.0,0.0,0.0,0.0,0.0,0.0,0.0,0.0,0.0,0.0,0.0,0.0,0.0,0.0,0.0,0.0,0.0,0.0,0.0,0.0,0.0,0.0,0.0,0.0,0.0,0.0,0.0,0.0,0.0,0.0,0.2,0.0,0.0,0.0,0.0,0.0,0.0,0.0,0.2,0.2,0.0,2.152,0.98,3.44,2.46,1.041583410006131,13.268468000000002,1.00794,35.453,34.445060000000005,12.083093139328854,0.95,0.25,1.45,1.2,0.4722287581247038,65.4,12.0,103.0,91.0,43.61926180026434,2.0,1.0,3.0,2.0,0.6324555320336759,7.200000000000001,1.0,17.0,16.0,7.6000000000000005,1.4128263777999999,0.61804922,3.61272528,2.9946760599999998,1.1435928714730907,0.42700000000000005,0.0,0.9,0.9,0.40511233010117087,0.6,-2.0,3.0,5.0,1.6248076809271923
Li0.68Ga0.68Si2.33O6,-7.139063379,120,train,489.18,4,1.0123814326188916,0.6191950464396285,0.07017543859649124,0.6191950464396285,0.0,0.0,0.0,0.0,0.07017543859649124,0.0,0.0,0.0,0.0,0.0,0.0,0.0,0.0,0.0,0.0,0.0,0.0,0.0,0.0,0.0,0.0,0.0,0.0,0.0,0.0,0.0,0.0,0.0,0.0,0.07017543859649124,0.0,0.0,0.24045407636738905,0.0,0.0,0.0,0.0,0.0,0.0,0.0,0.0,0.0,0.0,0.0,0.0,0.0,0.0,0.0,0.0,0.0,0.0,0.0,0.6191950464396285,0.0,2.782683178534572,0.98,3.44,2.46,0.8656317292873628,22.0399520123839,6.941,69.723,62.782,14.385274157706638,0.8289989680082559,0.6,1.45,0.85,0.3045664312448873,89.50361197110423,12.0,101.0,89.0,22.65654718620022,2.3808049535603715,2.0,4.0,2.0,0.613305322084553,14.25593395252838,1.0,16.0,15.0,3.7869648214771185,1.303336316615067,0.30116615,1.461112979,1.159946829,0.3473269414416541,0.24633642930856559,0.0,0.9,0.9,0.32681831475718737,-0.9576883384932922,-2.0,3.0,5.0,1.50378443203718
Li0.96Ga0.96Si2.04O6,-7.139063379,121,train,481.82,4,1.0810473332515333,0.6024096385542169,0.0963855421686747,0.6024096385542169,0.0,0.0,0.0,0.0,0.0963855421686747,0.0,0.0,0.0,0.0,0.0,0.0,0.0,0.0,0.0,0.0,0.0,0.0,0.0,0.0,0.0,0.0,0.0,0.0,0.0,0.0,0.0,0.0,0.0,0.0,0.0963855421686747,0.0,0.0,0.20481927710843376,0.0,0.0,0.0,0.0,0.0,0.0,0.0,0.0,0.0,0.0,0.0,0.0,0.0,0.0,0.0,0.0,0.0,0.0,0.0,0.6024096385542169,0.0,2.7303614457831324,0.98,3.44,2.46,0.9063862388271674,22.77994578313253,6.941,69.723,62.782,16.432960483891293,0.8518072289156625,0.6,1.45,0.85,0.32352033726249974,87.21686746987952,12.0,101.0,89.0,25.77756949331018,2.397590361445783,2.0,4.0,2.0,0.6574825855249278,13.855421686746986,1.0,16.0,15.0,4.332929474873608,1.2533883574698794,0.30116615,1.461112979,1.159946829,0.3950840458036455,0.2706024096385542,0.0,0.9,0.9,0.34676247694333995,-0.8192771084337348,-2.0,3.0,5.0,1.6438610024877627
(Li2O)50(Al2O3)4(P2O5)46,-7.100179498,122,train,325.0,4,1.0139884516892637,0.5934959349593496,0.016260162601626018,0.5934959349593496,0.0,0.0,0.0,0.0,0.2032520325203252,0.0,0.0,0.0,0.0,0.0,0.0,0.0,0.0,0.0,0.0,0.0,0.0,0.0,0.0,0.0,0.0,0.0,0.0,0.016260162601626018,0.0,0.0,0.0,0.0,0.0,0.0,0.0,0.0,0.0,0.0,0.0,0.0,0.0,0.0,0.0,0.0,0.0,0.0,0.18699186991869918,0.0,0.0,0.0,0.0,0.0,0.0,0.0,0.0,0.0,0.5934959349593496,0.0,2.6765040650406506,0.98,3.44,2.46,0.9968462331699416,17.13691709918699,6.941,30.973762,24.032762,7.698986125286882,0.858130081300813,0.6,1.45,0.85,0.34206296570916517,80.51219512195122,12.0,101.0,89.0,34.92858355043869,2.203252032520325,2.0,3.0,1.0,0.40241849335819774,12.715447154471544,1.0,16.0,15.0,5.939423646730163,1.1394321747723577,0.432835,1.461112979,1.0282779789999998,0.39196841444000724,0.2967479674796748,0.0,0.9,0.9,0.3748978092412886,-0.6233062330623307,-2.0,3.0,5.0,1.6895231387830356
Li0.83Mg0.83In0.17PO4,-7.100179498,123,test,363.0,5,1.1988301374841241,0.5856515373352855,0.024890190336749635,0.5856515373352855,0.0,0.0,0.0,0.0,0.12152269399707173,0.0,0.0,0.0,0.0,0.0,0.0,0.0,0.0,0.0,0.0,0.0,0.12152269399707173,0.0,0.0,0.0,0.0,0.0,0.0,0.0,0.0,0.0,0.0,0.0,0.024890190336749635,0.0,0.0,0.0,0.0,0.0,0.0,0.0,0.0,0.0,0.0,0.0,0.0,0.0,0.14641288433382138,0.0,0.0,0.0,0.0,0.0,0.0,0.0,0.0,0.0,0.5856515373352855,0.0,2.6578770131771594,0.98,3.44,2.46,0.9860954411895718,20.5599710102489,6.941,114.818,107.877,16.536071484178283,0.8948755490483162,0.6,1.55,0.9500000000000001,0.3810136446327014,84.62371888726209,12.0,101.0,89.0,28.625779976945115,2.342606149341142,2.0,5.0,3.0,0.6120198671573293,12.254758418740849,1.0,16.0,15.0,6.124103548123531,0.9986397216105417,-0.42,1.461112979,1.8811129789999999,0.6372887934711298,0.31780380673499264,0.0,0.94,0.94,0.3919122053918999,-0.4880429477794046,-2.0,3.0,5.0,1.8283183174608502
LiBH4,-7.099086932,124,test,312.83,3,0.8675632284814612,0.6666666666666666,0.16666666666666666,0.0,0.0,0.0,0.0,0.0,0.16666666666666666,0.0,0.0,0.0,0.0,0.0,0.0,0.0,0.0,0.0,0.0,0.0,0.0,0.0,0.0,0.0,0.0,0.0,0.0,0.0,0.0,0.0,0.0,0.0,0.0,0.0,0.0,0.0,0.0,0.0,0.0,0.0,0.0,0.0,0.16666666666666666,0.0,0.0,0.0,0.0,0.6666666666666666,0.0,0.0,0.0,0.0,0.0,0.0,0.0,0.0,0.0,0.0,1.9700000000000002,0.98,2.2,1.2200000000000002,0.4465795935030321,3.6306266666666667,1.00794,10.811,9.80306,3.8736346888964923,0.5500000000000002,0.25,1.45,1.2,0.458257569495584,85.0,12.0,103.0,91.0,33.23151115031234,1.3333333333333335,1.0,2.0,1.0,0.47140452079103173,3.0,1.0,13.0,12.0,4.47213595499958,0.6524255383333334,0.27972325,0.75419519,0.47447194000000004,0.17393340439781185,0.21833333333333335,0.0,0.9,0.9,0.3396280645385805,0.6666666666666667,0.0,3.0,3.0,1.1055415967851334
Nd0.55Li0.34TiO3,-7.096910013,125,test,298.0,4,1.055447675527214,0.6134969325153374,0.06952965235173825,0.6134969325153374,0.0,0.0,0.0,0.0,0.06952965235173825,0.0,0.0,0.0,0.0,0.11247443762781187,0.0,0.0,0.0,0.0,0.0,0.0,0.0,0.0,0.0,0.0,0.20449897750511248,0.0,0.0,0.0,0.0,0.0,0.0,0.0,0.0,0.0,0.0,0.0,0.0,0.0,0.0,0.0,0.0,0.0,0.0,0.0,0.0,0.0,0.0,0.0,0.0,0.0,0.0,0.0,0.0,0.0,0.0,0.0,0.6134969325153374,0.0,2.6217177914110428,0.98,3.44,2.46,1.0413505438242872,36.310478527607366,6.941,144.242,137.301,40.627775117800205,0.9632924335378323,0.6,1.85,1.25,0.47420927442956934,76.60122699386503,12.0,101.0,89.0,32.150821698951944,2.8588957055214728,2.0,6.0,4.0,1.371089012100313,11.040899795501023,1.0,16.0,15.0,6.285501544086653,0.9657754574233129,0.075545,1.461112979,1.385567979,0.6370226145802291,0.3803152692569871,0.0,1.2765,1.2765,0.49323577820832604,-0.002044989775051076,-2.0,4.0,6.0,2.6091697490125116
Li2.1OH0.9Cl,-7.09420412,126,test,299.0,4,1.3167891204661706,0.42000000000000004,0.18,0.4,0.0,0.0,0.0,0.0,0.42000000000000004,0.0,0.0,0.0,0.0,0.0,0.0,0.0,0.0,0.0,0.0,0.0,0.0,0.0,0.0,0.0,0.0,0.0,0.0,0.0,0.0,0.0,0.0,0.0,0.0,0.0,0.0,0.0,0.0,0.0,0.0,0.0,0.0,0.0,0.0,0.0,0.0,0.0,0.0,0.18,0.0,0.0,0.0,0.0,0.0,0.0,0.0,0.2,0.2,0.0,2.1276,0.98,3.44,2.46,1.0543842942684607,13.387129200000002,1.00794,35.453,34.445060000000005,11.990887599437974,0.974,0.25,1.45,1.2,0.46650187566611134,63.580000000000005,12.0,103.0,91.0,43.909948758794975,2.02,1.0,3.0,2.0,0.6161168720299746,7.200000000000001,1.0,17.0,16.0,7.6000000000000005,1.4101034583999998,0.61804922,3.61272528,2.9946760599999998,1.1453186260488242,0.44500000000000006,0.0,0.9,0.9,0.40573390294625367,0.62,-2.0,3.0,5.0,1.6234531098864544
Li3.333Mg0.333P2S6,-7.08618614761628,127,train,298.0,4,1.1037566192535364,0.5143151037202126,0.0285444882564718,0.5143151037202126,0.0,0.0,0.0,0.0,0.28570204011657807,0.0,0.0,0.0,0.0,0.0,0.0,0.0,0.0,0.0,0.0,0.0,0.0285444882564718,0.0,0.0,0.0,0.0,0.0,0.0,0.0,0.0,0.0,0.0,0.0,0.0,0.0,0.0,0.0,0.0,0.0,0.0,0.0,0.0,0.0,0.0,0.0,0.0,0.0,0.17143836790673753,0.0,0.0,0.0,0.0,0.5143151037202126,0.0,0.0,0.0,0.0,0.0,0.0,2.019764272244128,0.98,2.58,1.6,0.699748764137363,24.478436653523058,6.941,32.065,25.124,11.167211232642966,1.142838162180696,1.0,1.5,0.5,0.21115881372219863,69.28724498542775,12.0,94.0,82.0,36.40977053678334,2.714297959883422,2.0,3.0,1.0,0.45174814265230057,11.143408194753986,1.0,16.0,15.0,6.816350425970084,1.3608727781810388,-0.42,2.07710426,2.49710426,0.7594076847401562,0.6176992971026916,0.47,0.9,0.43000000000000005,0.19091895419611593,1.9143093891079492,1.0,2.5,1.5,0.6526765223269269
Li2InZr(PO4)3,-7.085128182,128,train,298.0,5,1.1285962936622183,0.631578947368421,0.05263157894736842,0.631578947368421,0.0,0.0,0.0,0.0,0.10526315789473684,0.0,0.0,0.0,0.0,0.0,0.0,0.0,0.0,0.0,0.0,0.0,0.0,0.05263157894736842,0.0,0.0,0.0,0.0,0.0,0.0,0.0,0.0,0.0,0.0,0.05263157894736842,0.0,0.0,0.0,0.0,0.0,0.0,0.0,0.0,0.0,0.0,0.0,0.0,0.0,0.15789473684210525,0.0,0.0,0.0,0.0,0.0,0.0,0.0,0.0,0.0,0.631578947368421,0.0,2.7852631578947364,0.98,3.44,2.46,0.9134513406857281,26.57042557894737,6.941,114.818,107.877,27.27778628745443,0.8526315789473683,0.6,1.55,0.9500000000000001,0.36399598183529963,85.99999999999999,12.0,101.0,89.0,28.207874973601182,2.4736842105263155,2.0,5.0,3.0,0.9385555000066845,13.473684210526315,1.0,16.0,15.0,5.050986574320032,1.1487629746315786,0.383926,1.461112979,1.077186979,0.4177714232820298,0.2763157894736842,0.0,0.94,0.94,0.3769714567767389,-0.5263157894736843,-2.0,4.0,6.0,2.0270561418054984
LiTi1.8Zr0.2(PO4)3,-7.070581074,129,train,298.0,5,1.0097692535740908,0.6666666666666666,0.011111111111111112,0.6666666666666666,0.0,0.0,0.0,0.0,0.05555555555555555,0.0,0.0,0.0,0.0,0.0,0.0,0.0,0.0,0.0,0.0,0.0,0.0,0.011111111111111112,0.0,0.0,0.1,0.0,0.0,0.0,0.0,0.0,0.0,0.0,0.0,0.0,0.0,0.0,0.0,0.0,0.0,0.0,0.0,0.0,0.0,0.0,0.0,0.0,0.16666666666666666,0.0,0.0,0.0,0.0,0.0,0.0,0.0,0.0,0.0,0.6666666666666666,0.0,2.8815555555555554,0.98,3.44,2.46,0.833801083540661,22.014471444444446,6.941,91.224,84.283,13.045256277899247,0.8044444444444445,0.6,1.55,0.9500000000000001,0.314699543166392,88.64444444444446,12.0,101.0,89.0,24.240604645516726,2.4000000000000004,2.0,5.0,3.0,0.7118052168020875,13.666666666666668,1.0,16.0,15.0,4.818944098266987,1.1452150610000003,0.075545,1.461112979,1.385567979,0.4780155091499317,0.23638888888888893,0.0,0.9,0.9,0.34682610738730746,-0.5555555555555556,-2.0,4.0,6.0,2.1573875376608447
Li2.4OH0.6Cl,-7.050609993,130,train,299.0,4,1.2505119933561473,0.48,0.12,0.4,0.0,0.0,0.0,0.0,0.48,0.0,0.0,0.0,0.0,0.0,0.0,0.0,0.0,0.0,0.0,0.0,0.0,0.0,0.0,0.0,0.0,0.0,0.0,0.0,0.0,0.0,0.0,0.0,0.0,0.0,0.0,0.0,0.0,0.0,0.0,0.0,0.0,0.0,0.0,0.0,0.0,0.0,0.0,0.12,0.0,0.0,0.0,0.0,0.0,0.0,0.0,0.2,0.2,0.0,2.0544000000000002,0.98,3.44,2.46,1.0886104169995803,13.743112800000002,1.00794,35.453,34.445060000000005,11.702698683795468,1.0459999999999998,0.25,1.45,1.2,0.4411167645873369,58.12,12.0,103.0,91.0,44.324548503058665,2.08,1.0,3.0,2.0,0.5599999999999999,7.2,1.0,17.0,16.0,7.6000000000000005,1.4019347002,0.61804922,3.61272528,2.9946760599999998,1.1504416900323766,0.499,0.0,0.9,0.9,0.40279523333823103,0.68,-2.0,3.0,5.0,1.617899873292535
Li6FeCl8,-7.047042731,131,train,298.0,3,0.8823109245150756,0.5333333333333333,0.06666666666666667,0.5333333333333333,0.0,0.0,0.0,0.0,0.4,0.0,0.0,0.0,0.0,0.0,0.0,0.0,0.0,0.0,0.0,0.0,0.0,0.0,0.0,0.0,0.0,0.0,0.0,0.0,0.0,0.0,0.0,0.0,0.0,0.0,0.06666666666666667,0.0,0.0,0.0,0.0,0.0,0.0,0.0,0.0,0.0,0.0,0.0,0.0,0.0,0.0,0.0,0.0,0.0,0.0,0.0,0.0,0.5333333333333333,0.0,0.0,2.199333333333333,0.98,3.16,2.18,1.0469031579961072,25.407666666666668,6.941,55.845,48.903999999999996,15.87410407200636,1.2066666666666666,1.0,1.45,0.44999999999999996,0.22125902367034783,61.66666666666666,12.0,99.0,87.0,41.5943372214162,2.666666666666667,2.0,4.0,2.0,0.5962847939999439,10.0,1.0,17.0,16.0,7.6681158050723255,2.1842222606666666,0.15323635,3.61272528,3.45948893,1.5311707664213146,0.5955,0.33499999999999996,0.9,0.5650000000000001,0.2787175990137688,2.166666666666667,1.0,3.0,2.0,0.960324019392529
Li0.86Hf2.035(PO4)3,-7.03621217265444,132,train,298.0,4,0.9604717231093545,0.6705783738474435,0.04805811679240011,0.6705783738474435,0.0,0.0,0.0,0.0,0.04805811679240011,0.0,0.0,0.0,0.0,0.0,0.0,0.0,0.0,0.0,0.0,0.11371891589829562,0.0,0.0,0.0,0.0,0.0,0.0,0.0,0.0,0.0,0.0,0.0,0.0,0.0,0.0,0.0,0.0,0.0,0.0,0.0,0.0,0.0,0.0,0.0,0.0,0.0,0.0,0.16764459346186086,0.0,0.0,0.0,0.0,0.0,0.0,0.0,0.0,0.0,0.6705783738474435,0.0,2.868862810841017,0.98,3.44,2.46,0.8645013795665434,36.552696060352055,6.941,178.49,171.549,51.201946587731825,0.8159402067616653,0.6,1.55,0.9500000000000001,0.3428502195395941,89.07907236658285,12.0,101.0,89.0,23.55053552537149,2.622520257055043,2.0,6.0,4.0,1.2647591776266,13.746856663872592,1.0,16.0,15.0,4.720126043652977,1.1549079551383066,0.17807,1.461112979,1.283042979,0.4617199483246575,0.23211791003073484,0.0,0.9,0.9,0.3433988303759046,-0.5588153115395362,-2.0,4.0,6.0,2.1687044843470082
Li1.1Cr0.1Hf1.9(PO4)3,-7.029188389,133,test,298.0,5,1.0059217871296124,0.6629834254143646,0.0055248618784530384,0.6629834254143646,0.0,0.0,0.0,0.0,0.06077348066298342,0.0,0.0,0.0,0.0,0.0,0.0,0.0,0.0,0.0,0.0,0.10497237569060772,0.0,0.0,0.0,0.0,0.0,0.0,0.0,0.0,0.0,0.0,0.0055248618784530384,0.0,0.0,0.0,0.0,0.0,0.0,0.0,0.0,0.0,0.0,0.0,0.0,0.0,0.0,0.0,0.16574585635359115,0.0,0.0,0.0,0.0,0.0,0.0,0.0,0.0,0.0,0.6629834254143646,0.0,2.848839779005525,0.98,3.44,2.46,0.8806365614342603,35.18672906077347,6.941,178.49,171.549,49.525383544748934,0.8220994475138121,0.6,1.55,0.9500000000000001,0.34550469298205333,88.17127071823204,12.0,101.0,89.0,24.911743731287487,2.596685082872928,2.0,6.0,4.0,1.2293779836950285,13.607734806629834,1.0,16.0,15.0,4.877023122500782,1.1524288976243093,0.17807,1.461112979,1.283042979,0.45687719317199266,0.24027624309392265,0.0,0.94,0.94,0.34979462157230673,-0.5441988950276244,-2.0,4.5,6.5,2.160647209888117
LiBH4,-7.004803708,134,test,300.0,3,0.8675632284814612,0.6666666666666666,0.16666666666666666,0.0,0.0,0.0,0.0,0.0,0.16666666666666666,0.0,0.0,0.0,0.0,0.0,0.0,0.0,0.0,0.0,0.0,0.0,0.0,0.0,0.0,0.0,0.0,0.0,0.0,0.0,0.0,0.0,0.0,0.0,0.0,0.0,0.0,0.0,0.0,0.0,0.0,0.0,0.0,0.0,0.16666666666666666,0.0,0.0,0.0,0.0,0.6666666666666666,0.0,0.0,0.0,0.0,0.0,0.0,0.0,0.0,0.0,0.0,1.9700000000000002,0.98,2.2,1.2200000000000002,0.4465795935030321,3.6306266666666667,1.00794,10.811,9.80306,3.8736346888964923,0.5500000000000002,0.25,1.45,1.2,0.458257569495584,85.0,12.0,103.0,91.0,33.23151115031234,1.3333333333333335,1.0,2.0,1.0,0.47140452079103173,3.0,1.0,13.0,12.0,4.47213595499958,0.6524255383333334,0.27972325,0.75419519,0.47447194000000004,0.17393340439781185,0.21833333333333335,0.0,0.9,0.9,0.3396280645385805,0.6666666666666667,0.0,3.0,3.0,1.1055415967851334
Li1.65Mn0.65In0.35Cl4,-7.00436480540245,135,test,298.0,4,1.0338634666225692,0.6015037593984962,0.05263157894736842,0.6015037593984962,0.0,0.0,0.0,0.0,0.24812030075187969,0.0,0.0,0.0,0.0,0.0,0.0,0.0,0.0,0.0,0.0,0.0,0.0,0.0,0.0,0.0,0.0,0.09774436090225563,0.0,0.0,0.0,0.0,0.0,0.0,0.05263157894736842,0.0,0.0,0.0,0.0,0.0,0.0,0.0,0.0,0.0,0.0,0.0,0.0,0.0,0.0,0.0,0.0,0.0,0.0,0.0,0.0,0.0,0.0,0.6015037593984962,0.0,0.0,2.3890977443609023,0.98,3.16,2.18,0.9687473181309405,34.46025251879699,6.941,114.818,107.877,23.860976135394708,1.1796992481203006,1.0,1.55,0.55,0.22251447481724435,72.54887218045111,12.0,99.0,87.0,36.71623888657638,2.954887218045113,2.0,5.0,3.0,0.7445507466572711,11.842105263157896,1.0,17.0,16.0,6.894306363189931,2.295797959849624,-0.52,3.61272528,4.13272528,1.645896399831047,0.5600563909774435,0.33499999999999996,0.94,0.605,0.27674369710569174,2.634085213032581,1.0,4.333333333333333,3.333333333333333,1.0160488789429516
Li0.3Sr0.6Ti0.20Fe0.30Ta0.5O3,-7.0,136,train,298.0,6,1.263011401773238,0.6122448979591837,0.04081632653061225,0.6122448979591837,0.0,0.0,0.0,0.12244897959183673,0.061224489795918366,0.0,0.0,0.0,0.0,0.0,0.0,0.0,0.0,0.0,0.0,0.0,0.0,0.0,0.0,0.10204081632653061,0.04081632653061225,0.0,0.0,0.0,0.0,0.0,0.0,0.0,0.0,0.0,0.061224489795918366,0.0,0.0,0.0,0.0,0.0,0.0,0.0,0.0,0.0,0.0,0.0,0.0,0.0,0.0,0.0,0.0,0.0,0.0,0.0,0.0,0.0,0.6122448979591837,0.0,2.610408163265306,0.95,3.44,2.49,1.0637514654944191,44.78639591836735,6.941,180.94788,174.00688,52.148036725286794,0.9918367346938776,0.6,2.0,1.4,0.5193546759844266,75.53061224489795,12.0,101.0,89.0,34.45144589295132,2.979591836734694,2.0,6.0,4.0,1.4775848457059553,11.265306122448978,1.0,16.0,15.0,6.123809372671529,0.9847964944897958,0.052066,1.461112979,1.409046979,0.6112711980638155,0.3873639455782313,0.0,1.32,1.32,0.5055780785470578,-0.09183673469387738,-2.0,5.0,7.0,2.5648198197998857
LiCaTiNbO6,-7.0,137,train,481.0,5,1.2275294114572126,0.6,0.1,0.6,0.0,0.0,0.0,0.0,0.1,0.1,0.0,0.0,0.0,0.0,0.0,0.0,0.0,0.0,0.0,0.0,0.0,0.0,0.0,0.0,0.1,0.0,0.1,0.0,0.0,0.0,0.0,0.0,0.0,0.0,0.0,0.0,0.0,0.0,0.0,0.0,0.0,0.0,0.0,0.0,0.0,0.0,0.0,0.0,0.0,0.0,0.0,0.0,0.0,0.0,0.0,0.0,0.6,0.0,2.576,0.98,3.44,2.46,1.0740502781527501,28.378877999999997,6.941,92.90638,85.96538,24.616145789858248,0.97,0.6,1.8,1.2000000000000002,0.464327470649756,73.79999999999998,12.0,101.0,89.0,35.42823732561359,2.6999999999999997,2.0,5.0,3.0,1.1,10.8,1.0,16.0,15.0,6.446704584514479,1.0402230093999998,0.024551,1.461112979,1.436561979,0.567309260648829,0.3711666666666667,0.0,1.14,1.14,0.46148555412565917,1.1102230246251565e-16,-2.0,5.0,7.0,2.6457513110645907
LiBa2Ti2NbO9,-7.0,138,train,303.0,5,1.2048762065511598,0.6,0.06666666666666667,0.6,0.0,0.13333333333333333,0.0,0.0,0.06666666666666667,0.0,0.0,0.0,0.0,0.0,0.0,0.0,0.0,0.0,0.0,0.0,0.0,0.0,0.0,0.0,0.13333333333333333,0.0,0.06666666666666667,0.0,0.0,0.0,0.0,0.0,0.0,0.0,0.0,0.0,0.0,0.0,0.0,0.0,0.0,0.0,0.0,0.0,0.0,0.0,0.0,0.0,0.0,0.0,0.0,0.0,0.0,0.0,0.0,0.0,0.6,0.0,2.56,0.89,3.44,2.55,1.0968500353284398,40.94866533333333,6.941,137.327,130.386,43.30635940692342,1.0266666666666666,0.6,2.15,1.5499999999999998,0.5656461398750596,73.6,12.0,101.0,89.0,35.68529108750551,3.0,2.0,6.0,4.0,1.505545305418162,10.799999999999999,1.0,16.0,15.0,6.43117407632541,1.0083876687333333,0.075545,1.461112979,1.385567979,0.590922599309035,0.4268888888888889,0.0,1.49,1.49,0.5561630678359463,0.0,-2.0,5.0,7.0,2.6076809620810595
LiCaTiNbO6,-6.987162775,139,train,478.0,5,1.2275294114572126,0.6,0.1,0.6,0.0,0.0,0.0,0.0,0.1,0.1,0.0,0.0,0.0,0.0,0.0,0.0,0.0,0.0,0.0,0.0,0.0,0.0,0.0,0.0,0.1,0.0,0.1,0.0,0.0,0.0,0.0,0.0,0.0,0.0,0.0,0.0,0.0,0.0,0.0,0.0,0.0,0.0,0.0,0.0,0.0,0.0,0.0,0.0,0.0,0.0,0.0,0.0,0.0,0.0,0.0,0.0,0.6,0.0,2.576,0.98,3.44,2.46,1.0740502781527501,28.378877999999997,6.941,92.90638,85.96538,24.616145789858248,0.97,0.6,1.8,1.2000000000000002,0.464327470649756,73.79999999999998,12.0,101.0,89.0,35.42823732561359,2.6999999999999997,2.0,5.0,3.0,1.1,10.8,1.0,16.0,15.0,6.446704584514479,1.0402230093999998,0.024551,1.461112979,1.436561979,0.567309260648829,0.3711666666666667,0.0,1.14,1.14,0.46148555412565917,1.1102230246251565e-16,-2.0,5.0,7.0,2.6457513110645907
(La0.7Li0.3)(Ti0.6Al0.4)O3,-6.98296666070122,140,train,298.0,5,1.2070457330460647,0.6,0.06,0.6,0.0,0.0,0.0,0.0,0.06,0.0,0.13999999999999999,0.0,0.0,0.0,0.0,0.0,0.0,0.0,0.0,0.0,0.0,0.0,0.0,0.0,0.12,0.0,0.0,0.08,0.0,0.0,0.0,0.0,0.0,0.0,0.0,0.0,0.0,0.0,0.0,0.0,0.0,0.0,0.0,0.0,0.0,0.0,0.0,0.0,0.0,0.0,0.0,0.0,0.0,0.0,0.0,0.0,0.6,0.0,2.5904000000000007,0.98,3.44,2.46,1.05307731909865,37.365428888000004,6.941,138.90547,131.96447,42.36456341352528,0.9880000000000001,0.6,1.95,1.35,0.5084840213812033,78.46000000000001,12.0,101.0,89.0,30.819610639980514,2.88,2.0,6.0,4.0,1.4232357499725758,11.600000000000001,1.0,16.0,15.0,5.9833101206606365,1.0354994086,0.075545,1.461112979,1.385567979,0.5392247873297193,0.37428000000000006,0.0,1.172,1.172,0.47361015079211866,0.0,-2.0,4.0,6.0,2.5219040425836985
Sm0.52Li0.38TiO2.97,-6.958607315,141,train,399.0,4,1.064550752940808,0.6098562628336756,0.07802874743326489,0.6098562628336756,0.0,0.0,0.0,0.0,0.07802874743326489,0.0,0.0,0.0,0.0,0.0,0.10677618069815195,0.0,0.0,0.0,0.0,0.0,0.0,0.0,0.0,0.0,0.2053388090349076,0.0,0.0,0.0,0.0,0.0,0.0,0.0,0.0,0.0,0.0,0.0,0.0,0.0,0.0,0.0,0.0,0.0,0.0,0.0,0.0,0.0,0.0,0.0,0.0,0.0,0.0,0.0,0.0,0.0,0.0,0.0,0.6098562628336756,0.0,2.615523613963039,0.98,3.44,2.46,1.0411136052180383,36.182751129363446,6.941,150.36,143.419,41.6553892939424,0.9640657084188913,0.6,1.85,1.25,0.47126059680095056,75.99383983572895,12.0,101.0,89.0,32.78894557294326,2.8377823408624225,2.0,6.0,4.0,1.3519966259755016,10.977412731006162,1.0,16.0,15.0,6.320130405050198,0.9721045690410677,0.075545,1.461112979,1.385567979,0.6250959558433203,0.37633401779603015,0.0,1.229,1.229,0.4814506899215185,-1.1102230246251565e-16,-2.0,4.0,6.0,2.600742272815562
(Li2O)50(Al2O3)3(P2O5)47,-6.950007143,142,train,338.0,4,1.0015036618334079,0.5951417004048583,0.012145748987854251,0.5951417004048583,0.0,0.0,0.0,0.0,0.20242914979757085,0.0,0.0,0.0,0.0,0.0,0.0,0.0,0.0,0.0,0.0,0.0,0.0,0.0,0.0,0.0,0.0,0.0,0.0,0.012145748987854251,0.0,0.0,0.0,0.0,0.0,0.0,0.0,0.0,0.0,0.0,0.0,0.0,0.0,0.0,0.0,0.0,0.0,0.0,0.1902834008097166,0.0,0.0,0.0,0.0,0.0,0.0,0.0,0.0,0.0,0.5951417004048583,0.0,2.681943319838056,0.98,3.44,2.46,0.9941644859516157,17.148474614574898,6.941,30.973762,24.032762,7.70858450594406,0.8560728744939271,0.6,1.45,0.85,0.3409672517326047,80.63562753036436,12.0,101.0,89.0,34.88716377503515,2.2024291497975708,2.0,3.0,1.0,0.4018103894995791,12.736842105263158,1.0,16.0,15.0,5.932786394281398,1.1420048667327936,0.432835,1.461112979,1.0282779789999998,0.3899139665868755,0.2950404858299595,0.0,0.9,0.9,0.3741835895450043,-0.6342780026990553,-2.0,3.0,5.0,1.678857977867396
Li1.02Zr1.98Y0.02(PO4)3,-6.93930216,143,train,298.0,5,0.9819813289996906,0.6659267480577137,0.0011098779134295228,0.6659267480577137,0.0,0.0,0.0,0.0,0.05660377358490566,0.0,0.0,0.0,0.0,0.0,0.0,0.0,0.0011098779134295228,0.0,0.0,0.0,0.0,0.10987791342952276,0.0,0.0,0.0,0.0,0.0,0.0,0.0,0.0,0.0,0.0,0.0,0.0,0.0,0.0,0.0,0.0,0.0,0.0,0.0,0.0,0.0,0.0,0.0,0.0,0.16648168701442842,0.0,0.0,0.0,0.0,0.0,0.0,0.0,0.0,0.0,0.6659267480577137,0.0,2.8583462819089904,0.98,3.44,2.46,0.8712102875342369,26.326056770255278,6.941,91.224,84.283,23.727730288671932,0.8204217536071032,0.6,1.8,1.2000000000000002,0.34599217901515517,88.33296337402886,12.0,101.0,89.0,24.72993106647262,2.4994450610432852,2.0,5.0,3.0,0.9570404589673668,13.65149833518313,1.0,16.0,15.0,4.83703003662283,1.1802292645061043,0.3112922,1.461112979,1.149820779,0.4048112927703,0.238157602663707,0.0,1.04,1.04,0.3492232408399453,-0.5549389567147613,-2.0,4.0,6.0,2.154724615078446
LiPO3,-6.935542011,144,test,573.0,3,0.9502705392332347,0.6,0.2,0.6,0.0,0.0,0.0,0.0,0.2,0.0,0.0,0.0,0.0,0.0,0.0,0.0,0.0,0.0,0.0,0.0,0.0,0.0,0.0,0.0,0.0,0.0,0.0,0.0,0.0,0.0,0.0,0.0,0.0,0.0,0.0,0.0,0.0,0.0,0.0,0.0,0.0,0.0,0.0,0.0,0.0,0.0,0.2,0.0,0.0,0.0,0.0,0.0,0.0,0.0,0.0,0.0,0.6,0.0,2.6980000000000004,0.98,3.44,2.46,0.9860304254940615,17.182592399999997,6.941,30.973762,24.032762,7.7367487562923385,0.8499999999999999,0.6,1.45,0.85,0.33763886032268264,81.0,12.0,101.0,89.0,34.762048271067115,2.2,2.0,3.0,1.0,0.4,12.799999999999999,1.0,16.0,15.0,5.912698199637794,1.1495994534,0.61804922,1.461112979,0.843063759,0.38368447907009995,0.29000000000000004,0.0,0.9,0.9,0.37202150475476553,-0.6666666666666666,-2.0,1.6666666666666667,3.666666666666667,1.6465452046971292
Li1.5Cr0.5Hf1.5(PO4)3,-6.928117993,145,train,298.0,5,1.0807686565434764,0.6486486486486487,0.02702702702702703,0.6486486486486487,0.0,0.0,0.0,0.0,0.08108108108108109,0.0,0.0,0.0,0.0,0.0,0.0,0.0,0.0,0.0,0.0,0.08108108108108109,0.0,0.0,0.0,0.0,0.0,0.0,0.0,0.0,0.0,0.0,0.02702702702702703,0.0,0.0,0.0,0.0,0.0,0.0,0.0,0.0,0.0,0.0,0.0,0.0,0.0,0.0,0.0,0.16216216216216217,0.0,0.0,0.0,0.0,0.0,0.0,0.0,0.0,0.0,0.6486486486486487,0.0,2.8162162162162168,0.98,3.44,2.46,0.9010514919184063,31.84100735135135,6.941,178.49,171.549,44.360778038573265,0.8324324324324325,0.6,1.55,0.9500000000000001,0.3478148420547098,86.67567567567568,12.0,101.0,89.0,26.830855628038616,2.540540540540541,2.0,6.0,4.0,1.1293287792311448,13.378378378378379,1.0,16.0,15.0,5.090273455997213,1.1516392455675677,0.17807,1.461112979,1.283042979,0.4413382404201266,0.25648648648648653,0.0,0.94,0.94,0.36250044709173707,-0.5000000000000001,-2.0,4.5,6.5,2.172721961209193
(Li2O)50(Al2O5)5(P2O5)45,-6.899629455,146,train,328.0,4,1.0152871339115241,0.6,0.02,0.6,0.0,0.0,0.0,0.0,0.2,0.0,0.0,0.0,0.0,0.0,0.0,0.0,0.0,0.0,0.0,0.0,0.0,0.0,0.0,0.0,0.0,0.0,0.0,0.02,0.0,0.0,0.0,0.0,0.0,0.0,0.0,0.0,0.0,0.0,0.0,0.0,0.0,0.0,0.0,0.0,0.0,0.0,0.18,0.0,0.0,0.0,0.0,0.0,0.0,0.0,0.0,0.0,0.6,0.0,2.6864000000000003,0.98,3.44,2.46,0.995306505554947,17.102747932,6.941,30.973762,24.032762,7.613630272925752,0.855,0.6,1.45,0.85,0.3416504061171302,80.8,12.0,101.0,89.0,34.73845131838782,2.2,2.0,3.0,1.0,0.39999999999999997,12.76,1.0,16.0,15.0,5.9044390080684215,1.1433239711999998,0.432835,1.461112979,1.0282779789999998,0.39268485977706663,0.29250000000000004,0.0,0.9,0.9,0.37417409049799266,-0.6399999999999999,-2.0,3.0,5.0,1.6942254867637896
Li3AlH6,-6.85387196432176,147,train,298.0,3,0.8979457248567798,0.6,0.1,0.0,0.0,0.0,0.0,0.0,0.3,0.0,0.0,0.0,0.0,0.0,0.0,0.0,0.0,0.0,0.0,0.0,0.0,0.0,0.0,0.0,0.0,0.0,0.0,0.1,0.0,0.0,0.0,0.0,0.0,0.0,0.0,0.0,0.0,0.0,0.0,0.0,0.0,0.0,0.0,0.0,0.0,0.0,0.0,0.6,0.0,0.0,0.0,0.0,0.0,0.0,0.0,0.0,0.0,0.0,1.7750000000000001,0.98,2.2,1.2200000000000002,0.5483657538541226,5.38521786,1.00794,26.9815386,25.9735986,7.672195334376336,0.71,0.25,1.45,1.2,0.5660388679233962,73.39999999999999,12.0,103.0,91.0,40.755858474580066,1.5,1.0,3.0,2.0,0.6708203932499369,2.1999999999999997,1.0,13.0,12.0,3.6,0.6812153799999999,0.432835,0.75419519,0.32136019,0.10277111485344402,0.3375,0.0,0.9,0.9,0.417918951472651,0.6000000000000001,0.0,3.0,3.0,0.916515138991168
Li2FeZr(PO4)3,-6.841637508,148,train,298.0,5,1.1285962936622183,0.631578947368421,0.05263157894736842,0.631578947368421,0.0,0.0,0.0,0.0,0.10526315789473684,0.0,0.0,0.0,0.0,0.0,0.0,0.0,0.0,0.0,0.0,0.0,0.0,0.05263157894736842,0.0,0.0,0.0,0.0,0.0,0.0,0.0,0.0,0.0,0.0,0.0,0.0,0.05263157894736842,0.0,0.0,0.0,0.0,0.0,0.0,0.0,0.0,0.0,0.0,0.0,0.15789473684210525,0.0,0.0,0.0,0.0,0.0,0.0,0.0,0.0,0.0,0.631578947368421,0.0,2.7878947368421048,0.98,3.44,2.46,0.9106191008398651,23.46658347368421,6.941,91.224,84.283,19.226897697041565,0.8447368421052631,0.6,1.55,0.9500000000000001,0.3501483658627347,85.05263157894736,12.0,101.0,89.0,28.72459735270091,2.4210526315789473,2.0,5.0,3.0,0.815364914991035,13.210526315789474,1.0,16.0,15.0,5.196952015297763,1.1366214141052629,0.15323635,1.461112979,1.307876629,0.4424467265195387,0.27171052631578946,0.0,0.9,0.9,0.36929168744437296,-0.5526315789473684,-2.0,4.0,6.0,1.9838917329646737
Li5NI2,-6.823908741,149,train,298.0,3,0.9002560512685369,0.625,0.125,0.375,0.0,0.0,0.0,0.0,0.625,0.0,0.0,0.0,0.0,0.0,0.0,0.0,0.0,0.0,0.0,0.0,0.0,0.0,0.0,0.0,0.0,0.0,0.0,0.0,0.0,0.0,0.0,0.0,0.0,0.0,0.0,0.0,0.0,0.0,0.0,0.0,0.0,0.0,0.0,0.0,0.0,0.0,0.0,0.0,0.0,0.0,0.0,0.0,0.25,0.0,0.125,0.0,0.0,0.0,1.6575000000000002,0.98,3.04,2.06,0.8815008508220511,37.81508,6.941,126.90447,119.96347,51.48631111591775,1.3375000000000001,0.65,1.45,0.7999999999999999,0.2607081701826776,44.25,12.0,100.0,88.0,41.64357693570522,2.75,2.0,5.0,3.0,1.299038105676658,6.75,1.0,17.0,16.0,7.4456363059177155,1.1422923967499998,-0.07,3.059046537,3.129046537,1.128699487540503,0.818125,0.28500000000000003,0.9,0.615,0.20167947187306892,1.5833333333333333,1.0,3.0,2.0,0.8457409637576849
(Li2S)0.4((P2S5)0.4(Sb2S3)0.6)0.6,-6.795880017,150,train,298.0,4,1.1427327176194526,0.5726495726495726,0.10256410256410256,0.5726495726495726,0.0,0.0,0.0,0.0,0.17094017094017097,0.0,0.0,0.0,0.0,0.0,0.0,0.0,0.0,0.0,0.0,0.0,0.0,0.0,0.0,0.0,0.0,0.0,0.0,0.0,0.0,0.0,0.0,0.0,0.0,0.0,0.0,0.0,0.0,0.0,0.0,0.0,0.0,0.0,0.0,0.15384615384615385,0.0,0.0,0.10256410256410256,0.0,0.0,0.0,0.0,0.5726495726495726,0.0,0.0,0.0,0.0,0.0,0.0,2.184957264957265,0.98,2.58,1.6,0.5834067703688206,41.45760806837606,6.941,121.76,114.819,35.46157237299396,1.1461538461538463,1.0,1.45,0.44999999999999996,0.21073273125850342,78.64957264957263,12.0,94.0,82.0,30.347085144053768,3.1367521367521367,2.0,5.0,3.0,0.8761413352984273,13.179487179487179,1.0,16.0,15.0,5.546409302176637,1.5328162441025641,0.61804922,2.07710426,1.45905504,0.6421348393324282,0.6070940170940171,0.47,0.9,0.43000000000000005,0.18277565450227434,2.02991452991453,1.0,2.5,1.5,0.5845491540431696
Li7.22Si1.5P0.5O8,-6.7851561519523,151,train,298.0,4,1.0359641142554996,0.4645760743321719,0.029036004645760744,0.4645760743321719,0.0,0.0,0.0,0.0,0.41927990708478513,0.0,0.0,0.0,0.0,0.0,0.0,0.0,0.0,0.0,0.0,0.0,0.0,0.0,0.0,0.0,0.0,0.0,0.0,0.0,0.0,0.0,0.0,0.0,0.0,0.0,0.0,0.0,0.08710801393728224,0.0,0.0,0.0,0.0,0.0,0.0,0.0,0.0,0.0,0.029036004645760744,0.0,0.0,0.0,0.0,0.0,0.0,0.0,0.0,0.0,0.4645760743321719,0.0,2.238130081300813,0.98,3.44,2.46,1.1596452506490746,13.688986701509872,6.941,30.973762,24.032762,6.949879640458312,1.0115563298490127,0.6,1.45,0.85,0.3999673542398306,61.970963995354246,12.0,101.0,89.0,42.70437332050113,2.116144018583043,2.0,3.0,1.0,0.32039754295316425,9.5075493612079,1.0,16.0,15.0,7.2500711622245175,1.0806507360859465,0.61804922,1.461112979,0.843063759,0.41051699254930124,0.4403600464576074,0.0,0.9,0.9,0.4241271536838733,-0.46147890050329077,-2.0,1.6666666666666667,3.666666666666667,1.4646764138417037
(Li2O)50(Al2O3)4(P2O5)46,-6.779891912,152,train,338.0,4,1.0139884516892637,0.5934959349593496,0.016260162601626018,0.5934959349593496,0.0,0.0,0.0,0.0,0.2032520325203252,0.0,0.0,0.0,0.0,0.0,0.0,0.0,0.0,0.0,0.0,0.0,0.0,0.0,0.0,0.0,0.0,0.0,0.0,0.016260162601626018,0.0,0.0,0.0,0.0,0.0,0.0,0.0,0.0,0.0,0.0,0.0,0.0,0.0,0.0,0.0,0.0,0.0,0.0,0.18699186991869918,0.0,0.0,0.0,0.0,0.0,0.0,0.0,0.0,0.0,0.5934959349593496,0.0,2.6765040650406506,0.98,3.44,2.46,0.9968462331699416,17.13691709918699,6.941,30.973762,24.032762,7.698986125286882,0.858130081300813,0.6,1.45,0.85,0.34206296570916517,80.51219512195122,12.0,101.0,89.0,34.92858355043869,2.203252032520325,2.0,3.0,1.0,0.40241849335819774,12.715447154471544,1.0,16.0,15.0,5.939423646730163,1.1394321747723577,0.432835,1.461112979,1.0282779789999998,0.39196841444000724,0.2967479674796748,0.0,0.9,0.9,0.3748978092412886,-0.6233062330623307,-2.0,3.0,5.0,1.6895231387830356
La0.65Li0.05(Mg0.5W0.5)O3,-6.74472749489669,153,train,298.0,5,1.085244598863547,0.6382978723404256,0.010638297872340427,0.6382978723404256,0.0,0.0,0.0,0.0,0.010638297872340427,0.0,0.13829787234042556,0.0,0.0,0.0,0.0,0.0,0.0,0.0,0.0,0.0,0.10638297872340427,0.0,0.0,0.0,0.0,0.0,0.0,0.0,0.0,0.0,0.0,0.0,0.0,0.0,0.0,0.0,0.0,0.0,0.0,0.0,0.0,0.0,0.0,0.0,0.0,0.0,0.0,0.0,0.0,0.10638297872340427,0.0,0.0,0.0,0.0,0.0,0.0,0.6382978723404256,0.0,2.748723404255319,0.98,3.44,2.46,0.974942697762451,51.639639468085115,6.941,183.84,176.899,61.838153051620765,0.971276595744681,0.6,1.95,1.35,0.5175889974712607,82.77659574468086,12.0,101.0,89.0,26.46079165093185,3.085106382978724,2.0,6.0,4.0,1.6863631676965414,11.48936170212766,1.0,16.0,15.0,6.075315736215155,1.0584886889361702,-0.42,1.461112979,1.8811129789999999,0.6156427128298432,0.3447092198581561,0.0,1.172,1.172,0.47007097505959805,-0.10638297872340408,-2.0,5.0,7.0,2.6234137460786724
LiCa2Ti2NbO9,-6.723538196,154,train,573.0,5,1.2048762065511598,0.6,0.06666666666666667,0.6,0.0,0.0,0.0,0.0,0.06666666666666667,0.13333333333333333,0.0,0.0,0.0,0.0,0.0,0.0,0.0,0.0,0.0,0.0,0.0,0.0,0.0,0.0,0.13333333333333333,0.0,0.06666666666666667,0.0,0.0,0.0,0.0,0.0,0.0,0.0,0.0,0.0,0.0,0.0,0.0,0.0,0.0,0.0,0.0,0.0,0.0,0.0,0.0,0.0,0.0,0.0,0.0,0.0,0.0,0.0,0.0,0.0,0.6,0.0,2.574666666666667,0.98,3.44,2.46,1.07493793102465,27.982132,6.941,92.90638,85.96538,21.654246705843544,0.98,0.6,1.8,1.2000000000000002,0.47881798908005396,73.86666666666666,12.0,101.0,89.0,35.24365979230244,2.7333333333333334,2.0,5.0,3.0,1.0624918300339485,10.799999999999999,1.0,16.0,15.0,6.43117407632541,0.9923776687333332,0.024551,1.461112979,1.436561979,0.6152343030561509,0.38022222222222224,0.0,1.14,1.14,0.4735495854464907,0.0,-2.0,5.0,7.0,2.6076809620810595
Li2.5V2(PO4)3,-6.72124639904717,155,train,298.0,4,1.0836586781714648,0.6153846153846154,0.10256410256410256,0.6153846153846154,0.0,0.0,0.0,0.0,0.1282051282051282,0.0,0.0,0.0,0.0,0.0,0.0,0.0,0.0,0.0,0.0,0.0,0.0,0.0,0.0,0.0,0.0,0.0,0.0,0.0,0.10256410256410256,0.0,0.0,0.0,0.0,0.0,0.0,0.0,0.0,0.0,0.0,0.0,0.0,0.0,0.0,0.0,0.0,0.0,0.15384615384615385,0.0,0.0,0.0,0.0,0.0,0.0,0.0,0.0,0.0,0.6153846153846154,0.0,2.746666666666667,0.98,3.44,2.46,0.9335576653479498,20.725619794871797,6.941,50.9415,44.000499999999995,12.161640596410546,0.8474358974358975,0.6,1.45,0.85,0.3372111713689057,83.07692307692308,12.0,101.0,89.0,30.650540310111584,2.358974358974359,2.0,4.0,2.0,0.6597271964240311,12.794871794871796,1.0,16.0,15.0,5.5800904651222325,1.1473656475897438,0.527662,1.461112979,0.933450979,0.4007410434292202,0.27974358974358976,0.0,0.9,0.9,0.36623596274482195,-0.3333333333333335,-2.0,5.0,7.0,2.3388213848187447
Li6MgLa2Ta2O12,-6.716698771,156,train,294.1,5,1.2510583317959272,0.5217391304347826,0.043478260869565216,0.5217391304347826,0.0,0.0,0.0,0.0,0.2608695652173913,0.0,0.08695652173913043,0.0,0.0,0.0,0.0,0.0,0.0,0.0,0.0,0.0,0.043478260869565216,0.0,0.0,0.08695652173913043,0.0,0.0,0.0,0.0,0.0,0.0,0.0,0.0,0.0,0.0,0.0,0.0,0.0,0.0,0.0,0.0,0.0,0.0,0.0,0.0,0.0,0.0,0.0,0.0,0.0,0.0,0.0,0.0,0.0,0.0,0.0,0.0,0.5217391304347826,0.0,2.3334782608695654,0.98,3.44,2.46,1.1640245354341237,39.02828260869565,6.941,180.94788,174.00688,56.33422770753977,1.0521739130434782,0.6,1.95,1.35,0.4904475021477313,66.39130434782608,12.0,101.0,89.0,38.90427396933768,2.739130434782609,2.0,6.0,4.0,1.5098917699291599,9.391304347826086,1.0,16.0,15.0,6.982830685734351,0.9823679099130433,-0.42,1.461112979,1.8811129789999999,0.540871304135031,0.44539130434782614,0.0,1.172,1.172,0.47222781340204073,5.551115123125783e-17,-2.0,5.0,7.0,2.3405684928164816
Li1.9Mg0.1TiO3.05,-6.708504408,157,train,298.0,4,1.074364763643234,0.5041322314049587,0.01652892561983471,0.5041322314049587,0.0,0.0,0.0,0.0,0.3140495867768595,0.0,0.0,0.0,0.0,0.0,0.0,0.0,0.0,0.0,0.0,0.0,0.01652892561983471,0.0,0.0,0.0,0.1652892561983471,0.0,0.0,0.0,0.0,0.0,0.0,0.0,0.0,0.0,0.0,0.0,0.0,0.0,0.0,0.0,0.0,0.0,0.0,0.0,0.0,0.0,0.0,0.0,0.0,0.0,0.0,0.0,0.0,0.0,0.0,0.0,0.5041322314049587,0.0,2.318181818181818,0.98,3.44,2.46,1.1461722138499313,18.55926776859504,6.941,47.867,40.925999999999995,13.719147534260733,1.0140495867768595,0.6,1.5,0.9,0.4178963027536869,64.32231404958678,12.0,101.0,89.0,39.60449404252228,2.347107438016529,2.0,4.0,2.0,0.7464598963687363,9.074380165289256,1.0,16.0,15.0,7.052536369555574,0.9362368766859503,-0.42,1.461112979,1.8811129789999999,0.5687960750770532,0.4376308539944904,0.0,0.9,0.9,0.44155912470369835,0.0,-2.0,4.0,6.0,2.2452889154960856
(Li2O)50(Al2O3)2(P2O5)48,-6.701146924,158,train,348.0,4,0.9876524974827443,0.5967741935483871,0.008064516129032258,0.5967741935483871,0.0,0.0,0.0,0.0,0.20161290322580644,0.0,0.0,0.0,0.0,0.0,0.0,0.0,0.0,0.0,0.0,0.0,0.0,0.0,0.0,0.0,0.0,0.0,0.0,0.008064516129032258,0.0,0.0,0.0,0.0,0.0,0.0,0.0,0.0,0.0,0.0,0.0,0.0,0.0,0.0,0.0,0.0,0.0,0.0,0.1935483870967742,0.0,0.0,0.0,0.0,0.0,0.0,0.0,0.0,0.0,0.5967741935483871,0.0,2.687338709677419,0.98,3.44,2.46,0.9914677201575773,17.159938924193547,6.941,30.973762,24.032762,7.7180765894687,0.8540322580645161,0.6,1.45,0.85,0.33986458250792806,80.75806451612902,12.0,101.0,89.0,34.84559743740996,2.2016129032258065,2.0,3.0,1.0,0.4012046117365403,12.758064516129032,1.0,16.0,15.0,5.926119014707925,1.1445568111774194,0.432835,1.461112979,1.0282779789999998,0.3878484772436976,0.2933467741935484,0.0,0.9,0.9,0.37346606799173476,-0.6451612903225807,-2.0,3.0,5.0,1.6681401741616617
(Ag0.67Li0.33)0.27La0.57TiO3,-6.69897000433602,159,train,298.0,5,1.0705757011791812,0.6198347107438017,0.018409090909090913,0.6198347107438017,0.0,0.0,0.0,0.0,0.018409090909090913,0.0,0.11776859504132231,0.0,0.0,0.0,0.0,0.0,0.0,0.0,0.0,0.0,0.0,0.0,0.0,0.0,0.2066115702479339,0.0,0.0,0.0,0.0,0.0,0.0,0.0,0.0,0.0,0.0,0.0,0.0,0.0,0.03737603305785125,0.0,0.0,0.0,0.0,0.0,0.0,0.0,0.0,0.0,0.0,0.0,0.0,0.0,0.0,0.0,0.0,0.0,0.6198347107438017,0.0,2.6701353305785127,0.98,3.44,2.46,0.9973241328176665,40.32502445867769,6.941,138.90547,131.96447,41.40105834051539,0.9773006198347107,0.6,1.95,1.35,0.5051588986977267,79.90146694214877,12.0,101.0,89.0,28.202830544834374,2.996425619834711,2.0,6.0,4.0,1.4332704152777893,11.526652892561984,1.0,16.0,15.0,5.892416364705877,1.0470521946698348,0.075545,1.461112979,1.385567979,0.579100920527913,0.37117245179063363,0.0,1.172,1.172,0.48260288683892594,-0.004132231404958664,-2.0,4.0,6.0,2.6269391639215036
Li4GeS4,-6.69897000433602,160,train,298.0,3,0.9649629230074277,0.4444444444444444,0.1111111111111111,0.4444444444444444,0.0,0.0,0.0,0.0,0.4444444444444444,0.0,0.0,0.0,0.0,0.0,0.0,0.0,0.0,0.0,0.0,0.0,0.0,0.0,0.0,0.0,0.0,0.0,0.0,0.0,0.0,0.0,0.0,0.0,0.0,0.0,0.0,0.0,0.0,0.0,0.0,0.0,0.1111111111111111,0.0,0.0,0.0,0.0,0.0,0.0,0.0,0.0,0.0,0.0,0.4444444444444444,0.0,0.0,0.0,0.0,0.0,0.0,1.8055555555555556,0.98,2.58,1.6,0.7577028310933737,25.40711111111111,6.941,72.64,65.699,20.47286759724492,1.2277777777777776,1.0,1.45,0.44999999999999996,0.2122774797171422,56.44444444444444,12.0,94.0,82.0,39.86396621598428,2.6666666666666665,2.0,4.0,2.0,0.6666666666666666,9.11111111111111,1.0,16.0,15.0,7.279261935181866,1.334810037,0.61804922,2.07710426,1.45905504,0.688752366908141,0.6944444444444444,0.47,0.9,0.43000000000000005,0.20445652138242615,1.6296296296296298,0.6666666666666666,2.5,1.8333333333333335,0.7848007444598922
Sm0.52Li0.38TiO2.97,-6.69897000433602,161,train,298.0,4,1.064550752940808,0.6098562628336756,0.07802874743326489,0.6098562628336756,0.0,0.0,0.0,0.0,0.07802874743326489,0.0,0.0,0.0,0.0,0.0,0.10677618069815195,0.0,0.0,0.0,0.0,0.0,0.0,0.0,0.0,0.0,0.2053388090349076,0.0,0.0,0.0,0.0,0.0,0.0,0.0,0.0,0.0,0.0,0.0,0.0,0.0,0.0,0.0,0.0,0.0,0.0,0.0,0.0,0.0,0.0,0.0,0.0,0.0,0.0,0.0,0.0,0.0,0.0,0.0,0.6098562628336756,0.0,2.615523613963039,0.98,3.44,2.46,1.0411136052180383,36.182751129363446,6.941,150.36,143.419,41.6553892939424,0.9640657084188913,0.6,1.85,1.25,0.47126059680095056,75.99383983572895,12.0,101.0,89.0,32.78894557294326,2.8377823408624225,2.0,6.0,4.0,1.3519966259755016,10.977412731006162,1.0,16.0,15.0,6.320130405050198,0.9721045690410677,0.075545,1.461112979,1.385567979,0.6250959558433203,0.37633401779603015,0.0,1.229,1.229,0.4814506899215185,-1.1102230246251565e-16,-2.0,4.0,6.0,2.600742272815562
(Li2S)0.5((P2S5)0.4(Sb2S3)0.6)0.5,-6.645891561,162,train,307.0,4,1.1570333357787375,0.5454545454545454,0.09090909090909091,0.5454545454545454,0.0,0.0,0.0,0.0,0.22727272727272724,0.0,0.0,0.0,0.0,0.0,0.0,0.0,0.0,0.0,0.0,0.0,0.0,0.0,0.0,0.0,0.0,0.0,0.0,0.0,0.0,0.0,0.0,0.0,0.0,0.0,0.0,0.0,0.0,0.0,0.0,0.0,0.0,0.0,0.0,0.13636363636363635,0.0,0.0,0.09090909090909091,0.0,0.0,0.0,0.0,0.5454545454545454,0.0,0.0,0.0,0.0,0.0,0.0,2.108636363636364,0.98,2.58,1.6,0.6416902074319427,38.48693290909091,6.941,121.76,114.819,34.632309314090364,1.1636363636363638,1.0,1.45,0.44999999999999996,0.21647056181437557,74.18181818181819,12.0,94.0,82.0,33.79031109603672,3.0454545454545454,2.0,5.0,3.0,0.8778730870830894,12.363636363636365,1.0,16.0,15.0,6.175799208828651,1.4841326822727274,0.61804922,2.07710426,1.45905504,0.6616086302052049,0.6240909090909091,0.47,0.9,0.43000000000000005,0.19113676899751636,1.9696969696969697,1.0,2.5,1.5,0.622872872457408
Li9SiAlO8,-6.638272164,163,train,303.0,4,1.0280940565630372,0.47368421052631576,0.05263157894736842,0.42105263157894735,0.0,0.0,0.0,0.0,0.47368421052631576,0.0,0.0,0.0,0.0,0.0,0.0,0.0,0.0,0.0,0.0,0.0,0.0,0.0,0.0,0.0,0.0,0.0,0.0,0.05263157894736842,0.0,0.0,0.0,0.0,0.0,0.0,0.0,0.0,0.05263157894736842,0.0,0.0,0.0,0.0,0.0,0.0,0.0,0.0,0.0,0.0,0.0,0.0,0.0,0.0,0.0,0.0,0.0,0.0,0.0,0.42105263157894735,0.0,2.0973684210526313,0.98,3.44,2.46,1.1683179186346369,12.922696768421051,6.941,28.0855,21.1445,6.590730028051966,1.0631578947368419,0.6,1.45,0.85,0.4038766439029431,56.89473684210526,12.0,101.0,89.0,42.93556339304419,2.1052631578947367,2.0,3.0,1.0,0.3068922049918579,8.631578947368421,1.0,16.0,15.0,7.278016837427114,1.003879110105263,0.432835,1.461112979,1.0282779789999998,0.42840561711207525,0.49026315789473685,0.0,0.9,0.9,0.42738025003074664,-0.21052631578947367,-2.0,3.0,5.0,1.6084954515722236
Li1.9Mn0.9Ga0.1Cl4,-6.6252516539899,164,train,298.0,4,0.9982436065574654,0.5797101449275363,0.014492753623188406,0.5797101449275363,0.0,0.0,0.0,0.0,0.27536231884057966,0.0,0.0,0.0,0.0,0.0,0.0,0.0,0.0,0.0,0.0,0.0,0.0,0.0,0.0,0.0,0.0,0.13043478260869565,0.0,0.0,0.0,0.0,0.0,0.0,0.0,0.014492753623188406,0.0,0.0,0.0,0.0,0.0,0.0,0.0,0.0,0.0,0.0,0.0,0.0,0.0,0.0,0.0,0.0,0.0,0.0,0.0,0.0,0.0,0.5797101449275363,0.0,0.0,2.3301449275362325,0.98,3.16,2.18,0.9922124199194375,30.640063840579717,6.941,69.723,62.782,16.34715947719084,1.1804347826086958,1.0,1.45,0.44999999999999996,0.21302129431971908,69.69565217391305,12.0,99.0,87.0,37.796290113102366,2.869565217391305,2.0,4.0,2.0,0.6350406463828013,11.231884057971017,1.0,17.0,16.0,7.10612091237829,2.2010596018840585,-0.52,3.61272528,4.13272528,1.6921455308224458,0.5675,0.33499999999999996,0.9,0.5650000000000001,0.2735905912018959,2.623188405797102,1.0,4.333333333333333,3.333333333333333,1.0914881381891437
Li0.2Zr1.2Nb0.8(PO4)3,-6.623423043,165,train,298.0,5,0.9360082147452857,0.6976744186046512,0.011627906976744188,0.6976744186046512,0.0,0.0,0.0,0.0,0.011627906976744188,0.0,0.0,0.0,0.0,0.0,0.0,0.0,0.0,0.0,0.0,0.0,0.0,0.06976744186046512,0.0,0.0,0.0,0.0,0.04651162790697675,0.0,0.0,0.0,0.0,0.0,0.0,0.0,0.0,0.0,0.0,0.0,0.0,0.0,0.0,0.0,0.0,0.0,0.0,0.0,0.1744186046511628,0.0,0.0,0.0,0.0,0.0,0.0,0.0,0.0,0.0,0.6976744186046512,0.0,2.960581395348837,0.98,3.44,2.46,0.7623225750894934,27.331173837209306,6.941,92.90638,85.96538,24.115401302518126,0.7854651162790698,0.6,1.55,0.9500000000000001,0.3138161844461425,92.18604651162792,12.0,101.0,89.0,18.20267781725444,2.523255813953489,2.0,5.0,3.0,0.9732078841244619,14.30232558139535,1.0,16.0,15.0,3.947533134437902,1.2296898443023256,0.433289,1.461112979,1.0278239789999999,0.3622221044794181,0.20453488372093023,0.0,0.9,0.9,0.3212789014299823,-0.5813953488372092,-2.0,5.0,7.0,2.2864537872475528
Li0.98Zr1.98Nb0.02(PO4)3,-6.602059991,166,train,298.0,5,0.9777355961903397,0.6674082313681868,0.0011123470522803114,0.6674082313681868,0.0,0.0,0.0,0.0,0.05450500556173526,0.0,0.0,0.0,0.0,0.0,0.0,0.0,0.0,0.0,0.0,0.0,0.0,0.11012235817575083,0.0,0.0,0.0,0.0,0.0011123470522803114,0.0,0.0,0.0,0.0,0.0,0.0,0.0,0.0,0.0,0.0,0.0,0.0,0.0,0.0,0.0,0.0,0.0,0.0,0.0,0.1668520578420467,0.0,0.0,0.0,0.0,0.0,0.0,0.0,0.0,0.0,0.6674082313681868,0.0,2.8629477196885427,0.98,3.44,2.46,0.8669493704002577,26.37363256952169,6.941,92.90638,85.96538,23.748562033456736,0.8186318131256951,0.6,1.55,0.9500000000000001,0.34418806641331995,88.53392658509453,12.0,101.0,89.0,24.43059487166173,2.50055617352614,2.0,5.0,3.0,0.9578141375231396,13.681868743047831,1.0,16.0,15.0,4.800933175478271,1.182154153147942,0.433289,1.461112979,1.0278239789999999,0.4034437916226657,0.23644048943270302,0.0,0.9,0.9,0.3477242229465574,-0.5561735261401557,-2.0,5.0,7.0,2.160567815511575
Li1.2Cr0.2Hf1.8(PO4)3,-6.595166283,167,train,298.0,5,1.0294638497997788,0.6593406593406593,0.01098901098901099,0.6593406593406593,0.0,0.0,0.0,0.0,0.06593406593406594,0.0,0.0,0.0,0.0,0.0,0.0,0.0,0.0,0.0,0.0,0.09890109890109891,0.0,0.0,0.0,0.0,0.0,0.0,0.0,0.0,0.0,0.0,0.01098901098901099,0.0,0.0,0.0,0.0,0.0,0.0,0.0,0.0,0.0,0.0,0.0,0.0,0.0,0.0,0.0,0.16483516483516483,0.0,0.0,0.0,0.0,0.0,0.0,0.0,0.0,0.0,0.6593406593406593,0.0,2.8405494505494504,0.98,3.44,2.46,0.8859828622326889,34.33651131868132,6.941,178.49,171.549,48.28732688622358,0.8247252747252747,0.6,1.55,0.9500000000000001,0.34612244755555455,87.79120879120879,12.0,101.0,89.0,25.421508797233788,2.5824175824175826,2.0,6.0,4.0,1.2049890252195867,13.54945054945055,1.0,16.0,15.0,4.933099100065914,1.1522282305494504,0.17807,1.461112979,1.283042979,0.4529790718968609,0.24439560439560443,0.0,0.94,0.94,0.3531373010420622,-0.5329670329670328,-2.0,4.5,6.5,2.1638076064861993
Li4P2S6,-6.590066877,168,train,298.0,3,1.0114042647073518,0.5,0.16666666666666666,0.5,0.0,0.0,0.0,0.0,0.3333333333333333,0.0,0.0,0.0,0.0,0.0,0.0,0.0,0.0,0.0,0.0,0.0,0.0,0.0,0.0,0.0,0.0,0.0,0.0,0.0,0.0,0.0,0.0,0.0,0.0,0.0,0.0,0.0,0.0,0.0,0.0,0.0,0.0,0.0,0.0,0.0,0.0,0.0,0.16666666666666666,0.0,0.0,0.0,0.0,0.5,0.0,0.0,0.0,0.0,0.0,0.0,1.9816666666666667,0.98,2.58,1.6,0.7215819811743885,23.508460333333332,6.941,32.065,25.124,11.721314815107869,1.15,1.0,1.45,0.44999999999999996,0.21213203435596423,66.0,12.0,94.0,82.0,38.2099463490856,2.6666666666666665,2.0,3.0,1.0,0.4714045207910317,10.833333333333334,1.0,16.0,15.0,6.962199524735141,1.3690033883333332,0.61804922,2.07710426,1.45905504,0.7093963979964196,0.6266666666666667,0.47,0.9,0.43000000000000005,0.19533447098644816,1.8611111111111112,1.0,2.5,1.5,0.6764330923269956
(Li2S)(LaOI),-6.560667306,169,train,303.0,5,1.5607104090414068,0.33333333333333337,0.16666666666666669,0.5,0.0,0.0,0.0,0.0,0.33333333333333337,0.0,0.16666666666666669,0.0,0.0,0.0,0.0,0.0,0.0,0.0,0.0,0.0,0.0,0.0,0.0,0.0,0.0,0.0,0.0,0.0,0.0,0.0,0.0,0.0,0.0,0.0,0.0,0.0,0.0,0.0,0.0,0.0,0.0,0.0,0.0,0.0,0.0,0.0,0.0,0.0,0.0,0.0,0.0,0.16666666666666669,0.16666666666666669,0.0,0.0,0.0,0.16666666666666669,0.0,1.9566666666666666,0.98,3.44,2.46,0.976825925581876,54.62605666666666,6.941,138.90547,131.96447,56.08912207009265,1.3083333333333333,0.6,1.95,1.35,0.41973867531543424,58.16666666666666,12.0,101.0,89.0,39.83891174328045,3.3333333333333326,2.0,6.0,4.0,1.5986105077709065,8.999999999999998,1.0,17.0,16.0,7.371114795831994,1.398484736,0.5575462,3.059046537,2.501500337,0.9262153331986585,0.7203333333333334,0.0,1.172,1.172,0.3820129433525635,1.4166666666666665,-2.0,3.0,5.0,1.742045413363906
LiGaSiO4,-6.552841969,170,train,748.75,4,1.15374194270109,0.5714285714285714,0.14285714285714285,0.5714285714285714,0.0,0.0,0.0,0.0,0.14285714285714285,0.0,0.0,0.0,0.0,0.0,0.0,0.0,0.0,0.0,0.0,0.0,0.0,0.0,0.0,0.0,0.0,0.0,0.0,0.0,0.0,0.0,0.0,0.0,0.0,0.14285714285714285,0.0,0.0,0.14285714285714285,0.0,0.0,0.0,0.0,0.0,0.0,0.0,0.0,0.0,0.0,0.0,0.0,0.0,0.0,0.0,0.0,0.0,0.0,0.0,0.5714285714285714,0.0,2.6357142857142852,0.98,3.44,2.46,0.9674688203592645,24.10672857142857,6.941,69.723,62.782,19.472516107046456,0.8928571428571428,0.6,1.45,0.85,0.3509462427582356,83.14285714285714,12.0,101.0,89.0,30.106613281226206,2.4285714285714284,2.0,4.0,2.0,0.7284313590846836,13.142857142857142,1.0,16.0,15.0,5.082984821330627,1.1647412237142856,0.30116615,1.461112979,1.159946829,0.4545806541503192,0.3142857142857143,0.0,0.9,0.9,0.3756463816964469,-0.5714285714285714,-2.0,3.0,5.0,1.8405855323893037
Li3.9Zn0.05GeS4,-6.54668166,171,test,298.0,4,0.9957653325067968,0.446927374301676,0.005586592178770951,0.446927374301676,0.0,0.0,0.0,0.0,0.4357541899441341,0.0,0.0,0.0,0.0,0.0,0.0,0.0,0.0,0.0,0.0,0.0,0.0,0.0,0.0,0.0,0.0,0.0,0.0,0.0,0.0,0.005586592178770951,0.0,0.0,0.0,0.0,0.0,0.0,0.0,0.0,0.0,0.0,0.111731843575419,0.0,0.0,0.0,0.0,0.0,0.0,0.0,0.0,0.0,0.0,0.446927374301676,0.0,0.0,0.0,0.0,0.0,0.0,1.8139106145251394,0.98,2.58,1.6,0.7548319675747753,25.836910614525134,6.941,72.64,65.699,20.650048457282118,1.2259776536312847,1.0,1.45,0.44999999999999996,0.21175911146477094,57.05027932960893,12.0,94.0,82.0,39.72042995472099,2.681564245810056,2.0,4.0,2.0,0.6720649493551984,9.217877094972065,1.0,16.0,15.0,7.251469815677898,1.331897811284916,-0.62,2.07710426,2.69710426,0.7018755407011164,0.6931843575418993,0.47,0.9,0.43000000000000005,0.204339580934089,1.6387337057728117,0.6666666666666666,2.5,1.8333333333333335,0.7846063259708211
Li4.25Si0.75Al0.25O4,-6.540607512,172,train,347.28,4,1.0211372837037784,0.4594594594594595,0.02702702702702703,0.43243243243243246,0.0,0.0,0.0,0.0,0.4594594594594595,0.0,0.0,0.0,0.0,0.0,0.0,0.0,0.0,0.0,0.0,0.0,0.0,0.0,0.0,0.0,0.0,0.0,0.0,0.02702702702702703,0.0,0.0,0.0,0.0,0.0,0.0,0.0,0.0,0.08108108108108109,0.0,0.0,0.0,0.0,0.0,0.0,0.0,0.0,0.0,0.0,0.0,0.0,0.0,0.0,0.0,0.0,0.0,0.0,0.0,0.43243243243243246,0.0,2.1354054054054057,0.98,3.44,2.46,1.1667478353620944,13.114201043243243,6.941,28.0855,21.1445,6.669323450507311,1.0486486486486486,0.6,1.45,0.85,0.4029429720374709,58.24324324324325,12.0,101.0,89.0,42.940817478217504,2.1081081081081083,2.0,3.0,1.0,0.31051689981286645,8.864864864864865,1.0,16.0,15.0,7.282567716767629,1.0401633309189189,0.432835,1.461112979,1.0282779789999998,0.42232444987606044,0.47554054054054057,0.0,0.9,0.9,0.4265920637998381,-0.32432432432432434,-2.0,3.0,5.0,1.5255314369373065
Li3.09BO2.53N0.52,-6.511449283,173,train,282.0,4,1.1961887225993753,0.43277310924369755,0.07282913165266108,0.427170868347339,0.0,0.0,0.0,0.0,0.43277310924369755,0.0,0.0,0.0,0.0,0.0,0.0,0.0,0.0,0.0,0.0,0.0,0.0,0.0,0.0,0.0,0.0,0.0,0.0,0.0,0.0,0.0,0.0,0.0,0.0,0.0,0.0,0.0,0.0,0.0,0.0,0.0,0.0,0.0,0.14005602240896362,0.0,0.0,0.0,0.0,0.0,0.0,0.0,0.0,0.0,0.0,0.0,0.07282913165266108,0.0,0.3543417366946779,0.0,2.1501680672268906,0.98,3.44,2.46,1.1142108409470532,11.207374789915967,6.941,15.9994,9.058399999999999,4.075163120184903,1.0065126050420168,0.6,1.45,0.85,0.39542590658708304,60.3095238095238,12.0,101.0,89.0,42.47194815269588,2.0,2.0,2.0,0.0,0.0,9.015406162464986,1.0,16.0,15.0,7.065602015244926,0.8192872796456581,-0.07,1.461112979,1.531112979,0.5117260389530705,0.4676750700280112,0.0,0.9,0.9,0.40160330046841497,0.26563958916900093,-2.0,3.0,5.0,1.800661825509948
Li1.2Sc0.2Ti0.2Zr1.5(PO4)3,-6.508638306,174,train,298.0,6,1.0562475720396427,0.6629834254143646,0.011049723756906077,0.6629834254143646,0.0,0.0,0.0,0.0,0.06629834254143646,0.0,0.0,0.0,0.0,0.0,0.0,0.0,0.0,0.0,0.0,0.0,0.0,0.08287292817679558,0.011049723756906077,0.0,0.011049723756906077,0.0,0.0,0.0,0.0,0.0,0.0,0.0,0.0,0.0,0.0,0.0,0.0,0.0,0.0,0.0,0.0,0.0,0.0,0.0,0.0,0.0,0.16574585635359115,0.0,0.0,0.0,0.0,0.0,0.0,0.0,0.0,0.0,0.6629834254143646,0.0,2.8508839779005526,0.98,3.44,2.46,0.8773738393308679,24.78695405524862,6.941,91.224,84.283,21.326679569163414,0.8212707182320443,0.6,1.6,1.0,0.34405453549796683,87.5082872928177,12.0,101.0,89.0,26.252412419435185,2.458563535911602,2.0,5.0,3.0,0.8886616248788112,13.569060773480665,1.0,16.0,15.0,4.956376962915203,1.1721414744751384,0.075545,1.461112979,1.385567979,0.41850720162312866,0.24128913443830574,0.0,0.9,0.9,0.3515413685973319,-0.574585635359116,-2.0,4.0,6.0,2.109667863225629
Li6NBr3,-6.508638306,175,train,298.0,3,0.8979457248567797,0.6,0.1,0.4,0.0,0.0,0.0,0.0,0.6,0.0,0.0,0.0,0.0,0.0,0.0,0.0,0.0,0.0,0.0,0.0,0.0,0.0,0.0,0.0,0.0,0.0,0.0,0.0,0.0,0.0,0.0,0.0,0.0,0.0,0.0,0.0,0.0,0.0,0.0,0.0,0.0,0.0,0.0,0.0,0.0,0.0,0.0,0.0,0.0,0.0,0.0,0.0,0.0,0.3,0.1,0.0,0.0,0.0,1.7800000000000002,0.98,3.04,2.06,0.9800408154765801,29.536470000000005,6.941,79.904,72.963,33.038113714740135,1.28,0.65,1.45,0.7999999999999999,0.24919871588754225,46.6,12.0,100.0,88.0,42.37971212738473,2.6000000000000005,2.0,4.0,2.0,0.9165151389911681,7.2,1.0,17.0,16.0,7.613146524269713,1.3729060220000002,-0.07,3.3635883,3.4335883,1.3186841294755798,0.7395000000000002,0.28500000000000003,0.9,0.615,0.21150000000000002,1.366666666666667,1.0,2.0,1.0,0.45825756949558405
LiCrTa(PO4)3,-6.500312917,176,train,334.0,5,1.0506652765928128,0.6666666666666666,0.05555555555555555,0.6666666666666666,0.0,0.0,0.0,0.0,0.05555555555555555,0.0,0.0,0.0,0.0,0.0,0.0,0.0,0.0,0.0,0.0,0.0,0.0,0.0,0.0,0.05555555555555555,0.0,0.0,0.0,0.0,0.0,0.0,0.05555555555555555,0.0,0.0,0.0,0.0,0.0,0.0,0.0,0.0,0.0,0.0,0.0,0.0,0.0,0.0,0.0,0.16666666666666666,0.0,0.0,0.0,0.0,0.0,0.0,0.0,0.0,0.0,0.6666666666666666,0.0,2.8883333333333336,0.98,3.44,2.46,0.8230380712133958,29.155503666666668,6.941,180.94788,174.00688,38.11023300994111,0.8055555555555557,0.6,1.45,0.85,0.31661792997277793,89.05555555555556,12.0,101.0,89.0,23.632539296069034,2.5000000000000004,2.0,6.0,4.0,1.0137937550497034,13.833333333333336,1.0,16.0,15.0,4.5,1.1886677665555556,0.32885923,1.461112979,1.132253749,0.39473917756249827,0.23944444444444446,0.0,0.94,0.94,0.3528844982934253,-0.47222222222222215,-2.0,5.0,7.0,2.340102614611928
Li0.91Hf2.022(PO4)3,-6.49485002168009,177,train,298.0,4,0.9652976168914964,0.6691947356680794,0.05074726745482937,0.6691947356680794,0.0,0.0,0.0,0.0,0.05074726745482937,0.0,0.0,0.0,0.0,0.0,0.0,0.0,0.0,0.0,0.0,0.11275931296007138,0.0,0.0,0.0,0.0,0.0,0.0,0.0,0.0,0.0,0.0,0.0,0.0,0.0,0.0,0.0,0.0,0.0,0.0,0.0,0.0,0.0,0.0,0.0,0.0,0.0,0.0,0.16729868391701985,0.0,0.0,0.0,0.0,0.0,0.0,0.0,0.0,0.0,0.6691947356680794,0.0,2.864733437430292,0.98,3.44,2.46,0.8683128980794678,36.36723042605398,6.941,178.49,171.549,51.02974923371551,0.8171759982154807,0.6,1.55,0.9500000000000001,0.3435586644350734,88.89248271246933,12.0,101.0,89.0,23.85177654609724,2.6183359357573055,2.0,6.0,4.0,1.2605984141784803,13.718380548739683,1.0,16.0,15.0,4.755732078989992,1.1541191951929513,0.17807,1.461112979,1.283042979,0.4613639402770636,0.23353223287976804,0.0,0.9,0.9,0.34444801979856354,-0.5577738121793441,-2.0,4.0,6.0,2.164551260278069
LiGe2(PO4)3,-6.47755576649368,178,train,298.0,4,0.9736489231972634,0.6666666666666666,0.05555555555555555,0.6666666666666666,0.0,0.0,0.0,0.0,0.05555555555555555,0.0,0.0,0.0,0.0,0.0,0.0,0.0,0.0,0.0,0.0,0.0,0.0,0.0,0.0,0.0,0.0,0.0,0.0,0.0,0.0,0.0,0.0,0.0,0.0,0.0,0.0,0.0,0.0,0.0,0.0,0.0,0.1111111111111111,0.0,0.0,0.0,0.0,0.0,0.16666666666666666,0.0,0.0,0.0,0.0,0.0,0.0,0.0,0.0,0.0,0.6666666666666666,0.0,2.9361111111111113,0.98,3.44,2.46,0.7549329542628928,24.285282555555558,6.941,72.64,65.699,18.15865114325042,0.7861111111111112,0.6,1.45,0.85,0.2812697181016607,92.33333333333334,12.0,101.0,89.0,20.426018266471374,2.3888888888888893,2.0,4.0,2.0,0.6781419786518724,14.777777777777779,1.0,16.0,15.0,3.408413700039549,1.2698102846666668,0.61804922,1.461112979,0.843063759,0.3062251706119201,0.22722222222222224,0.0,0.9,0.9,0.33115631682460706,-0.925925925925926,-2.0,1.6666666666666667,3.666666666666667,1.5418265404813813
Li1.3Al0.3Ti1.7(PO4)3,-6.477555766,179,train,294.42,5,1.049159726908797,0.6557377049180328,0.01639344262295082,0.6557377049180328,0.0,0.0,0.0,0.0,0.07103825136612023,0.0,0.0,0.0,0.0,0.0,0.0,0.0,0.0,0.0,0.0,0.0,0.0,0.0,0.0,0.0,0.09289617486338798,0.0,0.0,0.01639344262295082,0.0,0.0,0.0,0.0,0.0,0.0,0.0,0.0,0.0,0.0,0.0,0.0,0.0,0.0,0.0,0.0,0.0,0.0,0.1639344262295082,0.0,0.0,0.0,0.0,0.0,0.0,0.0,0.0,0.0,0.6557377049180328,0.0,2.8538251366120218,0.98,3.44,2.46,0.8559771280470847,20.951133747540982,6.941,47.867,40.925999999999995,10.695135834943414,0.8109289617486337,0.6,1.45,0.85,0.3153464750479249,87.88524590163932,12.0,101.0,89.0,25.49516081415319,2.3661202185792347,2.0,4.0,2.0,0.6464275317879833,13.606557377049176,1.0,16.0,15.0,4.893216075157859,1.1385204406557374,0.075545,1.461112979,1.385567979,0.47517545352126767,0.24428051001821494,0.0,0.9,0.9,0.34972616784251925,-0.546448087431694,-2.0,4.0,6.0,2.1176960939649336
Li2FeTi(PO4)3,-6.476253533,180,train,298.0,5,1.1285962936622183,0.631578947368421,0.05263157894736842,0.631578947368421,0.0,0.0,0.0,0.0,0.10526315789473684,0.0,0.0,0.0,0.0,0.0,0.0,0.0,0.0,0.0,0.0,0.0,0.0,0.0,0.0,0.0,0.05263157894736842,0.0,0.0,0.0,0.0,0.0,0.0,0.0,0.0,0.0,0.05263157894736842,0.0,0.0,0.0,0.0,0.0,0.0,0.0,0.0,0.0,0.0,0.0,0.15789473684210525,0.0,0.0,0.0,0.0,0.0,0.0,0.0,0.0,0.0,0.631578947368421,0.0,2.7989473684210524,0.98,3.44,2.46,0.8939792458255162,21.184636105263156,6.941,55.845,48.903999999999996,12.416399906833668,0.8368421052631578,0.6,1.45,0.85,0.33554437515898106,85.1578947368421,12.0,101.0,89.0,28.595662457046537,2.3684210526315788,2.0,4.0,2.0,0.6657426652986062,13.210526315789474,1.0,16.0,15.0,5.196952015297763,1.1177927825263154,0.075545,1.461112979,1.385567979,0.4781485043600346,0.2712719298245614,0.0,0.9,0.9,0.368597028774544,-0.5526315789473684,-2.0,4.0,6.0,1.9838917329646737
(Li2O)16.6(SiO2)83.4,-6.452225295,181,train,408.0,3,0.9003254008126582,0.6113333333333334,0.11066666666666668,0.6113333333333334,0.0,0.0,0.0,0.0,0.11066666666666668,0.0,0.0,0.0,0.0,0.0,0.0,0.0,0.0,0.0,0.0,0.0,0.0,0.0,0.0,0.0,0.0,0.0,0.0,0.0,0.0,0.0,0.0,0.0,0.0,0.0,0.0,0.0,0.278,0.0,0.0,0.0,0.0,0.0,0.0,0.0,0.0,0.0,0.0,0.0,0.0,0.0,0.0,0.0,0.0,0.0,0.0,0.0,0.6113333333333334,0.0,2.73964,0.98,3.44,2.46,0.9157025010340423,18.35687286666667,6.941,28.0855,21.1445,6.643158284326599,0.8330666666666667,0.6,1.45,0.85,0.308442207804891,86.70266666666669,12.0,101.0,89.0,27.2643526646466,2.2780000000000005,2.0,3.0,1.0,0.44801339265696066,13.784000000000002,1.0,16.0,15.0,4.593619923328442,1.3479114306820001,0.61804922,1.461112979,0.843063759,0.2593594331371296,0.24972000000000005,0.0,0.9,0.9,0.3291575938665247,-1.112,-2.0,1.0,3.0,1.1486757592985064
(Li2O)50(Al2O3)4(P2O5)46,-6.449771647,182,train,351.0,4,1.0139884516892637,0.5934959349593496,0.016260162601626018,0.5934959349593496,0.0,0.0,0.0,0.0,0.2032520325203252,0.0,0.0,0.0,0.0,0.0,0.0,0.0,0.0,0.0,0.0,0.0,0.0,0.0,0.0,0.0,0.0,0.0,0.0,0.016260162601626018,0.0,0.0,0.0,0.0,0.0,0.0,0.0,0.0,0.0,0.0,0.0,0.0,0.0,0.0,0.0,0.0,0.0,0.0,0.18699186991869918,0.0,0.0,0.0,0.0,0.0,0.0,0.0,0.0,0.0,0.5934959349593496,0.0,2.6765040650406506,0.98,3.44,2.46,0.9968462331699416,17.13691709918699,6.941,30.973762,24.032762,7.698986125286882,0.858130081300813,0.6,1.45,0.85,0.34206296570916517,80.51219512195122,12.0,101.0,89.0,34.92858355043869,2.203252032520325,2.0,3.0,1.0,0.40241849335819774,12.715447154471544,1.0,16.0,15.0,5.939423646730163,1.1394321747723577,0.432835,1.461112979,1.0282779789999998,0.39196841444000724,0.2967479674796748,0.0,0.9,0.9,0.3748978092412886,-0.6233062330623307,-2.0,3.0,5.0,1.6895231387830356
LiTi2(PO4)3,-6.416801226,183,train,297.85,4,0.9736489231972634,0.6666666666666666,0.05555555555555555,0.6666666666666666,0.0,0.0,0.0,0.0,0.05555555555555555,0.0,0.0,0.0,0.0,0.0,0.0,0.0,0.0,0.0,0.0,0.0,0.0,0.0,0.0,0.0,0.1111111111111111,0.0,0.0,0.0,0.0,0.0,0.0,0.0,0.0,0.0,0.0,0.0,0.0,0.0,0.0,0.0,0.0,0.0,0.0,0.0,0.0,0.0,0.16666666666666666,0.0,0.0,0.0,0.0,0.0,0.0,0.0,0.0,0.0,0.6666666666666666,0.0,2.8838888888888885,0.98,3.44,2.46,0.8297398446962416,21.532726999999998,6.941,47.867,40.925999999999995,11.14230746998028,0.8027777777777777,0.6,1.45,0.85,0.3111235116576258,88.66666666666667,12.0,101.0,89.0,24.205141786176114,2.388888888888889,2.0,4.0,2.0,0.6781419786518724,13.666666666666666,1.0,16.0,15.0,4.818944098266987,1.1412401276666666,0.075545,1.461112979,1.385567979,0.4853501341348729,0.23629629629629628,0.0,0.9,0.9,0.34666068173054687,-0.5555555555555555,-2.0,4.0,6.0,2.1573875376608442
LiTi2P3O12,-6.397940009,184,train,303.0,4,0.9736489231972634,0.6666666666666666,0.05555555555555555,0.6666666666666666,0.0,0.0,0.0,0.0,0.05555555555555555,0.0,0.0,0.0,0.0,0.0,0.0,0.0,0.0,0.0,0.0,0.0,0.0,0.0,0.0,0.0,0.1111111111111111,0.0,0.0,0.0,0.0,0.0,0.0,0.0,0.0,0.0,0.0,0.0,0.0,0.0,0.0,0.0,0.0,0.0,0.0,0.0,0.0,0.0,0.16666666666666666,0.0,0.0,0.0,0.0,0.0,0.0,0.0,0.0,0.0,0.6666666666666666,0.0,2.8838888888888885,0.98,3.44,2.46,0.8297398446962416,21.532726999999998,6.941,47.867,40.925999999999995,11.14230746998028,0.8027777777777777,0.6,1.45,0.85,0.3111235116576258,88.66666666666667,12.0,101.0,89.0,24.205141786176114,2.388888888888889,2.0,4.0,2.0,0.6781419786518724,13.666666666666666,1.0,16.0,15.0,4.818944098266987,1.1412401276666666,0.075545,1.461112979,1.385567979,0.4853501341348729,0.23629629629629628,0.0,0.9,0.9,0.34666068173054687,-0.5555555555555555,-2.0,4.0,6.0,2.1573875376608442
(Li2O)50(LiF)20(P2O5)30,-6.356547324,185,test,298.0,4,1.1421200429883351,0.5,0.05,0.55,0.0,0.0,0.0,0.0,0.3,0.0,0.0,0.0,0.0,0.0,0.0,0.0,0.0,0.0,0.0,0.0,0.0,0.0,0.0,0.0,0.0,0.0,0.0,0.0,0.0,0.0,0.0,0.0,0.0,0.0,0.0,0.0,0.0,0.0,0.0,0.0,0.0,0.0,0.0,0.0,0.0,0.0,0.15,0.0,0.0,0.0,0.0,0.0,0.0,0.0,0.0,0.0,0.5,0.05,2.5415,0.98,3.98,3.0,1.1212193139613675,15.677984460000001,6.941,30.973762,24.032762,7.654900641052346,0.91,0.5,1.45,0.95,0.3809855640309748,72.7,12.0,102.0,90.0,39.92004509015489,2.15,2.0,3.0,1.0,0.3570714214271425,11.4,1.0,17.0,16.0,6.822023160324216,1.1980221132,0.61804922,3.401189824,2.7831406039999997,0.6393609480583112,0.36350000000000005,0.0,0.9,0.9,0.3983249301763574,-0.5,-2.0,1.6666666666666667,3.666666666666667,1.5864005379054391
Li2CrTi(PO4)3,-6.355561411,186,train,298.0,5,1.1285962936622183,0.631578947368421,0.05263157894736842,0.631578947368421,0.0,0.0,0.0,0.0,0.10526315789473684,0.0,0.0,0.0,0.0,0.0,0.0,0.0,0.0,0.0,0.0,0.0,0.0,0.0,0.0,0.0,0.05263157894736842,0.0,0.0,0.0,0.0,0.0,0.05263157894736842,0.0,0.0,0.0,0.0,0.0,0.0,0.0,0.0,0.0,0.0,0.0,0.0,0.0,0.0,0.0,0.15789473684210525,0.0,0.0,0.0,0.0,0.0,0.0,0.0,0.0,0.0,0.631578947368421,0.0,2.79,0.98,3.44,2.46,0.9044218857195025,20.98206242105263,6.941,51.9961,45.055099999999996,11.868575364447652,0.8368421052631578,0.6,1.45,0.85,0.33554437515898106,84.94736842105264,12.0,101.0,89.0,28.78682755086453,2.3684210526315788,2.0,4.0,2.0,0.6657426652986062,13.105263157894736,1.0,16.0,15.0,5.32021702012937,1.145302883578947,0.075545,1.461112979,1.385567979,0.43494643835865177,0.2758771929824561,0.0,0.94,0.94,0.37629634350443897,-0.44736842105263164,-2.0,4.5,6.5,2.1858480439599344
Li6.5O8P1.5Si0.5,-6.34775365899668,187,train,298.0,4,1.0419136805925164,0.48484848484848486,0.030303030303030304,0.48484848484848486,0.0,0.0,0.0,0.0,0.3939393939393939,0.0,0.0,0.0,0.0,0.0,0.0,0.0,0.0,0.0,0.0,0.0,0.0,0.0,0.0,0.0,0.0,0.0,0.0,0.0,0.0,0.0,0.0,0.0,0.0,0.0,0.0,0.0,0.030303030303030304,0.0,0.0,0.0,0.0,0.0,0.0,0.0,0.0,0.0,0.09090909090909091,0.0,0.0,0.0,0.0,0.0,0.0,0.0,0.0,0.0,0.48484848484848486,0.0,2.310606060606061,0.98,3.44,2.46,1.1499326446518492,14.158490484848487,6.941,30.973762,24.032762,7.331218063234464,0.9863636363636363,0.6,1.45,0.85,0.396819309936263,64.45454545454545,12.0,101.0,89.0,42.46859153795462,2.121212121212121,2.0,3.0,1.0,0.3263736246748184,9.93939393939394,1.0,16.0,15.0,7.219247815848264,1.0618726101212121,0.61804922,1.461112979,0.843063759,0.40886177740389623,0.4209090909090909,0.0,0.9,0.9,0.4222118069374131,-0.4242424242424243,-2.0,1.6666666666666667,3.666666666666667,1.5510889566145125
LiPO3,-6.346787486,188,test,595.0,3,0.9502705392332347,0.6,0.2,0.6,0.0,0.0,0.0,0.0,0.2,0.0,0.0,0.0,0.0,0.0,0.0,0.0,0.0,0.0,0.0,0.0,0.0,0.0,0.0,0.0,0.0,0.0,0.0,0.0,0.0,0.0,0.0,0.0,0.0,0.0,0.0,0.0,0.0,0.0,0.0,0.0,0.0,0.0,0.0,0.0,0.0,0.0,0.2,0.0,0.0,0.0,0.0,0.0,0.0,0.0,0.0,0.0,0.6,0.0,2.6980000000000004,0.98,3.44,2.46,0.9860304254940615,17.182592399999997,6.941,30.973762,24.032762,7.7367487562923385,0.8499999999999999,0.6,1.45,0.85,0.33763886032268264,81.0,12.0,101.0,89.0,34.762048271067115,2.2,2.0,3.0,1.0,0.4,12.799999999999999,1.0,16.0,15.0,5.912698199637794,1.1495994534,0.61804922,1.461112979,0.843063759,0.38368447907009995,0.29000000000000004,0.0,0.9,0.9,0.37202150475476553,-0.6666666666666666,-2.0,1.6666666666666667,3.666666666666667,1.6465452046971292
(YPO4)0.9(Li3PO4)0.1,-6.333347081,189,test,298.0,4,1.0037168502623786,0.6451612903225806,0.048387096774193554,0.6451612903225806,0.0,0.0,0.0,0.0,0.048387096774193554,0.0,0.0,0.0,0.0,0.0,0.0,0.0,0.14516129032258066,0.0,0.0,0.0,0.0,0.0,0.0,0.0,0.0,0.0,0.0,0.0,0.0,0.0,0.0,0.0,0.0,0.0,0.0,0.0,0.0,0.0,0.0,0.0,0.0,0.0,0.0,0.0,0.0,0.0,0.16129032258064516,0.0,0.0,0.0,0.0,0.0,0.0,0.0,0.0,0.0,0.6451612903225806,0.0,2.7970967741935486,0.98,3.44,2.46,0.9202846458267318,28.55950435483871,6.941,88.90585,81.96485,25.572713325105504,0.8798387096774195,0.6,1.8,1.2000000000000002,0.4375941997591504,83.88709677419355,12.0,101.0,89.0,30.79594906262923,2.5967741935483875,2.0,5.0,3.0,1.0543256126067237,13.225806451612906,1.0,16.0,15.0,5.28057717653835,1.138167543870968,0.3112922,1.461112979,1.149820779,0.4520563224147047,0.28322580645161294,0.0,1.04,1.04,0.4059229793205587,-0.5376344086021506,-2.0,3.0,5.0,2.023477646896522
(Li2O)50(Al2O3)3(P2O5)47,-6.301029996,190,train,358.0,4,1.0015036618334079,0.5951417004048583,0.012145748987854251,0.5951417004048583,0.0,0.0,0.0,0.0,0.20242914979757085,0.0,0.0,0.0,0.0,0.0,0.0,0.0,0.0,0.0,0.0,0.0,0.0,0.0,0.0,0.0,0.0,0.0,0.0,0.012145748987854251,0.0,0.0,0.0,0.0,0.0,0.0,0.0,0.0,0.0,0.0,0.0,0.0,0.0,0.0,0.0,0.0,0.0,0.0,0.1902834008097166,0.0,0.0,0.0,0.0,0.0,0.0,0.0,0.0,0.0,0.5951417004048583,0.0,2.681943319838056,0.98,3.44,2.46,0.9941644859516157,17.148474614574898,6.941,30.973762,24.032762,7.70858450594406,0.8560728744939271,0.6,1.45,0.85,0.3409672517326047,80.63562753036436,12.0,101.0,89.0,34.88716377503515,2.2024291497975708,2.0,3.0,1.0,0.4018103894995791,12.736842105263158,1.0,16.0,15.0,5.932786394281398,1.1420048667327936,0.432835,1.461112979,1.0282779789999998,0.3899139665868755,0.2950404858299595,0.0,0.9,0.9,0.3741835895450043,-0.6342780026990553,-2.0,3.0,5.0,1.678857977867396
Li3.2PO3.1N0.7,-6.301029996,191,test,298.0,4,1.2069719571494013,0.4,0.0875,0.475,0.0,0.0,0.0,0.0,0.4,0.0,0.0,0.0,0.0,0.0,0.0,0.0,0.0,0.0,0.0,0.0,0.0,0.0,0.0,0.0,0.0,0.0,0.0,0.0,0.0,0.0,0.0,0.0,0.0,0.0,0.0,0.0,0.0,0.0,0.0,0.0,0.0,0.0,0.0,0.0,0.0,0.0,0.125,0.0,0.0,0.0,0.0,0.0,0.0,0.0,0.0875,0.0,0.3875,0.0,2.26475,0.98,3.44,2.46,1.1174703295837434,14.073474000000001,6.941,30.973762,24.032762,7.582152899591218,0.994375,0.6,1.45,0.85,0.3920294751354801,63.9375,12.0,101.0,89.0,42.543901957272325,2.125,2.0,3.0,1.0,0.33071891388307384,9.7875,1.0,16.0,15.0,7.184521121828511,0.9006021061124999,-0.07,1.461112979,1.531112979,0.4889493766618588,0.4536875,0.0,0.9,0.9,0.40384073574089824,-0.020833333333333287,-2.0,1.6666666666666667,3.666666666666667,1.593688724312248
Li3AlF6,-6.30102999566398,192,train,298.0,3,0.8979457248567798,0.6,0.1,0.6,0.0,0.0,0.0,0.0,0.3,0.0,0.0,0.0,0.0,0.0,0.0,0.0,0.0,0.0,0.0,0.0,0.0,0.0,0.0,0.0,0.0,0.0,0.0,0.1,0.0,0.0,0.0,0.0,0.0,0.0,0.0,0.0,0.0,0.0,0.0,0.0,0.0,0.0,0.0,0.0,0.0,0.0,0.0,0.0,0.0,0.0,0.0,0.0,0.0,0.0,0.0,0.0,0.0,0.6,2.843,0.98,3.98,3.0,1.4031824542802693,16.179495779999996,6.941,26.9815386,20.0405386,6.4839106731318665,0.86,0.5,1.45,0.95,0.4442971978304612,72.79999999999998,12.0,102.0,90.0,40.32071427938746,2.1,2.0,3.0,1.0,0.3,11.8,1.0,17.0,16.0,7.166589146867567,2.2694121603999995,0.432835,3.401189824,2.968354824,1.3870666324234668,0.46950000000000003,0.22,0.9,0.68,0.3117246381022841,5.551115123125783e-17,-1.0,3.0,4.0,1.3416407864998738
Li1.3Cr0.3Hf1.7(PO4)3,-6.279014256,193,train,298.0,5,1.049159726908797,0.6557377049180328,0.01639344262295082,0.6557377049180328,0.0,0.0,0.0,0.0,0.07103825136612023,0.0,0.0,0.0,0.0,0.0,0.0,0.0,0.0,0.0,0.0,0.09289617486338798,0.0,0.0,0.0,0.0,0.0,0.0,0.0,0.0,0.0,0.0,0.01639344262295082,0.0,0.0,0.0,0.0,0.0,0.0,0.0,0.0,0.0,0.0,0.0,0.0,0.0,0.0,0.0,0.1639344262295082,0.0,0.0,0.0,0.0,0.0,0.0,0.0,0.0,0.0,0.6557377049180328,0.0,2.8323497267759565,0.98,3.44,2.46,0.8911633264517194,33.4955855737705,6.941,178.49,171.549,47.01563150876034,0.8273224043715848,0.6,1.55,0.9500000000000001,0.3467128067613902,87.4153005464481,12.0,101.0,89.0,25.910357989406094,2.568306010928962,2.0,6.0,4.0,1.1802013694609619,13.491803278688526,1.0,16.0,15.0,4.987272163561146,1.1520297565573772,0.17807,1.461112979,1.283042979,0.4490901828925319,0.24846994535519126,0.0,0.94,0.94,0.35636577562472105,-0.5218579234972678,-2.0,4.5,6.5,2.166871661138105
Li2OHBr,-6.26760624,194,train,295.06,4,1.3321790402101223,0.4,0.2,0.4,0.0,0.0,0.0,0.0,0.4,0.0,0.0,0.0,0.0,0.0,0.0,0.0,0.0,0.0,0.0,0.0,0.0,0.0,0.0,0.0,0.0,0.0,0.0,0.0,0.0,0.0,0.0,0.0,0.0,0.0,0.0,0.0,0.0,0.0,0.0,0.0,0.0,0.0,0.0,0.0,0.0,0.0,0.0,0.2,0.0,0.0,0.0,0.0,0.0,0.2,0.0,0.0,0.2,0.0,2.112,0.98,3.44,2.46,1.0053138813325915,22.158668,1.00794,79.904,78.89605999999999,29.26762061983338,0.9799999999999999,0.25,1.45,1.2,0.4791659420284376,65.2,12.0,103.0,91.0,43.46676891603516,2.2,1.0,4.0,3.0,0.9797958971132712,7.200000000000001,1.0,17.0,16.0,7.6000000000000005,1.3629989818,0.61804922,3.3635883,2.74553908,1.0480960193287936,0.47400000000000003,0.0,0.9,0.9,0.4053442980973089,0.4,-2.0,2.0,4.0,1.3564659966250536
Li3.75Si0.75P0.25O4,-6.25635315,195,train,298.0,4,1.0331192203930142,0.45714285714285713,0.02857142857142857,0.45714285714285713,0.0,0.0,0.0,0.0,0.42857142857142855,0.0,0.0,0.0,0.0,0.0,0.0,0.0,0.0,0.0,0.0,0.0,0.0,0.0,0.0,0.0,0.0,0.0,0.0,0.0,0.0,0.0,0.0,0.0,0.0,0.0,0.0,0.0,0.08571428571428572,0.0,0.0,0.0,0.0,0.0,0.0,0.0,0.0,0.0,0.02857142857142857,0.0,0.0,0.0,0.0,0.0,0.0,0.0,0.0,0.0,0.45714285714285713,0.0,2.218,0.98,3.44,2.46,1.1611122746253757,13.581018914285714,6.941,30.973762,24.032762,6.94585645790994,1.0185714285714285,0.6,1.45,0.85,0.400550641400723,61.17142857142857,12.0,101.0,89.0,42.82288154332295,2.114285714285714,2.0,3.0,1.0,0.318157963590287,9.37142857142857,1.0,16.0,15.0,7.270628639693168,1.0732491118285712,0.61804922,1.461112979,0.843063759,0.41133566890592943,0.44771428571428573,0.0,0.9,0.9,0.424655058096977,-0.4380952380952381,-2.0,1.6666666666666667,3.666666666666667,1.46443862925908
Li5Nd3Sb2O12,-6.253253283,196,train,298.0,4,1.1570333357787375,0.5454545454545454,0.09090909090909091,0.5454545454545454,0.0,0.0,0.0,0.0,0.22727272727272727,0.0,0.0,0.0,0.0,0.13636363636363635,0.0,0.0,0.0,0.0,0.0,0.0,0.0,0.0,0.0,0.0,0.0,0.0,0.0,0.0,0.0,0.0,0.0,0.0,0.0,0.0,0.0,0.0,0.0,0.0,0.0,0.0,0.0,0.0,0.0,0.09090909090909091,0.0,0.0,0.0,0.0,0.0,0.0,0.0,0.0,0.0,0.0,0.0,0.0,0.5454545454545454,0.0,2.440909090909091,0.98,3.44,2.46,1.1288002846582863,41.0429,6.941,144.242,137.301,51.48763479635404,1.0409090909090908,0.6,1.85,1.25,0.49855162120713686,69.9090909090909,12.0,101.0,89.0,39.19636937142044,2.818181818181818,2.0,6.0,4.0,1.526623238522424,10.727272727272727,1.0,16.0,15.0,6.816969589206431,1.0459492785454545,0.0974933,1.461112979,1.363619679,0.5082292577007378,0.45406818181818176,0.0,1.2765,1.2765,0.5125800446461231,-0.303030303030303,-2.0,3.0,5.0,1.9486050200936698
LiHfTi(PO4)3,-6.249491605,197,train,296.0,5,1.0506652765928128,0.6666666666666666,0.05555555555555555,0.6666666666666666,0.0,0.0,0.0,0.0,0.05555555555555555,0.0,0.0,0.0,0.0,0.0,0.0,0.0,0.0,0.0,0.0,0.05555555555555555,0.0,0.0,0.0,0.0,0.05555555555555555,0.0,0.0,0.0,0.0,0.0,0.0,0.0,0.0,0.0,0.0,0.0,0.0,0.0,0.0,0.0,0.0,0.0,0.0,0.0,0.0,0.0,0.16666666666666666,0.0,0.0,0.0,0.0,0.0,0.0,0.0,0.0,0.0,0.6666666666666666,0.0,2.8705555555555553,0.98,3.44,2.46,0.8528349600806727,28.789560333333334,6.941,178.49,171.549,37.43802327125193,0.8111111111111111,0.6,1.55,0.9500000000000001,0.3285302098216116,88.61111111111111,12.0,101.0,89.0,24.292520314077677,2.5000000000000004,2.0,6.0,4.0,1.0137937550497034,13.666666666666668,1.0,16.0,15.0,4.818944098266987,1.1469359610000003,0.075545,1.461112979,1.385567979,0.4732612722769618,0.23620370370370372,0.0,0.9,0.9,0.3464964884807528,-0.5555555555555555,-2.0,4.0,6.0,2.1573875376608442
Li2CdCl4,-6.23657200643706,198,test,298.0,3,0.9556998911125343,0.5714285714285714,0.14285714285714285,0.5714285714285714,0.0,0.0,0.0,0.0,0.2857142857142857,0.0,0.0,0.0,0.0,0.0,0.0,0.0,0.0,0.0,0.0,0.0,0.0,0.0,0.0,0.0,0.0,0.0,0.0,0.0,0.0,0.0,0.0,0.14285714285714285,0.0,0.0,0.0,0.0,0.0,0.0,0.0,0.0,0.0,0.0,0.0,0.0,0.0,0.0,0.0,0.0,0.0,0.0,0.0,0.0,0.0,0.0,0.0,0.5714285714285714,0.0,0.0,2.3271428571428574,0.98,3.16,2.18,0.9863455535563631,38.30071428571429,6.941,112.411,105.47,32.7144260783015,1.2071428571428573,1.0,1.55,0.55,0.2411706145162019,70.71428571428572,12.0,99.0,87.0,38.01020271195724,3.0000000000000004,2.0,5.0,3.0,0.9258200997725515,11.714285714285715,1.0,17.0,16.0,6.983946606617324,2.1381427942857147,-0.72,3.61272528,4.33272528,1.7520568814314086,0.6042857142857143,0.33499999999999996,1.09,0.7550000000000001,0.31642454044514057,2.285714285714286,1.0,3.0,2.0,0.880630571852711
Li2CrZr(PO4)3,-6.228412519,199,train,298.0,5,1.1285962936622183,0.631578947368421,0.05263157894736842,0.631578947368421,0.0,0.0,0.0,0.0,0.10526315789473684,0.0,0.0,0.0,0.0,0.0,0.0,0.0,0.0,0.0,0.0,0.0,0.0,0.05263157894736842,0.0,0.0,0.0,0.0,0.0,0.0,0.0,0.0,0.05263157894736842,0.0,0.0,0.0,0.0,0.0,0.0,0.0,0.0,0.0,0.0,0.0,0.0,0.0,0.0,0.0,0.15789473684210525,0.0,0.0,0.0,0.0,0.0,0.0,0.0,0.0,0.0,0.631578947368421,0.0,2.7789473684210524,0.98,3.44,2.46,0.9207656695829555,23.264009789473683,6.941,91.224,84.283,18.902227767087346,0.8447368421052631,0.6,1.55,0.9500000000000001,0.3501483658627347,84.8421052631579,12.0,101.0,89.0,28.91414361227088,2.4210526315789473,2.0,5.0,3.0,0.815364914991035,13.105263157894736,1.0,16.0,15.0,5.32021702012937,1.1641315151578944,0.433289,1.461112979,1.0278239789999999,0.39405020328906665,0.2763157894736842,0.0,0.94,0.94,0.3769714567767389,-0.44736842105263164,-2.0,4.5,6.5,2.1858480439599344
Li13.6Si2.8S1.2O16,-6.22184875,200,train,298.0,4,1.0454757999040463,0.4761904761904763,0.03571428571428572,0.511904761904762,0.0,0.0,0.0,0.0,0.4047619047619048,0.0,0.0,0.0,0.0,0.0,0.0,0.0,0.0,0.0,0.0,0.0,0.0,0.0,0.0,0.0,0.0,0.0,0.0,0.0,0.0,0.0,0.0,0.0,0.0,0.0,0.0,0.0,0.08333333333333334,0.0,0.0,0.0,0.0,0.0,0.0,0.0,0.0,0.0,0.0,0.0,0.0,0.0,0.0,0.03571428571428572,0.0,0.0,0.0,0.0,0.4761904761904763,0.0,2.285238095238095,0.98,3.44,2.46,1.1575965209067534,13.913851190476189,6.941,32.065,25.124,7.088996167174367,0.9999999999999998,0.6,1.45,0.85,0.39873311279362694,63.392857142857146,12.0,101.0,89.0,42.601704039566656,2.119047619047619,2.0,3.0,1.0,0.3238445359222724,9.761904761904761,1.0,16.0,15.0,7.24506243625377,1.1359065997619047,0.61804922,2.07710426,1.45905504,0.44261348490066305,0.4260714285714285,0.0,0.9,0.9,0.4225039246285537,-0.45833333333333326,-2.0,2.5,4.5,1.5240303969388704
LiCaTiNbO6,-6.216929275,201,train,298.0,5,1.2275294114572126,0.6,0.1,0.6,0.0,0.0,0.0,0.0,0.1,0.1,0.0,0.0,0.0,0.0,0.0,0.0,0.0,0.0,0.0,0.0,0.0,0.0,0.0,0.0,0.1,0.0,0.1,0.0,0.0,0.0,0.0,0.0,0.0,0.0,0.0,0.0,0.0,0.0,0.0,0.0,0.0,0.0,0.0,0.0,0.0,0.0,0.0,0.0,0.0,0.0,0.0,0.0,0.0,0.0,0.0,0.0,0.6,0.0,2.576,0.98,3.44,2.46,1.0740502781527501,28.378877999999997,6.941,92.90638,85.96538,24.616145789858248,0.97,0.6,1.8,1.2000000000000002,0.464327470649756,73.79999999999998,12.0,101.0,89.0,35.42823732561359,2.6999999999999997,2.0,5.0,3.0,1.1,10.8,1.0,16.0,15.0,6.446704584514479,1.0402230093999998,0.024551,1.461112979,1.436561979,0.567309260648829,0.3711666666666667,0.0,1.14,1.14,0.46148555412565917,1.1102230246251565e-16,-2.0,5.0,7.0,2.6457513110645907
Li6La2SrNb2O12,-6.2069084,202,train,298.0,5,1.2510583317959272,0.5217391304347826,0.043478260869565216,0.5217391304347826,0.0,0.0,0.0,0.043478260869565216,0.2608695652173913,0.0,0.08695652173913043,0.0,0.0,0.0,0.0,0.0,0.0,0.0,0.0,0.0,0.0,0.0,0.0,0.0,0.0,0.0,0.08695652173913043,0.0,0.0,0.0,0.0,0.0,0.0,0.0,0.0,0.0,0.0,0.0,0.0,0.0,0.0,0.0,0.0,0.0,0.0,0.0,0.0,0.0,0.0,0.0,0.0,0.0,0.0,0.0,0.0,0.0,0.5217391304347826,0.0,2.3265217391304347,0.95,3.44,2.49,1.1742883458046527,34.12532608695652,6.941,138.90547,131.96447,41.75829921112008,1.0739130434782607,0.6,2.0,1.4,0.5200061799836344,63.95652173913043,12.0,101.0,89.0,40.22596853306879,2.7391304347826084,2.0,6.0,4.0,1.4208812729015818,9.391304347826088,1.0,16.0,15.0,6.982830685734352,1.0540705855652173,0.052066,1.461112979,1.409046979,0.4502815495871626,0.4653913043478261,0.0,1.32,1.32,0.49838083387762766,5.551115123125783e-17,-2.0,5.0,7.0,2.340568492816482
Li2MgCl4,-6.20481541031758,203,train,298.0,3,0.9556998911125343,0.5714285714285714,0.14285714285714285,0.5714285714285714,0.0,0.0,0.0,0.0,0.2857142857142857,0.0,0.0,0.0,0.0,0.0,0.0,0.0,0.0,0.0,0.0,0.0,0.14285714285714285,0.0,0.0,0.0,0.0,0.0,0.0,0.0,0.0,0.0,0.0,0.0,0.0,0.0,0.0,0.0,0.0,0.0,0.0,0.0,0.0,0.0,0.0,0.0,0.0,0.0,0.0,0.0,0.0,0.0,0.0,0.0,0.0,0.0,0.0,0.5714285714285714,0.0,0.0,2.2728571428571427,0.98,3.16,2.18,1.0294341619926701,25.714142857142853,6.941,35.453,28.512000000000004,12.456947704893404,1.2,1.0,1.5,0.5,0.23145502494313785,70.42857142857143,12.0,99.0,87.0,37.984422156070934,2.714285714285714,2.0,3.0,1.0,0.45175395145262565,10.285714285714286,1.0,17.0,16.0,7.759128922285868,2.180999937142857,-0.42,3.61272528,4.03272528,1.6839655744262665,0.5714285714285714,0.33499999999999996,0.9,0.5650000000000001,0.2732831379163152,2.2857142857142856,1.0,3.0,2.0,0.8806305718527109
(Li2O)50(Al2O3)2(P2O5)48,-6.199970641,204,train,368.0,4,0.9876524974827443,0.5967741935483871,0.008064516129032258,0.5967741935483871,0.0,0.0,0.0,0.0,0.20161290322580644,0.0,0.0,0.0,0.0,0.0,0.0,0.0,0.0,0.0,0.0,0.0,0.0,0.0,0.0,0.0,0.0,0.0,0.0,0.008064516129032258,0.0,0.0,0.0,0.0,0.0,0.0,0.0,0.0,0.0,0.0,0.0,0.0,0.0,0.0,0.0,0.0,0.0,0.0,0.1935483870967742,0.0,0.0,0.0,0.0,0.0,0.0,0.0,0.0,0.0,0.5967741935483871,0.0,2.687338709677419,0.98,3.44,2.46,0.9914677201575773,17.159938924193547,6.941,30.973762,24.032762,7.7180765894687,0.8540322580645161,0.6,1.45,0.85,0.33986458250792806,80.75806451612902,12.0,101.0,89.0,34.84559743740996,2.2016129032258065,2.0,3.0,1.0,0.4012046117365403,12.758064516129032,1.0,16.0,15.0,5.926119014707925,1.1445568111774194,0.432835,1.461112979,1.0282779789999998,0.3878484772436976,0.2933467741935484,0.0,0.9,0.9,0.37346606799173476,-0.6451612903225807,-2.0,3.0,5.0,1.6681401741616617
Li3AlS3,-6.199970641,205,train,381.0,3,1.0042424730540764,0.42857142857142855,0.14285714285714285,0.42857142857142855,0.0,0.0,0.0,0.0,0.42857142857142855,0.0,0.0,0.0,0.0,0.0,0.0,0.0,0.0,0.0,0.0,0.0,0.0,0.0,0.0,0.0,0.0,0.0,0.0,0.14285714285714285,0.0,0.0,0.0,0.0,0.0,0.0,0.0,0.0,0.0,0.0,0.0,0.0,0.0,0.0,0.0,0.0,0.0,0.0,0.0,0.0,0.0,0.0,0.0,0.42857142857142855,0.0,0.0,0.0,0.0,0.0,0.0,1.7557142857142858,0.98,2.58,1.6,0.7430411859928308,20.571362657142856,6.941,32.065,25.124,11.920940831886961,1.2285714285714284,1.0,1.45,0.44999999999999996,0.20849313599037747,56.857142857142854,12.0,94.0,82.0,39.11677963457104,2.571428571428571,2.0,3.0,1.0,0.4948716593053935,9.142857142857142,1.0,16.0,15.0,7.1199633110726355,1.2168993485714286,0.432835,2.07710426,1.64426926,0.7474221221838144,0.6835714285714285,0.47,0.9,0.43000000000000005,0.19908207721788457,1.9285714285714284,1.0,3.0,2.0,0.8206518066482897
Li0.96Ga0.96Si2.04O6,-6.199282922,206,train,533.0,4,1.0810473332515333,0.6024096385542169,0.0963855421686747,0.6024096385542169,0.0,0.0,0.0,0.0,0.0963855421686747,0.0,0.0,0.0,0.0,0.0,0.0,0.0,0.0,0.0,0.0,0.0,0.0,0.0,0.0,0.0,0.0,0.0,0.0,0.0,0.0,0.0,0.0,0.0,0.0,0.0963855421686747,0.0,0.0,0.20481927710843376,0.0,0.0,0.0,0.0,0.0,0.0,0.0,0.0,0.0,0.0,0.0,0.0,0.0,0.0,0.0,0.0,0.0,0.0,0.0,0.6024096385542169,0.0,2.7303614457831324,0.98,3.44,2.46,0.9063862388271674,22.77994578313253,6.941,69.723,62.782,16.432960483891293,0.8518072289156625,0.6,1.45,0.85,0.32352033726249974,87.21686746987952,12.0,101.0,89.0,25.77756949331018,2.397590361445783,2.0,4.0,2.0,0.6574825855249278,13.855421686746986,1.0,16.0,15.0,4.332929474873608,1.2533883574698794,0.30116615,1.461112979,1.159946829,0.3950840458036455,0.2706024096385542,0.0,0.9,0.9,0.34676247694333995,-0.8192771084337348,-2.0,3.0,5.0,1.6438610024877627
(AgI)0.5(LiPO3)0.5,-6.189767482,207,train,403.0,5,1.4750763110546947,0.42857142857142855,0.14285714285714285,0.5714285714285714,0.0,0.0,0.0,0.0,0.14285714285714285,0.0,0.0,0.0,0.0,0.0,0.0,0.0,0.0,0.0,0.0,0.0,0.0,0.0,0.0,0.0,0.0,0.0,0.0,0.0,0.0,0.0,0.0,0.0,0.0,0.0,0.0,0.0,0.0,0.0,0.14285714285714285,0.0,0.0,0.0,0.0,0.0,0.0,0.0,0.14285714285714285,0.0,0.0,0.0,0.0,0.0,0.14285714285714285,0.0,0.0,0.0,0.42857142857142855,0.0,2.5828571428571427,0.98,3.44,2.46,0.8750300286392508,45.812233142857146,6.941,126.90447,119.96347,46.01934679021276,1.0357142857142856,0.6,1.6,1.0,0.41292881236556095,81.85714285714286,12.0,101.0,89.0,30.220279716151683,2.9999999999999996,2.0,5.0,3.0,1.3093073414159542,13.142857142857142,1.0,17.0,16.0,5.276052946462682,1.4445024005714284,0.61804922,3.059046537,2.440997317,0.7365235560337998,0.4880952380952381,0.0,1.0866666666666667,1.0866666666666667,0.44722728550252744,0.09523809523809518,-2.0,3.0,5.0,1.9166296949998198
Li1.2Al1.1Ta0.9(PO4)3,-6.18708664335714,208,train,298.0,5,1.0693600959890248,0.6593406593406593,0.049450549450549455,0.6593406593406593,0.0,0.0,0.0,0.0,0.06593406593406594,0.0,0.0,0.0,0.0,0.0,0.0,0.0,0.0,0.0,0.0,0.0,0.0,0.0,0.0,0.049450549450549455,0.0,0.0,0.0,0.06043956043956045,0.0,0.0,0.0,0.0,0.0,0.0,0.0,0.0,0.0,0.0,0.0,0.0,0.0,0.0,0.0,0.0,0.0,0.0,0.16483516483516483,0.0,0.0,0.0,0.0,0.0,0.0,0.0,0.0,0.0,0.6593406593406593,0.0,2.8652197802197805,0.98,3.44,2.46,0.8454036723832423,26.690992882417582,6.941,180.94788,174.00688,35.788284853627566,0.8032967032967032,0.6,1.45,0.85,0.3065047727253484,89.62637362637362,12.0,101.0,89.0,23.626976736488256,2.4230769230769234,2.0,6.0,4.0,0.9151444878505688,14.12087912087912,1.0,16.0,15.0,4.242213720349848,1.1696117554395604,0.32885923,1.461112979,1.132253749,0.4163444437961978,0.23134615384615387,0.0,0.9,0.9,0.3324703175407493,-0.5494505494505494,-2.0,5.0,7.0,2.1539489397616722
LiAlTa(PO4)3,-6.18708664335714,209,train,298.0,5,1.0506652765928128,0.6666666666666666,0.05555555555555555,0.6666666666666666,0.0,0.0,0.0,0.0,0.05555555555555555,0.0,0.0,0.0,0.0,0.0,0.0,0.0,0.0,0.0,0.0,0.0,0.0,0.0,0.0,0.05555555555555555,0.0,0.0,0.0,0.05555555555555555,0.0,0.0,0.0,0.0,0.0,0.0,0.0,0.0,0.0,0.0,0.0,0.0,0.0,0.0,0.0,0.0,0.0,0.0,0.16666666666666666,0.0,0.0,0.0,0.0,0.0,0.0,0.0,0.0,0.0,0.6666666666666666,0.0,2.8855555555555554,0.98,3.44,2.46,0.827252629841844,27.765805811111115,6.941,180.94788,174.00688,37.70594418376797,0.7972222222222222,0.6,1.45,0.85,0.3025228284417476,90.33333333333334,12.0,101.0,89.0,22.457367016935297,2.444444444444445,2.0,6.0,4.0,0.9558139185602919,14.222222222222225,1.0,16.0,15.0,4.090036070956881,1.1751625848888891,0.32885923,1.461112979,1.132253749,0.41565481741642046,0.22472222222222224,0.0,0.9,0.9,0.32800098332433153,-0.5555555555555557,-2.0,5.0,7.0,2.182986967154278
Li1.2Al1.1Ta0.9(PO4)3,-6.187086643,210,train,303.0,5,1.0693600959890248,0.6593406593406593,0.049450549450549455,0.6593406593406593,0.0,0.0,0.0,0.0,0.06593406593406594,0.0,0.0,0.0,0.0,0.0,0.0,0.0,0.0,0.0,0.0,0.0,0.0,0.0,0.0,0.049450549450549455,0.0,0.0,0.0,0.06043956043956045,0.0,0.0,0.0,0.0,0.0,0.0,0.0,0.0,0.0,0.0,0.0,0.0,0.0,0.0,0.0,0.0,0.0,0.0,0.16483516483516483,0.0,0.0,0.0,0.0,0.0,0.0,0.0,0.0,0.0,0.6593406593406593,0.0,2.8652197802197805,0.98,3.44,2.46,0.8454036723832423,26.690992882417582,6.941,180.94788,174.00688,35.788284853627566,0.8032967032967032,0.6,1.45,0.85,0.3065047727253484,89.62637362637362,12.0,101.0,89.0,23.626976736488256,2.4230769230769234,2.0,6.0,4.0,0.9151444878505688,14.12087912087912,1.0,16.0,15.0,4.242213720349848,1.1696117554395604,0.32885923,1.461112979,1.132253749,0.4163444437961978,0.23134615384615387,0.0,0.9,0.9,0.3324703175407493,-0.5494505494505494,-2.0,5.0,7.0,2.1539489397616722
LiAlTa(PO4)3,-6.187086643,211,train,303.0,5,1.0506652765928128,0.6666666666666666,0.05555555555555555,0.6666666666666666,0.0,0.0,0.0,0.0,0.05555555555555555,0.0,0.0,0.0,0.0,0.0,0.0,0.0,0.0,0.0,0.0,0.0,0.0,0.0,0.0,0.05555555555555555,0.0,0.0,0.0,0.05555555555555555,0.0,0.0,0.0,0.0,0.0,0.0,0.0,0.0,0.0,0.0,0.0,0.0,0.0,0.0,0.0,0.0,0.0,0.0,0.16666666666666666,0.0,0.0,0.0,0.0,0.0,0.0,0.0,0.0,0.0,0.6666666666666666,0.0,2.8855555555555554,0.98,3.44,2.46,0.827252629841844,27.765805811111115,6.941,180.94788,174.00688,37.70594418376797,0.7972222222222222,0.6,1.45,0.85,0.3025228284417476,90.33333333333334,12.0,101.0,89.0,22.457367016935297,2.444444444444445,2.0,6.0,4.0,0.9558139185602919,14.222222222222225,1.0,16.0,15.0,4.090036070956881,1.1751625848888891,0.32885923,1.461112979,1.132253749,0.41565481741642046,0.22472222222222224,0.0,0.9,0.9,0.32800098332433153,-0.5555555555555557,-2.0,5.0,7.0,2.182986967154278
Li1.2Ga0.2Ti1.8(PO4)3,-6.180456064,212,test,523.0,5,1.0294638497997786,0.6593406593406593,0.01098901098901099,0.6593406593406593,0.0,0.0,0.0,0.0,0.06593406593406594,0.0,0.0,0.0,0.0,0.0,0.0,0.0,0.0,0.0,0.0,0.0,0.0,0.0,0.0,0.0,0.09890109890109891,0.0,0.0,0.0,0.0,0.0,0.0,0.0,0.0,0.01098901098901099,0.0,0.0,0.0,0.0,0.0,0.0,0.0,0.0,0.0,0.0,0.0,0.0,0.16483516483516483,0.0,0.0,0.0,0.0,0.0,0.0,0.0,0.0,0.0,0.6593406593406593,0.0,2.865934065934066,0.98,3.44,2.46,0.8445350863855305,21.61255417582418,6.941,69.723,62.782,11.959059514008144,0.8087912087912088,0.6,1.45,0.85,0.3147992039758257,88.15384615384616,12.0,101.0,89.0,25.076552279332372,2.3846153846153846,2.0,4.0,2.0,0.6756231274259076,13.626373626373626,1.0,16.0,15.0,4.868937992938978,1.1379701303296703,0.075545,1.461112979,1.385567979,0.48088290594336464,0.2425824175824176,0.0,0.9,0.9,0.35000970366247214,-0.5494505494505493,-2.0,4.0,6.0,2.1308671793894924
Li3Fe(MoO4)3,-6.180456064,213,train,573.0,4,1.0280940565630372,0.631578947368421,0.05263157894736842,0.631578947368421,0.0,0.0,0.0,0.0,0.15789473684210525,0.0,0.0,0.0,0.0,0.0,0.0,0.0,0.0,0.0,0.0,0.0,0.0,0.0,0.0,0.0,0.0,0.0,0.0,0.0,0.0,0.0,0.0,0.0,0.0,0.0,0.05263157894736842,0.0,0.0,0.0,0.0,0.0,0.0,0.0,0.0,0.0,0.0,0.15789473684210525,0.0,0.0,0.0,0.0,0.0,0.0,0.0,0.0,0.0,0.0,0.631578947368421,0.0,2.764736842105263,0.98,3.44,2.46,0.9458628387325991,29.288463157894736,6.941,95.94,88.999,30.478594268803256,0.9105263157894736,0.6,1.45,0.85,0.406713059128145,77.73684210526315,12.0,101.0,89.0,33.36850406763706,2.5789473684210527,2.0,5.0,3.0,1.138595139620207,11.631578947368421,1.0,16.0,15.0,5.966666408744585,1.1464449346315788,0.15323635,1.461112979,1.307876629,0.42860604252208967,0.30934210526315786,0.0,0.9,0.9,0.4065563356001484,-0.18421052631578938,-2.0,5.0,7.0,2.6318420921065786
LiHf2(PO4)3,-6.16430942850757,214,train,298.0,4,0.9736489231972634,0.6666666666666666,0.05555555555555555,0.6666666666666666,0.0,0.0,0.0,0.0,0.05555555555555555,0.0,0.0,0.0,0.0,0.0,0.0,0.0,0.0,0.0,0.0,0.1111111111111111,0.0,0.0,0.0,0.0,0.0,0.0,0.0,0.0,0.0,0.0,0.0,0.0,0.0,0.0,0.0,0.0,0.0,0.0,0.0,0.0,0.0,0.0,0.0,0.0,0.0,0.0,0.16666666666666666,0.0,0.0,0.0,0.0,0.0,0.0,0.0,0.0,0.0,0.6666666666666666,0.0,2.8572222222222226,0.98,3.44,2.46,0.8751178051208341,36.04639366666667,6.941,178.49,171.549,50.732010576227594,0.8194444444444444,0.6,1.55,0.9500000000000001,0.3448586219536964,88.55555555555557,12.0,101.0,89.0,24.379459072985153,2.611111111111111,2.0,6.0,4.0,1.2533904636309419,13.666666666666668,1.0,16.0,15.0,4.818944098266987,1.1526317943333335,0.17807,1.461112979,1.283042979,0.46078501053631926,0.23611111111111113,0.0,0.9,0.9,0.34633219263349024,-0.5555555555555556,-2.0,4.0,6.0,2.1573875376608442
(Li2O)50((SeO2)0.5(B2O3)0.5)50,-6.122628654,215,train,300.0,4,1.1709971261162124,0.5,0.07142857142857142,0.5714285714285714,0.0,0.0,0.0,0.0,0.2857142857142857,0.0,0.0,0.0,0.0,0.0,0.0,0.0,0.0,0.0,0.0,0.0,0.0,0.0,0.0,0.0,0.0,0.0,0.0,0.0,0.0,0.0,0.0,0.0,0.0,0.0,0.0,0.0,0.0,0.0,0.0,0.0,0.0,0.0,0.14285714285714285,0.0,0.0,0.0,0.0,0.0,0.0,0.0,0.07142857142857142,0.0,0.0,0.0,0.0,0.0,0.5,0.0,2.4735714285714283,0.98,3.44,2.46,1.0637776831573755,17.16727142857143,6.941,78.96,72.01899999999999,17.58042672220723,0.9178571428571427,0.6,1.45,0.85,0.3686883812231945,72.85714285714285,12.0,101.0,89.0,38.83087347322846,2.142857142857143,2.0,4.0,2.0,0.5150787536377127,11.285714285714285,1.0,16.0,15.0,6.583839212458806,1.0914313532142856,0.27972325,2.020604712,1.740881462,0.536797203501312,0.35857142857142854,0.0,0.9,0.9,0.39061960200351925,-0.10714285714285726,-2.0,3.0,5.0,2.0015937527431507
(Li2O)50(Al2O5)5(P2O5)45,-6.100179498,216,train,358.0,4,1.0152871339115241,0.6,0.02,0.6,0.0,0.0,0.0,0.0,0.2,0.0,0.0,0.0,0.0,0.0,0.0,0.0,0.0,0.0,0.0,0.0,0.0,0.0,0.0,0.0,0.0,0.0,0.0,0.02,0.0,0.0,0.0,0.0,0.0,0.0,0.0,0.0,0.0,0.0,0.0,0.0,0.0,0.0,0.0,0.0,0.0,0.0,0.18,0.0,0.0,0.0,0.0,0.0,0.0,0.0,0.0,0.0,0.6,0.0,2.6864000000000003,0.98,3.44,2.46,0.995306505554947,17.102747932,6.941,30.973762,24.032762,7.613630272925752,0.855,0.6,1.45,0.85,0.3416504061171302,80.8,12.0,101.0,89.0,34.73845131838782,2.2,2.0,3.0,1.0,0.39999999999999997,12.76,1.0,16.0,15.0,5.9044390080684215,1.1433239711999998,0.432835,1.461112979,1.0282779789999998,0.39268485977706663,0.29250000000000004,0.0,0.9,0.9,0.37417409049799266,-0.6399999999999999,-2.0,3.0,5.0,1.6942254867637896
LiV(PO4)F,-6.09151498112135,217,train,298.0,5,1.3862943611198906,0.5,0.125,0.625,0.0,0.0,0.0,0.0,0.125,0.0,0.0,0.0,0.0,0.0,0.0,0.0,0.0,0.0,0.0,0.0,0.0,0.0,0.0,0.0,0.0,0.0,0.0,0.0,0.125,0.0,0.0,0.0,0.0,0.0,0.0,0.0,0.0,0.0,0.0,0.0,0.0,0.0,0.0,0.0,0.0,0.0,0.125,0.0,0.0,0.0,0.0,0.0,0.0,0.0,0.0,0.0,0.5,0.125,2.8175,0.98,3.98,3.0,1.005096388412574,21.481533149999997,6.941,50.9415,44.000499999999995,12.726941057634503,0.8374999999999999,0.5,1.45,0.95,0.3542156828826189,82.75,12.0,102.0,90.0,30.796712486887298,2.375,2.0,4.0,2.0,0.6959705453537527,12.75,1.0,17.0,16.0,5.739120141624499,1.3922452587499998,0.527662,3.401189824,2.873527824,0.8528305130649447,0.30593750000000003,0.0,0.9,0.9,0.3564800518174194,-0.16666666666666663,-2.0,5.0,7.0,2.386303510546059
Li3.8Si0.8P0.2S4,-6.09097914578884,218,train,298.0,4,1.0250040993791305,0.45454545454545453,0.022727272727272728,0.45454545454545453,0.0,0.0,0.0,0.0,0.43181818181818177,0.0,0.0,0.0,0.0,0.0,0.0,0.0,0.0,0.0,0.0,0.0,0.0,0.0,0.0,0.0,0.0,0.0,0.0,0.0,0.0,0.0,0.0,0.0,0.0,0.0,0.0,0.0,0.09090909090909091,0.0,0.0,0.0,0.0,0.0,0.0,0.0,0.0,0.0,0.022727272727272728,0.0,0.0,0.0,0.0,0.45454545454545453,0.0,0.0,0.0,0.0,0.0,0.0,1.818409090909091,0.98,2.58,1.6,0.7555971244405382,20.829426409090914,6.941,32.065,25.124,12.157257104144868,1.203409090909091,1.0,1.45,0.44999999999999996,0.21674181521526922,57.68181818181819,12.0,94.0,82.0,39.90316274049233,2.568181818181818,2.0,3.0,1.0,0.4953294254023493,9.31818181818182,1.0,16.0,15.0,7.273153396607177,1.3543116956818182,0.61804922,2.07710426,1.45905504,0.6928598399104801,0.6638636363636364,0.47,0.9,0.43000000000000005,0.2070047859469889,1.6060606060606062,0.0,2.5,2.5,0.8697286447615858
Li0.68Ga0.68Si2.33O6,-6.086716098,219,train,549.0,4,1.0123814326188916,0.6191950464396285,0.07017543859649124,0.6191950464396285,0.0,0.0,0.0,0.0,0.07017543859649124,0.0,0.0,0.0,0.0,0.0,0.0,0.0,0.0,0.0,0.0,0.0,0.0,0.0,0.0,0.0,0.0,0.0,0.0,0.0,0.0,0.0,0.0,0.0,0.0,0.07017543859649124,0.0,0.0,0.24045407636738905,0.0,0.0,0.0,0.0,0.0,0.0,0.0,0.0,0.0,0.0,0.0,0.0,0.0,0.0,0.0,0.0,0.0,0.0,0.0,0.6191950464396285,0.0,2.782683178534572,0.98,3.44,2.46,0.8656317292873628,22.0399520123839,6.941,69.723,62.782,14.385274157706638,0.8289989680082559,0.6,1.45,0.85,0.3045664312448873,89.50361197110423,12.0,101.0,89.0,22.65654718620022,2.3808049535603715,2.0,4.0,2.0,0.613305322084553,14.25593395252838,1.0,16.0,15.0,3.7869648214771185,1.303336316615067,0.30116615,1.461112979,1.159946829,0.3473269414416541,0.24633642930856559,0.0,0.9,0.9,0.32681831475718737,-0.9576883384932922,-2.0,3.0,5.0,1.50378443203718
LiCa1.65Ti1.3Nb1.7O9,-6.067526235,220,train,488.0,5,1.19335214490369,0.6143344709897611,0.06825938566552901,0.6143344709897611,0.0,0.0,0.0,0.0,0.06825938566552901,0.11262798634812286,0.0,0.0,0.0,0.0,0.0,0.0,0.0,0.0,0.0,0.0,0.0,0.0,0.0,0.0,0.08873720136518772,0.0,0.11604095563139931,0.0,0.0,0.0,0.0,0.0,0.0,0.0,0.0,0.0,0.0,0.0,0.0,0.0,0.0,0.0,0.0,0.0,0.0,0.0,0.0,0.0,0.0,0.0,0.0,0.0,0.0,0.0,0.0,0.0,0.6143344709897611,0.0,2.6151535836177473,0.98,3.44,2.46,1.0566259619709562,29.845204505119455,6.941,92.90638,85.96538,25.60578243199361,0.9627986348122866,0.6,1.8,1.2000000000000002,0.4695851960830844,75.34470989761091,12.0,101.0,89.0,34.430034129692835,2.750853242320819,2.0,5.0,3.0,1.1340408987475492,11.0580204778157,1.0,16.0,15.0,6.311053646521593,1.0557252956313994,0.024551,1.461112979,1.436561979,0.5668062354294432,0.3605574516496018,0.0,1.14,1.14,0.4626553713323836,-1.6653345369377348e-16,-2.0,5.0,7.0,2.7012827189402167
Li3.09BO2.53N0.52,-6.06311007,221,train,298.0,4,1.1961887225993753,0.43277310924369755,0.07282913165266108,0.427170868347339,0.0,0.0,0.0,0.0,0.43277310924369755,0.0,0.0,0.0,0.0,0.0,0.0,0.0,0.0,0.0,0.0,0.0,0.0,0.0,0.0,0.0,0.0,0.0,0.0,0.0,0.0,0.0,0.0,0.0,0.0,0.0,0.0,0.0,0.0,0.0,0.0,0.0,0.0,0.0,0.14005602240896362,0.0,0.0,0.0,0.0,0.0,0.0,0.0,0.0,0.0,0.0,0.0,0.07282913165266108,0.0,0.3543417366946779,0.0,2.1501680672268906,0.98,3.44,2.46,1.1142108409470532,11.207374789915967,6.941,15.9994,9.058399999999999,4.075163120184903,1.0065126050420168,0.6,1.45,0.85,0.39542590658708304,60.3095238095238,12.0,101.0,89.0,42.47194815269588,2.0,2.0,2.0,0.0,0.0,9.015406162464986,1.0,16.0,15.0,7.065602015244926,0.8192872796456581,-0.07,1.461112979,1.531112979,0.5117260389530705,0.4676750700280112,0.0,0.9,0.9,0.40160330046841497,0.26563958916900093,-2.0,3.0,5.0,1.800661825509948
Li3.4Ge0.4V0.6O4,-6.051098239,222,train,303.0,4,1.0528742957319466,0.4761904761904763,0.04761904761904763,0.4761904761904763,0.0,0.0,0.0,0.0,0.4047619047619048,0.0,0.0,0.0,0.0,0.0,0.0,0.0,0.0,0.0,0.0,0.0,0.0,0.0,0.0,0.0,0.0,0.0,0.0,0.0,0.07142857142857144,0.0,0.0,0.0,0.0,0.0,0.0,0.0,0.0,0.0,0.0,0.0,0.04761904761904763,0.0,0.0,0.0,0.0,0.0,0.0,0.0,0.0,0.0,0.0,0.0,0.0,0.0,0.0,0.0,0.4761904761904763,0.0,2.2469047619047617,0.98,3.44,2.46,1.1650597534139369,17.525940476190474,6.941,72.64,65.699,16.45789786437849,1.0285714285714285,0.6,1.45,0.85,0.41117469018695707,60.80952380952381,12.0,101.0,89.0,41.98085623530603,2.238095238095238,2.0,4.0,2.0,0.6476890718445449,9.047619047619047,1.0,16.0,15.0,7.181167105542972,1.0423198844285713,0.527662,1.461112979,0.933450979,0.42074021209158224,0.4564880952380952,0.0,0.9,0.9,0.4369074420898718,-0.1587301587301588,-2.0,5.0,7.0,2.022673194836876
Li3PS4,-6.04914854111145,223,train,298.0,3,0.9743147528693494,0.5,0.125,0.5,0.0,0.0,0.0,0.0,0.375,0.0,0.0,0.0,0.0,0.0,0.0,0.0,0.0,0.0,0.0,0.0,0.0,0.0,0.0,0.0,0.0,0.0,0.0,0.0,0.0,0.0,0.0,0.0,0.0,0.0,0.0,0.0,0.0,0.0,0.0,0.0,0.0,0.0,0.0,0.0,0.0,0.0,0.125,0.0,0.0,0.0,0.0,0.5,0.0,0.0,0.0,0.0,0.0,0.0,1.93125,0.98,2.58,1.6,0.7470849600279743,22.50709525,6.941,32.065,25.124,12.062382552236848,1.16875,1.0,1.45,0.44999999999999996,0.21785531322416718,62.75,12.0,94.0,82.0,39.33112635051277,2.625,2.0,3.0,1.0,0.4841229182759271,10.25,1.0,16.0,15.0,7.171994143890526,1.36364672625,0.61804922,2.07710426,1.45905504,0.7145425944008401,0.64125,0.47,0.9,0.43000000000000005,0.20201717129986752,1.8333333333333335,1.0,2.5,1.5,0.6972166887783963
Li7La3Hf2O12,-6.01188716,224,train,300.0,4,1.17295457751597,0.5,0.08333333333333333,0.5,0.0,0.0,0.0,0.0,0.2916666666666667,0.0,0.125,0.0,0.0,0.0,0.0,0.0,0.0,0.0,0.0,0.08333333333333333,0.0,0.0,0.0,0.0,0.0,0.0,0.0,0.0,0.0,0.0,0.0,0.0,0.0,0.0,0.0,0.0,0.0,0.0,0.0,0.0,0.0,0.0,0.0,0.0,0.0,0.0,0.0,0.0,0.0,0.0,0.0,0.0,0.0,0.0,0.0,0.0,0.5,0.0,2.251666666666667,0.98,3.44,2.46,1.1912166982636796,42.261508750000004,6.941,178.49,171.549,58.50417294064404,1.0958333333333334,0.6,1.95,1.35,0.5175899009404603,62.291666666666664,12.0,101.0,89.0,40.08374480038289,2.8333333333333335,2.0,6.0,4.0,1.6244657241348273,9.0,1.0,16.0,15.0,7.053367989832942,0.9953532869999999,0.17807,1.461112979,1.283042979,0.47917562367690963,0.47983333333333333,0.0,1.172,1.172,0.48776665072097286,0.0,-2.0,4.0,6.0,2.179449471770337
Li7La3Hf2O12,-6.00656376950239,225,train,298.0,4,1.17295457751597,0.5,0.08333333333333333,0.5,0.0,0.0,0.0,0.0,0.2916666666666667,0.0,0.125,0.0,0.0,0.0,0.0,0.0,0.0,0.0,0.0,0.08333333333333333,0.0,0.0,0.0,0.0,0.0,0.0,0.0,0.0,0.0,0.0,0.0,0.0,0.0,0.0,0.0,0.0,0.0,0.0,0.0,0.0,0.0,0.0,0.0,0.0,0.0,0.0,0.0,0.0,0.0,0.0,0.0,0.0,0.0,0.0,0.0,0.0,0.5,0.0,2.251666666666667,0.98,3.44,2.46,1.1912166982636796,42.261508750000004,6.941,178.49,171.549,58.50417294064404,1.0958333333333334,0.6,1.95,1.35,0.5175899009404603,62.291666666666664,12.0,101.0,89.0,40.08374480038289,2.8333333333333335,2.0,6.0,4.0,1.6244657241348273,9.0,1.0,16.0,15.0,7.053367989832942,0.9953532869999999,0.17807,1.461112979,1.283042979,0.47917562367690963,0.47983333333333333,0.0,1.172,1.172,0.48776665072097286,0.0,-2.0,4.0,6.0,2.179449471770337
LiGe2(PO4)3,-6.0,226,train,294.23,4,0.9736489231972634,0.6666666666666666,0.05555555555555555,0.6666666666666666,0.0,0.0,0.0,0.0,0.05555555555555555,0.0,0.0,0.0,0.0,0.0,0.0,0.0,0.0,0.0,0.0,0.0,0.0,0.0,0.0,0.0,0.0,0.0,0.0,0.0,0.0,0.0,0.0,0.0,0.0,0.0,0.0,0.0,0.0,0.0,0.0,0.0,0.1111111111111111,0.0,0.0,0.0,0.0,0.0,0.16666666666666666,0.0,0.0,0.0,0.0,0.0,0.0,0.0,0.0,0.0,0.6666666666666666,0.0,2.9361111111111113,0.98,3.44,2.46,0.7549329542628928,24.285282555555558,6.941,72.64,65.699,18.15865114325042,0.7861111111111112,0.6,1.45,0.85,0.2812697181016607,92.33333333333334,12.0,101.0,89.0,20.426018266471374,2.3888888888888893,2.0,4.0,2.0,0.6781419786518724,14.777777777777779,1.0,16.0,15.0,3.408413700039549,1.2698102846666668,0.61804922,1.461112979,0.843063759,0.3062251706119201,0.22722222222222224,0.0,0.9,0.9,0.33115631682460706,-0.925925925925926,-2.0,1.6666666666666667,3.666666666666667,1.5418265404813813
Li1.5Mg2.5V0.5Mo2.5O12,-6.0,227,train,713.0,5,1.1201254250238588,0.631578947368421,0.02631578947368421,0.631578947368421,0.0,0.0,0.0,0.0,0.07894736842105263,0.0,0.0,0.0,0.0,0.0,0.0,0.0,0.0,0.0,0.0,0.0,0.13157894736842105,0.0,0.0,0.0,0.0,0.0,0.0,0.0,0.02631578947368421,0.0,0.0,0.0,0.0,0.0,0.0,0.0,0.0,0.0,0.0,0.0,0.0,0.0,0.0,0.0,0.0,0.13157894736842105,0.0,0.0,0.0,0.0,0.0,0.0,0.0,0.0,0.0,0.0,0.631578947368421,0.0,2.7494736842105265,0.98,3.44,2.46,0.9485167017601774,27.815134210526317,6.941,95.94,88.999,27.36655995111626,0.9171052631578948,0.6,1.5,0.9,0.41584984571696726,83.13157894736842,12.0,101.0,89.0,27.088714928070946,2.5789473684210527,2.0,5.0,3.0,1.0420520985907016,11.36842105263158,1.0,16.0,15.0,6.200259131391115,1.0285450304210528,-0.42,1.461112979,1.8811129789999999,0.6516022098844602,0.3066447368421053,0.0,0.9,0.9,0.4027031508884144,-0.13157894736842113,-2.0,5.0,7.0,2.6573735810063424
Li0.34Pr0.56TiO3,-6.0,228,train,298.0,4,1.0577365880153105,0.6122448979591837,0.06938775510204083,0.6122448979591837,0.0,0.0,0.0,0.0,0.06938775510204083,0.0,0.0,0.0,0.1142857142857143,0.0,0.0,0.0,0.0,0.0,0.0,0.0,0.0,0.0,0.0,0.0,0.20408163265306123,0.0,0.0,0.0,0.0,0.0,0.0,0.0,0.0,0.0,0.0,0.0,0.0,0.0,0.0,0.0,0.0,0.0,0.0,0.0,0.0,0.0,0.0,0.0,0.0,0.0,0.0,0.0,0.0,0.0,0.0,0.0,0.6122448979591837,0.0,2.617551020408163,0.98,3.44,2.46,1.0440590541829555,36.14967836734694,6.941,140.90765,133.96665,39.87489873798339,0.9651020408163266,0.6,1.85,1.25,0.4754122698483556,76.6204081632653,12.0,101.0,89.0,32.022804244321534,2.8653061224489798,2.0,6.0,4.0,1.3770051828646053,11.024489795918367,1.0,16.0,15.0,6.289561504855905,0.9653453158775509,0.075545,1.461112979,1.385567979,0.6357622130428006,0.3574013605442178,0.0,1.06,1.06,0.4526671574821853,0.004081632653061162,-2.0,4.0,6.0,2.610024566595891
LiSr2Ti2NbO9,-6.0,229,train,298.0,5,1.2048762065511598,0.6,0.06666666666666667,0.6,0.0,0.0,0.0,0.13333333333333333,0.06666666666666667,0.0,0.0,0.0,0.0,0.0,0.0,0.0,0.0,0.0,0.0,0.0,0.0,0.0,0.0,0.0,0.13333333333333333,0.0,0.06666666666666667,0.0,0.0,0.0,0.0,0.0,0.0,0.0,0.0,0.0,0.0,0.0,0.0,0.0,0.0,0.0,0.0,0.0,0.0,0.0,0.0,0.0,0.0,0.0,0.0,0.0,0.0,0.0,0.0,0.0,0.6,0.0,2.5680000000000005,0.95,3.44,2.49,1.0847930678244584,34.321065333333344,6.941,92.90638,85.96538,29.72271345028958,1.006666666666667,0.6,2.0,1.4,0.5268986830712544,73.73333333333333,12.0,101.0,89.0,35.46353369621001,2.8666666666666667,2.0,5.0,3.0,1.2578641509408806,10.800000000000002,1.0,16.0,15.0,6.43117407632541,0.9960463354000001,0.052066,1.461112979,1.409046979,0.6095075594509258,0.4042222222222223,0.0,1.32,1.32,0.5142592179143478,-1.1102230246251568e-16,-2.0,5.0,7.0,2.6076809620810595
LiSrTiNbO6,-6.0,230,train,298.0,5,1.2275294114572126,0.6,0.1,0.6,0.0,0.0,0.0,0.1,0.1,0.0,0.0,0.0,0.0,0.0,0.0,0.0,0.0,0.0,0.0,0.0,0.0,0.0,0.0,0.0,0.1,0.0,0.1,0.0,0.0,0.0,0.0,0.0,0.0,0.0,0.0,0.0,0.0,0.0,0.0,0.0,0.0,0.0,0.0,0.0,0.0,0.0,0.0,0.0,0.0,0.0,0.0,0.0,0.0,0.0,0.0,0.0,0.6,0.0,2.571,0.95,3.44,2.49,1.0814661344674645,33.133078,6.941,92.90638,85.96538,30.341659874376617,0.9899999999999999,0.6,2.0,1.4,0.5023942674832188,73.69999999999999,12.0,101.0,89.0,35.59227444263713,2.8,2.0,5.0,3.0,1.2489995996796797,10.799999999999999,1.0,16.0,15.0,6.446704584514479,1.0429745093999998,0.052066,1.461112979,1.409046979,0.5624221643218222,0.3891666666666667,0.0,1.32,1.32,0.4935209384278105,5.551115123125783e-17,-2.0,5.0,7.0,2.6457513110645907
LiBa2Ti2NbO9,-6.0,231,train,375.0,5,1.2048762065511598,0.6,0.06666666666666667,0.6,0.0,0.13333333333333333,0.0,0.0,0.06666666666666667,0.0,0.0,0.0,0.0,0.0,0.0,0.0,0.0,0.0,0.0,0.0,0.0,0.0,0.0,0.0,0.13333333333333333,0.0,0.06666666666666667,0.0,0.0,0.0,0.0,0.0,0.0,0.0,0.0,0.0,0.0,0.0,0.0,0.0,0.0,0.0,0.0,0.0,0.0,0.0,0.0,0.0,0.0,0.0,0.0,0.0,0.0,0.0,0.0,0.0,0.6,0.0,2.56,0.89,3.44,2.55,1.0968500353284398,40.94866533333333,6.941,137.327,130.386,43.30635940692342,1.0266666666666666,0.6,2.15,1.5499999999999998,0.5656461398750596,73.6,12.0,101.0,89.0,35.68529108750551,3.0,2.0,6.0,4.0,1.505545305418162,10.799999999999999,1.0,16.0,15.0,6.43117407632541,1.0083876687333333,0.075545,1.461112979,1.385567979,0.590922599309035,0.4268888888888889,0.0,1.49,1.49,0.5561630678359463,0.0,-2.0,5.0,7.0,2.6076809620810595
Li14ZnGe4O16,-6.0,232,train,298.0,4,1.0738223582057085,0.45714285714285713,0.02857142857142857,0.45714285714285713,0.0,0.0,0.0,0.0,0.4,0.0,0.0,0.0,0.0,0.0,0.0,0.0,0.0,0.0,0.0,0.0,0.0,0.0,0.0,0.0,0.0,0.0,0.0,0.0,0.0,0.02857142857142857,0.0,0.0,0.0,0.0,0.0,0.0,0.0,0.0,0.0,0.0,0.11428571428571428,0.0,0.0,0.0,0.0,0.0,0.0,0.0,0.0,0.0,0.0,0.0,0.0,0.0,0.0,0.0,0.45714285714285713,0.0,2.241428571428571,0.98,3.44,2.46,1.1442530760460363,20.260954285714284,6.941,72.64,65.699,21.238155570231115,1.0357142857142856,0.6,1.45,0.85,0.40436395002724046,62.74285714285714,12.0,101.0,89.0,41.90079634916116,2.2857142857142856,2.0,4.0,2.0,0.6998542122237652,9.657142857142857,1.0,16.0,15.0,7.119160693480085,1.0383200684571428,-0.62,1.461112979,2.081112979,0.4850322738089312,0.4731428571428572,0.0,0.9,0.9,0.4359146143689245,-0.3809523809523809,-2.0,2.0,4.0,1.4995086118784064
LiAlCl4,-6.0,233,test,298.0,3,0.8675632284814612,0.6666666666666666,0.16666666666666666,0.6666666666666666,0.0,0.0,0.0,0.0,0.16666666666666666,0.0,0.0,0.0,0.0,0.0,0.0,0.0,0.0,0.0,0.0,0.0,0.0,0.0,0.0,0.0,0.0,0.0,0.0,0.16666666666666666,0.0,0.0,0.0,0.0,0.0,0.0,0.0,0.0,0.0,0.0,0.0,0.0,0.0,0.0,0.0,0.0,0.0,0.0,0.0,0.0,0.0,0.0,0.0,0.0,0.0,0.0,0.0,0.6666666666666666,0.0,0.0,2.5383333333333336,0.98,3.16,2.18,0.8977827626374262,29.289089766666674,6.941,35.453,28.512000000000004,10.462130647117583,1.116666666666667,1.0,1.45,0.44999999999999996,0.17480147469502524,81.33333333333334,12.0,99.0,87.0,31.773503986113266,2.833333333333334,2.0,3.0,1.0,0.37267799624996495,13.666666666666666,1.0,17.0,16.0,5.849976258261416,2.5836308900000002,0.432835,3.61272528,3.17989028,1.4563410381271031,0.4858333333333334,0.33499999999999996,0.9,0.5650000000000001,0.22298013115273052,2.666666666666667,1.0,3.0,2.0,0.7453559924999299
Pr0.56Li0.34TiO3.01,-6.0,234,test,298.0,4,1.0565802564985154,0.6130346232179226,0.06924643584521385,0.6130346232179226,0.0,0.0,0.0,0.0,0.06924643584521385,0.0,0.0,0.0,0.11405295315682282,0.0,0.0,0.0,0.0,0.0,0.0,0.0,0.0,0.0,0.0,0.0,0.20366598778004072,0.0,0.0,0.0,0.0,0.0,0.0,0.0,0.0,0.0,0.0,0.0,0.0,0.0,0.0,0.0,0.0,0.0,0.0,0.0,0.0,0.0,0.0,0.0,0.0,0.0,0.0,0.0,0.0,0.0,0.0,0.0,0.6130346232179226,0.0,2.6192260692464355,0.98,3.44,2.46,1.043654188408358,36.10863910386965,6.941,140.90765,133.96665,39.84462966505212,0.9643584521384928,0.6,1.85,1.25,0.47521304668555797,76.67006109979633,12.0,101.0,89.0,32.00905389668412,2.8635437881873727,2.0,6.0,4.0,1.3761552701320916,11.034623217922606,1.0,16.0,15.0,6.287156177558244,0.9663550259857432,0.075545,1.461112979,1.385567979,0.635507630771344,0.356673455532926,0.0,1.06,1.06,0.45249293128380363,0.0,-2.0,4.0,6.0,2.6089303002588937
Li3.8Ge0.8P0.2O4,-5.987162775,235,test,303.0,4,1.0250040993791305,0.45454545454545453,0.022727272727272728,0.45454545454545453,0.0,0.0,0.0,0.0,0.43181818181818177,0.0,0.0,0.0,0.0,0.0,0.0,0.0,0.0,0.0,0.0,0.0,0.0,0.0,0.0,0.0,0.0,0.0,0.0,0.0,0.0,0.0,0.0,0.0,0.0,0.0,0.0,0.0,0.0,0.0,0.0,0.0,0.09090909090909091,0.0,0.0,0.0,0.0,0.0,0.022727272727272728,0.0,0.0,0.0,0.0,0.0,0.0,0.0,0.0,0.0,0.45454545454545453,0.0,2.2193181818181817,0.98,3.44,2.46,1.1595422249696659,17.577290045454543,6.941,72.64,65.699,18.15736199525934,1.0352272727272724,0.6,1.45,0.85,0.40572319626005005,60.77272727272727,12.0,101.0,89.0,42.792768949673786,2.2045454545454546,2.0,4.0,2.0,0.5869623440974981,9.318181818181818,1.0,16.0,15.0,7.273153396607176,1.0600570345909088,0.61804922,1.461112979,0.843063759,0.40301150633771854,0.47113636363636363,0.0,0.9,0.9,0.43425597765860563,-0.3787878787878788,-2.0,1.6666666666666667,3.666666666666667,1.4866254055473198
Li4.8Si0.2Al0.8S4,-5.971412549,236,train,298.0,4,0.9993077502757272,0.489795918367347,0.020408163265306124,0.4081632653061225,0.0,0.0,0.0,0.0,0.489795918367347,0.0,0.0,0.0,0.0,0.0,0.0,0.0,0.0,0.0,0.0,0.0,0.0,0.0,0.0,0.0,0.0,0.0,0.0,0.0816326530612245,0.0,0.0,0.0,0.0,0.0,0.0,0.0,0.0,0.020408163265306124,0.0,0.0,0.0,0.0,0.0,0.0,0.0,0.0,0.0,0.0,0.0,0.0,0.0,0.0,0.4081632653061225,0.0,0.0,0.0,0.0,0.0,0.0,1.7032653061224488,0.98,2.58,1.6,0.7559488908193654,19.26317662040816,6.941,32.065,25.124,12.153713091152234,1.2428571428571429,1.0,1.45,0.44999999999999996,0.2133312074724011,52.51020408163265,12.0,94.0,82.0,39.870260232142435,2.5102040816326525,2.0,3.0,1.0,0.499895865874118,8.36734693877551,1.0,16.0,15.0,7.2638154856965995,1.2142066889795917,0.432835,2.07710426,1.64426926,0.7269510819283344,0.6987755102040816,0.47,0.9,0.43000000000000005,0.20434197679841154,1.7551020408163263,0.0,3.0,3.0,0.8337427843189998
LiAlSi2O6,-5.966576245,237,test,401.0,4,1.0888999753452238,0.6,0.1,0.6,0.0,0.0,0.0,0.0,0.1,0.0,0.0,0.0,0.0,0.0,0.0,0.0,0.0,0.0,0.0,0.0,0.0,0.0,0.0,0.0,0.0,0.0,0.0,0.1,0.0,0.0,0.0,0.0,0.0,0.0,0.0,0.0,0.2,0.0,0.0,0.0,0.0,0.0,0.0,0.0,0.0,0.0,0.0,0.0,0.0,0.0,0.0,0.0,0.0,0.0,0.0,0.0,0.6,0.0,2.703,0.98,3.44,2.46,0.9333814868530445,18.608993859999998,6.941,28.0855,21.1445,6.532302841021021,0.8500000000000001,0.6,1.45,0.85,0.31937438845342625,86.8,12.0,101.0,89.0,26.187019685332658,2.3,2.0,3.0,1.0,0.45825756949558405,13.8,1.0,16.0,15.0,4.4,1.2596604654,0.432835,1.461112979,1.0282779789999998,0.37047694856891783,0.26550000000000007,0.0,0.9,0.9,0.33821923363404394,-0.7999999999999999,-2.0,3.0,5.0,1.661324772583615
Li3OBr,-5.95860731484177,238,train,298.0,3,0.9502705392332347,0.6,0.2,0.4,0.0,0.0,0.0,0.0,0.6,0.0,0.0,0.0,0.0,0.0,0.0,0.0,0.0,0.0,0.0,0.0,0.0,0.0,0.0,0.0,0.0,0.0,0.0,0.0,0.0,0.0,0.0,0.0,0.0,0.0,0.0,0.0,0.0,0.0,0.0,0.0,0.0,0.0,0.0,0.0,0.0,0.0,0.0,0.0,0.0,0.0,0.0,0.0,0.0,0.2,0.0,0.0,0.2,0.0,1.8679999999999999,0.98,3.44,2.46,1.0981147481024012,23.345280000000002,6.941,79.904,72.963,28.496146995578194,1.2200000000000002,0.6,1.45,0.85,0.33105890714493696,47.0,12.0,101.0,89.0,42.87656702675717,2.4,2.0,4.0,2.0,0.8,7.2,1.0,17.0,16.0,7.6000000000000005,1.3357697877999999,0.61804922,3.3635883,2.74553908,1.0651879903876764,0.654,0.0,0.9,0.9,0.35108973211986705,0.6,-2.0,2.0,4.0,1.3564659966250538
Li3.2Ge0.2P0.8O4,-5.943095149,239,test,303.0,4,1.0350051771580668,0.4878048780487804,0.024390243902439022,0.4878048780487804,0.0,0.0,0.0,0.0,0.39024390243902435,0.0,0.0,0.0,0.0,0.0,0.0,0.0,0.0,0.0,0.0,0.0,0.0,0.0,0.0,0.0,0.0,0.0,0.0,0.0,0.0,0.0,0.0,0.0,0.0,0.0,0.0,0.0,0.0,0.0,0.0,0.0,0.024390243902439022,0.0,0.0,0.0,0.0,0.0,0.09756097560975609,0.0,0.0,0.0,0.0,0.0,0.0,0.0,0.0,0.0,0.4878048780487804,0.0,2.3231707317073176,0.98,3.44,2.46,1.1474349740317191,15.306806048780487,6.941,72.64,65.699,11.474563879183826,0.9865853658536585,0.6,1.45,0.85,0.3980170958216865,64.78048780487805,12.0,101.0,89.0,42.40427509230065,2.1463414634146343,2.0,4.0,2.0,0.4167806705032942,10.0,1.0,16.0,15.0,7.211102550927978,1.0568331695853659,0.61804922,1.461112979,0.843063759,0.4062085752677558,0.4236585365853659,0.0,0.9,0.9,0.4249519691514128,-0.40650406504065045,-2.0,1.6666666666666667,3.666666666666667,1.567820359023239
Li2(OH)Br,-5.92081875395237,240,train,298.0,4,1.3321790402101223,0.4,0.2,0.4,0.0,0.0,0.0,0.0,0.4,0.0,0.0,0.0,0.0,0.0,0.0,0.0,0.0,0.0,0.0,0.0,0.0,0.0,0.0,0.0,0.0,0.0,0.0,0.0,0.0,0.0,0.0,0.0,0.0,0.0,0.0,0.0,0.0,0.0,0.0,0.0,0.0,0.0,0.0,0.0,0.0,0.0,0.0,0.2,0.0,0.0,0.0,0.0,0.0,0.2,0.0,0.0,0.2,0.0,2.112,0.98,3.44,2.46,1.0053138813325915,22.158668,1.00794,79.904,78.89605999999999,29.26762061983338,0.9799999999999999,0.25,1.45,1.2,0.4791659420284376,65.2,12.0,103.0,91.0,43.46676891603516,2.2,1.0,4.0,3.0,0.9797958971132712,7.200000000000001,1.0,17.0,16.0,7.6000000000000005,1.3629989818,0.61804922,3.3635883,2.74553908,1.0480960193287936,0.47400000000000003,0.0,0.9,0.9,0.4053442980973089,0.4,-2.0,2.0,4.0,1.3564659966250536
(LiCl)0.5(P2O5)0.5,-5.910094889,241,train,422.87,4,1.1490596969706202,0.5555555555555556,0.1111111111111111,0.6666666666666667,0.0,0.0,0.0,0.0,0.1111111111111111,0.0,0.0,0.0,0.0,0.0,0.0,0.0,0.0,0.0,0.0,0.0,0.0,0.0,0.0,0.0,0.0,0.0,0.0,0.0,0.0,0.0,0.0,0.0,0.0,0.0,0.0,0.0,0.0,0.0,0.0,0.0,0.0,0.0,0.0,0.0,0.0,0.0,0.2222222222222222,0.0,0.0,0.0,0.0,0.0,0.0,0.0,0.0,0.1111111111111111,0.5555555555555556,0.0,2.857777777777778,0.98,3.44,2.46,0.8302714118190211,20.48205822222222,6.941,35.453,28.512000000000004,8.994517932229483,0.8277777777777777,0.6,1.45,0.85,0.2858817851170802,88.44444444444444,12.0,101.0,89.0,27.382521234097535,2.3333333333333335,2.0,3.0,1.0,0.4714045207910317,14.222222222222221,1.0,17.0,16.0,4.708804466759354,1.4477286238888887,0.61804922,3.61272528,2.9946760599999998,0.8406089911837065,0.2594444444444445,0.0,0.9,0.9,0.31996913431389007,-0.2962962962962964,-2.0,3.0,5.0,1.9654072831735703
Li5La3Ta2O12,-5.882728704,242,train,288.0,4,1.1570333357787375,0.5454545454545454,0.09090909090909091,0.5454545454545454,0.0,0.0,0.0,0.0,0.22727272727272727,0.0,0.13636363636363635,0.0,0.0,0.0,0.0,0.0,0.0,0.0,0.0,0.0,0.0,0.0,0.0,0.09090909090909091,0.0,0.0,0.0,0.0,0.0,0.0,0.0,0.0,0.0,0.0,0.0,0.0,0.0,0.0,0.0,0.0,0.0,0.0,0.0,0.0,0.0,0.0,0.0,0.0,0.0,0.0,0.0,0.0,0.0,0.0,0.0,0.0,0.5454545454545454,0.0,2.3854545454545453,0.98,3.44,2.46,1.1628051008141211,45.695907727272726,6.941,180.94788,174.00688,60.58148709257196,1.0545454545454545,0.6,1.95,1.35,0.5213420380720866,67.04545454545455,12.0,101.0,89.0,38.679895262534785,2.9090909090909087,2.0,6.0,4.0,1.6762808104168887,9.818181818181818,1.0,16.0,15.0,6.853243184708997,1.0433617685454544,0.32885923,1.461112979,1.132253749,0.4635693907499046,0.43890909090909086,0.0,1.172,1.172,0.4897794410001774,1.1102230246251565e-16,-2.0,5.0,7.0,2.4308621740219887
Li6(La2Ca)(NbO6)2,-5.87614835903291,243,train,298.0,5,1.2510583317959272,0.5217391304347826,0.043478260869565216,0.5217391304347826,0.0,0.0,0.0,0.0,0.2608695652173913,0.043478260869565216,0.08695652173913043,0.0,0.0,0.0,0.0,0.0,0.0,0.0,0.0,0.0,0.0,0.0,0.0,0.0,0.0,0.0,0.08695652173913043,0.0,0.0,0.0,0.0,0.0,0.0,0.0,0.0,0.0,0.0,0.0,0.0,0.0,0.0,0.0,0.0,0.0,0.0,0.0,0.0,0.0,0.0,0.0,0.0,0.0,0.0,0.0,0.0,0.0,0.5217391304347826,0.0,2.328695652173913,0.98,3.44,2.46,1.1717816399484278,32.05828260869565,6.941,138.90547,131.96447,40.206997296995375,1.0652173913043477,0.6,1.95,1.35,0.5059289309535514,64.0,12.0,101.0,89.0,40.17353660655558,2.6956521739130435,2.0,6.0,4.0,1.365245084183268,9.391304347826086,1.0,16.0,15.0,6.982830685734351,1.0528742812173912,0.024551,1.461112979,1.436561979,0.45297059943572593,0.45756521739130435,0.0,1.172,1.172,0.48616295586946495,0.0,-2.0,5.0,7.0,2.3405684928164816
Li0.9Zr1.9Nb0.1(PO4)3,-5.869666232,244,train,298.0,5,0.9848478595619923,0.670391061452514,0.005586592178770951,0.670391061452514,0.0,0.0,0.0,0.0,0.05027932960893855,0.0,0.0,0.0,0.0,0.0,0.0,0.0,0.0,0.0,0.0,0.0,0.0,0.10614525139664804,0.0,0.0,0.0,0.0,0.005586592178770951,0.0,0.0,0.0,0.0,0.0,0.0,0.0,0.0,0.0,0.0,0.0,0.0,0.0,0.0,0.0,0.0,0.0,0.0,0.0,0.1675977653631285,0.0,0.0,0.0,0.0,0.0,0.0,0.0,0.0,0.0,0.670391061452514,0.0,2.872569832402234,0.98,3.44,2.46,0.8576993322632217,26.468001340782116,6.941,92.90638,85.96538,23.78667883774133,0.8153631284916198,0.6,1.55,0.9500000000000001,0.34145802556316857,88.89385474860333,12.0,101.0,89.0,23.913833125407805,2.502793296089385,2.0,5.0,3.0,0.9593660713979159,13.743016759776534,1.0,16.0,15.0,4.727300226923746,1.1868389483798882,0.433289,1.461112979,1.0278239789999999,0.39982133525839325,0.2332960893854748,0.0,0.9,0.9,0.3453389178719907,-0.5586592178770949,-2.0,5.0,7.0,2.1733112130448555
Li4SiO4,-5.869666232,245,train,449.36,3,0.9649629230074277,0.4444444444444444,0.1111111111111111,0.4444444444444444,0.0,0.0,0.0,0.0,0.4444444444444444,0.0,0.0,0.0,0.0,0.0,0.0,0.0,0.0,0.0,0.0,0.0,0.0,0.0,0.0,0.0,0.0,0.0,0.0,0.0,0.0,0.0,0.0,0.0,0.0,0.0,0.0,0.0,0.1111111111111111,0.0,0.0,0.0,0.0,0.0,0.0,0.0,0.0,0.0,0.0,0.0,0.0,0.0,0.0,0.0,0.0,0.0,0.0,0.0,0.4444444444444444,0.0,2.1755555555555555,0.98,3.44,2.46,1.163740245082506,13.316344444444443,6.941,28.0855,21.1445,6.745394901727171,1.0333333333333332,0.6,1.45,0.85,0.4013864859597432,59.666666666666664,12.0,101.0,89.0,42.90040144852312,2.111111111111111,2.0,3.0,1.0,0.3142696805273545,9.11111111111111,1.0,16.0,15.0,7.279261935181866,1.0784633417777776,0.61804922,1.461112979,0.843063759,0.412359696614209,0.45999999999999996,0.0,0.9,0.9,0.425205832509386,-0.4444444444444444,-2.0,1.0,3.0,1.4229164972072998
LiFeSb(PO4)3,-5.863279433,246,test,303.0,5,1.0506652765928128,0.6666666666666666,0.05555555555555555,0.6666666666666666,0.0,0.0,0.0,0.0,0.05555555555555555,0.0,0.0,0.0,0.0,0.0,0.0,0.0,0.0,0.0,0.0,0.0,0.0,0.0,0.0,0.0,0.0,0.0,0.0,0.0,0.0,0.0,0.0,0.0,0.0,0.0,0.05555555555555555,0.0,0.0,0.0,0.0,0.0,0.0,0.0,0.0,0.05555555555555555,0.0,0.0,0.16666666666666666,0.0,0.0,0.0,0.0,0.0,0.0,0.0,0.0,0.0,0.6666666666666666,0.0,2.9283333333333332,0.98,3.44,2.46,0.7656097787602595,26.08111588888889,6.941,121.76,114.819,25.493122819306244,0.8055555555555557,0.6,1.45,0.85,0.31661792997277793,91.27777777777779,12.0,101.0,89.0,21.540157730660386,2.4444444444444446,2.0,5.0,3.0,0.8314794192830981,14.500000000000002,1.0,16.0,15.0,3.7453675090407055,1.1995483243333336,0.15323635,1.461112979,1.307876629,0.4008680390348089,0.23513888888888893,0.0,0.9,0.9,0.34463595146648573,-0.7685185185185186,-2.0,2.5,4.5,1.7595759948793999
Li1.05Al0.05Ti1.95(PO4),-5.853871964,247,train,298.0,5,1.247300938672423,0.4968944099378882,0.006211180124223603,0.4968944099378882,0.0,0.0,0.0,0.0,0.13043478260869568,0.0,0.0,0.0,0.0,0.0,0.0,0.0,0.0,0.0,0.0,0.0,0.0,0.0,0.0,0.0,0.2422360248447205,0.0,0.0,0.006211180124223603,0.0,0.0,0.0,0.0,0.0,0.0,0.0,0.0,0.0,0.0,0.0,0.0,0.0,0.0,0.0,0.0,0.0,0.0,0.12422360248447205,0.0,0.0,0.0,0.0,0.0,0.0,0.0,0.0,0.0,0.4968944099378882,0.0,2.4922360248447206,0.98,3.44,2.46,0.9901790886107857,24.465731544099377,6.941,47.867,40.925999999999995,14.616062774731573,0.9583850931677018,0.6,1.45,0.85,0.3785898986113884,75.78260869565217,12.0,101.0,89.0,31.947102173657097,2.6149068322981366,2.0,4.0,2.0,0.8492752613732776,10.993788819875776,1.0,16.0,15.0,6.272781480985767,0.9203685971428571,0.075545,1.461112979,1.385567979,0.5790792742241695,0.3962111801242236,0.0,0.9,0.9,0.40592982100992503,0.33126293995859224,-2.0,4.0,6.0,2.5069941898737316
(Li2O)50(Al2O3)4(P2O5)46,-5.850780887,248,train,370.0,4,1.0139884516892637,0.5934959349593496,0.016260162601626018,0.5934959349593496,0.0,0.0,0.0,0.0,0.2032520325203252,0.0,0.0,0.0,0.0,0.0,0.0,0.0,0.0,0.0,0.0,0.0,0.0,0.0,0.0,0.0,0.0,0.0,0.0,0.016260162601626018,0.0,0.0,0.0,0.0,0.0,0.0,0.0,0.0,0.0,0.0,0.0,0.0,0.0,0.0,0.0,0.0,0.0,0.0,0.18699186991869918,0.0,0.0,0.0,0.0,0.0,0.0,0.0,0.0,0.0,0.5934959349593496,0.0,2.6765040650406506,0.98,3.44,2.46,0.9968462331699416,17.13691709918699,6.941,30.973762,24.032762,7.698986125286882,0.858130081300813,0.6,1.45,0.85,0.34206296570916517,80.51219512195122,12.0,101.0,89.0,34.92858355043869,2.203252032520325,2.0,3.0,1.0,0.40241849335819774,12.715447154471544,1.0,16.0,15.0,5.939423646730163,1.1394321747723577,0.432835,1.461112979,1.0282779789999998,0.39196841444000724,0.2967479674796748,0.0,0.9,0.9,0.3748978092412886,-0.6233062330623307,-2.0,3.0,5.0,1.6895231387830356
Li3Fe2P3O12,-5.847711656,249,train,373.0,4,1.1058898790247633,0.6,0.1,0.6,0.0,0.0,0.0,0.0,0.15,0.0,0.0,0.0,0.0,0.0,0.0,0.0,0.0,0.0,0.0,0.0,0.0,0.0,0.0,0.0,0.0,0.0,0.0,0.0,0.0,0.0,0.0,0.0,0.0,0.0,0.1,0.0,0.0,0.0,0.0,0.0,0.0,0.0,0.0,0.0,0.0,0.0,0.15,0.0,0.0,0.0,0.0,0.0,0.0,0.0,0.0,0.0,0.6,0.0,2.7225,0.98,3.44,2.46,0.9415512466137995,20.8713543,6.941,55.845,48.903999999999996,13.452663840844613,0.8675,0.6,1.45,0.85,0.35329697139941635,82.0,12.0,101.0,89.0,31.70646621747684,2.3499999999999996,2.0,4.0,2.0,0.653834841531101,12.799999999999999,1.0,16.0,15.0,5.482700064749119,1.0966901719,0.15323635,1.461112979,1.307876629,0.47057516659623405,0.30275,0.0,0.9,0.9,0.384568670720848,-0.5499999999999999,-2.0,2.5,4.5,1.8136059844041834
Li6CoCl8,-5.821821295,250,train,298.0,3,0.8823109245150756,0.5333333333333333,0.06666666666666667,0.5333333333333333,0.0,0.0,0.0,0.0,0.4,0.0,0.0,0.0,0.0,0.0,0.0,0.0,0.0,0.0,0.0,0.0,0.0,0.0,0.0,0.0,0.0,0.0,0.0,0.0,0.0,0.0,0.0,0.0,0.0,0.0,0.0,0.06666666666666667,0.0,0.0,0.0,0.0,0.0,0.0,0.0,0.0,0.0,0.0,0.0,0.0,0.0,0.0,0.0,0.0,0.0,0.0,0.0,0.5333333333333333,0.0,0.0,2.2026666666666666,0.98,3.16,2.18,1.0458009158322419,25.613546333333336,6.941,58.933195,51.992194999999995,16.282304698374908,1.2033333333333331,1.0,1.45,0.44999999999999996,0.2186829262247563,61.86666666666666,12.0,99.0,87.0,41.597863192984114,2.666666666666667,2.0,4.0,2.0,0.5962847939999439,10.066666666666666,1.0,17.0,16.0,7.6547733836839065,2.2181568686666666,0.61804922,3.61272528,2.9946760599999998,1.490893792716582,0.5898888888888889,0.33499999999999996,0.9,0.5650000000000001,0.27429942187235135,2.166666666666667,1.0,3.0,2.0,0.960324019392529
Li6FeCl8,-5.809668302,251,train,363.63,3,0.8823109245150756,0.5333333333333333,0.06666666666666667,0.5333333333333333,0.0,0.0,0.0,0.0,0.4,0.0,0.0,0.0,0.0,0.0,0.0,0.0,0.0,0.0,0.0,0.0,0.0,0.0,0.0,0.0,0.0,0.0,0.0,0.0,0.0,0.0,0.0,0.0,0.0,0.0,0.06666666666666667,0.0,0.0,0.0,0.0,0.0,0.0,0.0,0.0,0.0,0.0,0.0,0.0,0.0,0.0,0.0,0.0,0.0,0.0,0.0,0.0,0.5333333333333333,0.0,0.0,2.199333333333333,0.98,3.16,2.18,1.0469031579961072,25.407666666666668,6.941,55.845,48.903999999999996,15.87410407200636,1.2066666666666666,1.0,1.45,0.44999999999999996,0.22125902367034783,61.66666666666666,12.0,99.0,87.0,41.5943372214162,2.666666666666667,2.0,4.0,2.0,0.5962847939999439,10.0,1.0,17.0,16.0,7.6681158050723255,2.1842222606666666,0.15323635,3.61272528,3.45948893,1.5311707664213146,0.5955,0.33499999999999996,0.9,0.5650000000000001,0.2787175990137688,2.166666666666667,1.0,3.0,2.0,0.960324019392529
LiGaSiO4,-5.801342913,252,train,837.29,4,1.15374194270109,0.5714285714285714,0.14285714285714285,0.5714285714285714,0.0,0.0,0.0,0.0,0.14285714285714285,0.0,0.0,0.0,0.0,0.0,0.0,0.0,0.0,0.0,0.0,0.0,0.0,0.0,0.0,0.0,0.0,0.0,0.0,0.0,0.0,0.0,0.0,0.0,0.0,0.14285714285714285,0.0,0.0,0.14285714285714285,0.0,0.0,0.0,0.0,0.0,0.0,0.0,0.0,0.0,0.0,0.0,0.0,0.0,0.0,0.0,0.0,0.0,0.0,0.0,0.5714285714285714,0.0,2.6357142857142852,0.98,3.44,2.46,0.9674688203592645,24.10672857142857,6.941,69.723,62.782,19.472516107046456,0.8928571428571428,0.6,1.45,0.85,0.3509462427582356,83.14285714285714,12.0,101.0,89.0,30.106613281226206,2.4285714285714284,2.0,4.0,2.0,0.7284313590846836,13.142857142857142,1.0,16.0,15.0,5.082984821330627,1.1647412237142856,0.30116615,1.461112979,1.159946829,0.4545806541503192,0.3142857142857143,0.0,0.9,0.9,0.3756463816964469,-0.5714285714285714,-2.0,3.0,5.0,1.8405855323893037
Li7BiO6,-5.8000008748032,253,train,298.0,3,0.8982053397041498,0.5,0.07142857142857142,0.42857142857142855,0.0,0.0,0.0,0.0,0.5,0.0,0.0,0.0,0.0,0.0,0.0,0.0,0.0,0.0,0.0,0.0,0.0,0.0,0.0,0.0,0.0,0.0,0.0,0.0,0.0,0.0,0.0,0.0,0.0,0.0,0.0,0.0,0.0,0.0,0.0,0.0,0.0,0.07142857142857142,0.0,0.0,0.0,0.0,0.0,0.0,0.0,0.0,0.0,0.0,0.0,0.0,0.0,0.0,0.42857142857142855,0.0,2.1085714285714285,0.98,3.44,2.46,1.1820010704784683,25.25455714285714,6.941,208.9804,202.0394,51.14184585373053,1.0964285714285715,0.6,1.6,1.0,0.43155213462333747,55.5,12.0,101.0,89.0,43.63771304731723,2.2857142857142856,2.0,6.0,4.0,1.0301575072754257,8.428571428571429,1.0,16.0,15.0,7.432691165330608,1.0025274674285714,0.61804922,1.461112979,0.843063759,0.405338355626461,0.5239285714285714,0.0,1.035,1.035,0.45498892675469343,-0.1428571428571428,-2.0,3.0,5.0,1.684260874650228
Li6CaLa2Nb2O12,-5.795880017,254,test,295.0,5,1.2510583317959272,0.5217391304347826,0.043478260869565216,0.5217391304347826,0.0,0.0,0.0,0.0,0.2608695652173913,0.043478260869565216,0.08695652173913043,0.0,0.0,0.0,0.0,0.0,0.0,0.0,0.0,0.0,0.0,0.0,0.0,0.0,0.0,0.0,0.08695652173913043,0.0,0.0,0.0,0.0,0.0,0.0,0.0,0.0,0.0,0.0,0.0,0.0,0.0,0.0,0.0,0.0,0.0,0.0,0.0,0.0,0.0,0.0,0.0,0.0,0.0,0.0,0.0,0.0,0.0,0.5217391304347826,0.0,2.328695652173913,0.98,3.44,2.46,1.1717816399484278,32.05828260869565,6.941,138.90547,131.96447,40.206997296995375,1.0652173913043477,0.6,1.95,1.35,0.5059289309535514,64.0,12.0,101.0,89.0,40.17353660655558,2.6956521739130435,2.0,6.0,4.0,1.365245084183268,9.391304347826086,1.0,16.0,15.0,6.982830685734351,1.0528742812173912,0.024551,1.461112979,1.436561979,0.45297059943572593,0.45756521739130435,0.0,1.172,1.172,0.48616295586946495,0.0,-2.0,5.0,7.0,2.3405684928164816
Li4Al0.33Si0.17Ge0.17P0.33O4,-5.792359875,255,train,298.0,6,1.1132054406119944,0.4444444444444445,0.018888888888888893,0.4444444444444445,0.0,0.0,0.0,0.0,0.4444444444444445,0.0,0.0,0.0,0.0,0.0,0.0,0.0,0.0,0.0,0.0,0.0,0.0,0.0,0.0,0.0,0.0,0.0,0.0,0.036666666666666674,0.0,0.0,0.0,0.0,0.0,0.0,0.0,0.0,0.018888888888888893,0.0,0.0,0.0,0.018888888888888893,0.0,0.0,0.0,0.0,0.0,0.036666666666666674,0.0,0.0,0.0,0.0,0.0,0.0,0.0,0.0,0.0,0.4444444444444445,0.0,2.177633333333334,0.98,3.44,2.46,1.1659922140963608,14.223353799777783,6.941,72.64,65.699,10.45543743909828,1.0380000000000003,0.6,1.45,0.85,0.4041388650231777,59.64777777777778,12.0,101.0,89.0,42.91082931894356,2.1300000000000003,2.0,4.0,2.0,0.3884298878533652,9.111111111111114,1.0,16.0,15.0,7.284297334288393,1.0168487733455558,0.432835,1.461112979,1.0282779789999998,0.4208232501702526,0.4696611111111112,0.0,0.9,0.9,0.4288631245499728,-0.2607407407407408,-2.0,3.0,5.0,1.6107400168619515
Li3VO4,-5.777283529,256,train,298.0,3,0.9743147528693494,0.5,0.125,0.5,0.0,0.0,0.0,0.0,0.375,0.0,0.0,0.0,0.0,0.0,0.0,0.0,0.0,0.0,0.0,0.0,0.0,0.0,0.0,0.0,0.0,0.0,0.0,0.0,0.125,0.0,0.0,0.0,0.0,0.0,0.0,0.0,0.0,0.0,0.0,0.0,0.0,0.0,0.0,0.0,0.0,0.0,0.0,0.0,0.0,0.0,0.0,0.0,0.0,0.0,0.0,0.0,0.5,0.0,2.29125,0.98,3.44,2.46,1.1658627438510933,16.9702625,6.941,50.9415,44.000499999999995,13.507283184169339,1.0125,0.6,1.45,0.85,0.41363480269435743,61.75,12.0,101.0,89.0,41.30299625935145,2.25,2.0,4.0,2.0,0.6614378277661477,9.0,1.0,16.0,15.0,7.106335201775948,1.0282826969999999,0.527662,1.461112979,0.933450979,0.43371416441074595,0.4346875,0.0,0.9,0.9,0.4363027144010796,0.0,-2.0,5.0,7.0,2.345207879911715
Li6NiCl8,-5.777283529,257,train,476.19,3,0.8823109245150755,0.5333333333333333,0.06666666666666667,0.5333333333333333,0.0,0.0,0.0,0.0,0.4,0.0,0.0,0.0,0.0,0.0,0.0,0.0,0.0,0.0,0.0,0.0,0.0,0.0,0.0,0.0,0.0,0.0,0.0,0.0,0.0,0.0,0.0,0.0,0.0,0.0,0.0,0.0,0.0,0.06666666666666667,0.0,0.0,0.0,0.0,0.0,0.0,0.0,0.0,0.0,0.0,0.0,0.0,0.0,0.0,0.0,0.0,0.0,0.5333333333333333,0.0,0.0,2.2046666666666668,0.98,3.16,2.18,1.0452104519611776,25.59756,6.941,58.6934,51.752399999999994,16.249667878156774,1.2033333333333334,1.0,1.45,0.44999999999999996,0.2186829262247563,62.06666666666666,12.0,99.0,87.0,41.614847777632875,2.666666666666667,2.0,4.0,2.0,0.5962847939999439,10.133333333333333,1.0,17.0,16.0,7.649546101276569,2.251150584,0.61804922,3.61272528,2.9946760599999998,1.4612783988730917,0.588,0.33499999999999996,0.9,0.5650000000000001,0.2731592941856455,2.1333333333333333,1.0,3.0,2.0,0.9568466729604883
Li0.06La0.66Ti0.93Al0.06O3,-5.774690718,258,train,300.0,5,0.9941684509918023,0.6369426751592356,0.012738853503184712,0.6369426751592356,0.0,0.0,0.0,0.0,0.012738853503184712,0.0,0.14012738853503184,0.0,0.0,0.0,0.0,0.0,0.0,0.0,0.0,0.0,0.0,0.0,0.0,0.0,0.19745222929936307,0.0,0.0,0.012738853503184712,0.0,0.0,0.0,0.0,0.0,0.0,0.0,0.0,0.0,0.0,0.0,0.0,0.0,0.0,0.0,0.0,0.0,0.0,0.0,0.0,0.0,0.0,0.0,0.0,0.0,0.0,0.0,0.0,0.6369426751592356,0.0,2.6822929936305733,0.98,3.44,2.46,1.0127762641810334,39.538741510828025,6.941,138.90547,131.96447,42.02086505662968,0.9662420382165604,0.6,1.95,1.35,0.512058931238206,80.19745222929937,12.0,101.0,89.0,28.55443778251891,2.968152866242038,2.0,6.0,4.0,1.45164252309185,11.579617834394904,1.0,16.0,15.0,5.962865327279688,1.0370762913375795,0.075545,1.461112979,1.385567979,0.5798187133524836,0.3524564755838641,0.0,1.172,1.172,0.4770670972386292,-0.0127388535031846,-2.0,4.0,6.0,2.6637152856274464
(Li2O)50(Al2O3)3(P2O5)47,-5.749579998,259,train,378.0,4,1.0015036618334079,0.5951417004048583,0.012145748987854251,0.5951417004048583,0.0,0.0,0.0,0.0,0.20242914979757085,0.0,0.0,0.0,0.0,0.0,0.0,0.0,0.0,0.0,0.0,0.0,0.0,0.0,0.0,0.0,0.0,0.0,0.0,0.012145748987854251,0.0,0.0,0.0,0.0,0.0,0.0,0.0,0.0,0.0,0.0,0.0,0.0,0.0,0.0,0.0,0.0,0.0,0.0,0.1902834008097166,0.0,0.0,0.0,0.0,0.0,0.0,0.0,0.0,0.0,0.5951417004048583,0.0,2.681943319838056,0.98,3.44,2.46,0.9941644859516157,17.148474614574898,6.941,30.973762,24.032762,7.70858450594406,0.8560728744939271,0.6,1.45,0.85,0.3409672517326047,80.63562753036436,12.0,101.0,89.0,34.88716377503515,2.2024291497975708,2.0,3.0,1.0,0.4018103894995791,12.736842105263158,1.0,16.0,15.0,5.932786394281398,1.1420048667327936,0.432835,1.461112979,1.0282779789999998,0.3899139665868755,0.2950404858299595,0.0,0.9,0.9,0.3741835895450043,-0.6342780026990553,-2.0,3.0,5.0,1.678857977867396
Li3.8Ge0.8P0.2S4,-5.74957999769111,260,test,298.0,4,1.0250040993791305,0.45454545454545453,0.022727272727272728,0.45454545454545453,0.0,0.0,0.0,0.0,0.43181818181818177,0.0,0.0,0.0,0.0,0.0,0.0,0.0,0.0,0.0,0.0,0.0,0.0,0.0,0.0,0.0,0.0,0.0,0.0,0.0,0.0,0.0,0.0,0.0,0.0,0.0,0.0,0.0,0.0,0.0,0.0,0.0,0.09090909090909091,0.0,0.0,0.0,0.0,0.0,0.022727272727272728,0.0,0.0,0.0,0.0,0.45454545454545453,0.0,0.0,0.0,0.0,0.0,0.0,1.8284090909090907,0.98,2.58,1.6,0.7573366706060312,24.8798355,6.941,72.64,65.699,19.251939414181575,1.2170454545454543,1.0,1.45,0.44999999999999996,0.2145140337161115,57.59090909090909,12.0,94.0,82.0,39.84191384928131,2.6590909090909087,2.0,4.0,2.0,0.637580006322979,9.318181818181818,1.0,16.0,15.0,7.273153396607177,1.3400530714090908,0.61804922,2.07710426,1.45905504,0.6936020191400111,0.6847727272727273,0.47,0.9,0.43000000000000005,0.20504421514709764,1.6666666666666665,0.6666666666666666,2.5,1.8333333333333335,0.7736180249224086
Li3.09BO2.53N0.52,-5.732828272,261,train,312.0,4,1.1961887225993753,0.43277310924369755,0.07282913165266108,0.427170868347339,0.0,0.0,0.0,0.0,0.43277310924369755,0.0,0.0,0.0,0.0,0.0,0.0,0.0,0.0,0.0,0.0,0.0,0.0,0.0,0.0,0.0,0.0,0.0,0.0,0.0,0.0,0.0,0.0,0.0,0.0,0.0,0.0,0.0,0.0,0.0,0.0,0.0,0.0,0.0,0.14005602240896362,0.0,0.0,0.0,0.0,0.0,0.0,0.0,0.0,0.0,0.0,0.0,0.07282913165266108,0.0,0.3543417366946779,0.0,2.1501680672268906,0.98,3.44,2.46,1.1142108409470532,11.207374789915967,6.941,15.9994,9.058399999999999,4.075163120184903,1.0065126050420168,0.6,1.45,0.85,0.39542590658708304,60.3095238095238,12.0,101.0,89.0,42.47194815269588,2.0,2.0,2.0,0.0,0.0,9.015406162464986,1.0,16.0,15.0,7.065602015244926,0.8192872796456581,-0.07,1.461112979,1.531112979,0.5117260389530705,0.4676750700280112,0.0,0.9,0.9,0.40160330046841497,0.26563958916900093,-2.0,3.0,5.0,1.800661825509948
(Li2S)0.3((Ga2S3)0.1(GeS2)0.9)0.7,-5.7242281,262,test,298.0,4,1.10033735923254,0.5636942675159237,0.0445859872611465,0.5636942675159237,0.0,0.0,0.0,0.0,0.1910828025477707,0.0,0.0,0.0,0.0,0.0,0.0,0.0,0.0,0.0,0.0,0.0,0.0,0.0,0.0,0.0,0.0,0.0,0.0,0.0,0.0,0.0,0.0,0.0,0.0,0.0445859872611465,0.0,0.0,0.0,0.0,0.0,0.0,0.20063694267515925,0.0,0.0,0.0,0.0,0.0,0.0,0.0,0.0,0.0,0.0,0.5636942675159237,0.0,0.0,0.0,0.0,0.0,0.0,2.1255732484076435,0.98,2.58,1.6,0.611792674426398,37.084098726114654,6.941,72.64,65.699,22.11258229712082,1.1495222929936308,1.0,1.45,0.44999999999999996,0.1813557255356199,75.74522292993632,12.0,94.0,82.0,31.29221316187362,3.0541401273885356,2.0,4.0,2.0,0.6583119162603922,12.598726114649683,1.0,16.0,15.0,5.712161428577917,1.5496985584044587,0.30116615,2.07710426,1.77593811,0.6421186429419585,0.6252866242038218,0.47,0.9,0.43000000000000005,0.18172583994548114,1.867834394904459,0.6666666666666666,3.0,2.3333333333333335,0.8460570356700543
Nd0.25Li0.25TaO3,-5.718966633,263,train,298.0,4,0.9257019111219666,0.6666666666666666,0.05555555555555555,0.6666666666666666,0.0,0.0,0.0,0.0,0.05555555555555555,0.0,0.0,0.0,0.0,0.05555555555555555,0.0,0.0,0.0,0.0,0.0,0.0,0.0,0.0,0.0,0.2222222222222222,0.0,0.0,0.0,0.0,0.0,0.0,0.0,0.0,0.0,0.0,0.0,0.0,0.0,0.0,0.0,0.0,0.0,0.0,0.0,0.0,0.0,0.0,0.0,0.0,0.0,0.0,0.0,0.0,0.0,0.0,0.0,0.0,0.6666666666666666,0.0,2.7444444444444445,0.98,3.44,2.46,0.991285485407835,59.275962222222226,6.941,180.94788,174.00688,71.3554203355101,0.9055555555555556,0.6,1.85,1.25,0.4406084457532967,81.22222222222223,12.0,101.0,89.0,29.36845540438765,3.111111111111111,2.0,6.0,4.0,1.7916128329552334,12.0,1.0,16.0,15.0,5.725188012439223,1.0869075104444446,0.0974933,1.461112979,1.363619679,0.5363287834201871,0.3031388888888889,0.0,1.2765,1.2765,0.43937929089276856,0.0,-2.0,5.0,7.0,2.96273147243853
Li4B7O12Cl,-5.69897000433602,264,train,298.0,4,1.1369943184594973,0.5,0.041666666666666664,0.5416666666666666,0.0,0.0,0.0,0.0,0.16666666666666666,0.0,0.0,0.0,0.0,0.0,0.0,0.0,0.0,0.0,0.0,0.0,0.0,0.0,0.0,0.0,0.0,0.0,0.0,0.0,0.0,0.0,0.0,0.0,0.0,0.0,0.0,0.0,0.0,0.0,0.0,0.0,0.0,0.0,0.2916666666666667,0.0,0.0,0.0,0.0,0.0,0.0,0.0,0.0,0.0,0.0,0.0,0.0,0.041666666666666664,0.5,0.0,2.6100000000000003,0.98,3.44,2.46,0.94585058721414,13.786950000000001,6.941,35.453,28.512000000000004,5.6921693911460505,0.83125,0.6,1.45,0.85,0.3030444480600164,81.70833333333334,12.0,101.0,89.0,31.840068004882706,2.041666666666667,2.0,3.0,1.0,0.19982631347136331,12.666666666666668,1.0,17.0,16.0,5.390320542932076,1.06568086075,0.27972325,3.61272528,3.33300203,0.749706495343062,0.2835416666666667,0.0,0.9,0.9,0.32910383102787216,0.16666666666666674,-2.0,3.0,5.0,2.266911751455907
Li2SiS3,-5.698970004,265,test,298.0,3,1.0114042647073516,0.5,0.16666666666666666,0.5,0.0,0.0,0.0,0.0,0.3333333333333333,0.0,0.0,0.0,0.0,0.0,0.0,0.0,0.0,0.0,0.0,0.0,0.0,0.0,0.0,0.0,0.0,0.0,0.0,0.0,0.0,0.0,0.0,0.0,0.0,0.0,0.0,0.0,0.16666666666666666,0.0,0.0,0.0,0.0,0.0,0.0,0.0,0.0,0.0,0.0,0.0,0.0,0.0,0.0,0.5,0.0,0.0,0.0,0.0,0.0,0.0,1.9333333333333336,0.98,2.58,1.6,0.7156970184527964,23.027083333333334,6.941,32.065,25.124,11.46126480955406,1.1666666666666667,1.0,1.45,0.44999999999999996,0.20344259359556172,65.16666666666669,12.0,94.0,82.0,37.72893083857827,2.666666666666667,2.0,3.0,1.0,0.4714045207910317,10.66666666666667,1.0,16.0,15.0,6.871842709362768,1.476155416666667,0.61804922,2.07710426,1.45905504,0.6536584862732803,0.625,0.47,0.9,0.43000000000000005,0.19602295783912663,1.5833333333333335,0.0,2.5,2.5,0.9753916592266355
Li0.5La0.5TiO3,-5.684029655,266,train,283.0,4,1.0888999753452238,0.6,0.1,0.6,0.0,0.0,0.0,0.0,0.1,0.0,0.1,0.0,0.0,0.0,0.0,0.0,0.0,0.0,0.0,0.0,0.0,0.0,0.0,0.0,0.2,0.0,0.0,0.0,0.0,0.0,0.0,0.0,0.0,0.0,0.0,0.0,0.0,0.0,0.0,0.0,0.0,0.0,0.0,0.0,0.0,0.0,0.0,0.0,0.0,0.0,0.0,0.0,0.0,0.0,0.0,0.0,0.6,0.0,2.58,0.98,3.44,2.46,1.0654201049351377,33.757687000000004,6.941,138.90547,131.96447,37.50396904486405,0.98,0.6,1.95,1.35,0.48795491595023405,75.3,12.0,101.0,89.0,33.0758219852508,2.8,2.0,6.0,4.0,1.3266499161421599,10.8,1.0,16.0,15.0,6.4156059729381765,1.0093363294,0.075545,1.461112979,1.385567979,0.5766944826746587,0.37753333333333333,0.0,1.172,1.172,0.4699938344749263,1.1102230246251565e-16,-2.0,4.0,6.0,2.569046515733026
Li6La2Ca(Nb)2O12,-5.675717545,267,train,298.0,5,1.2510583317959272,0.5217391304347826,0.043478260869565216,0.5217391304347826,0.0,0.0,0.0,0.0,0.2608695652173913,0.043478260869565216,0.08695652173913043,0.0,0.0,0.0,0.0,0.0,0.0,0.0,0.0,0.0,0.0,0.0,0.0,0.0,0.0,0.0,0.08695652173913043,0.0,0.0,0.0,0.0,0.0,0.0,0.0,0.0,0.0,0.0,0.0,0.0,0.0,0.0,0.0,0.0,0.0,0.0,0.0,0.0,0.0,0.0,0.0,0.0,0.0,0.0,0.0,0.0,0.0,0.5217391304347826,0.0,2.328695652173913,0.98,3.44,2.46,1.1717816399484278,32.05828260869565,6.941,138.90547,131.96447,40.206997296995375,1.0652173913043477,0.6,1.95,1.35,0.5059289309535514,64.0,12.0,101.0,89.0,40.17353660655558,2.6956521739130435,2.0,6.0,4.0,1.365245084183268,9.391304347826086,1.0,16.0,15.0,6.982830685734351,1.0528742812173912,0.024551,1.461112979,1.436561979,0.45297059943572593,0.45756521739130435,0.0,1.172,1.172,0.48616295586946495,0.0,-2.0,5.0,7.0,2.3405684928164816
Li6CaLa2Ta2O12,-5.65757731917779,268,train,298.0,5,1.2510583317959272,0.5217391304347826,0.043478260869565216,0.5217391304347826,0.0,0.0,0.0,0.0,0.2608695652173913,0.043478260869565216,0.08695652173913043,0.0,0.0,0.0,0.0,0.0,0.0,0.0,0.0,0.0,0.0,0.0,0.0,0.08695652173913043,0.0,0.0,0.0,0.0,0.0,0.0,0.0,0.0,0.0,0.0,0.0,0.0,0.0,0.0,0.0,0.0,0.0,0.0,0.0,0.0,0.0,0.0,0.0,0.0,0.0,0.0,0.0,0.0,0.0,0.0,0.0,0.0,0.5217391304347826,0.0,2.3200000000000003,0.98,3.44,2.46,1.177513961885286,39.71406521739131,6.941,180.94788,174.00688,56.2467583100893,1.0652173913043477,0.6,1.95,1.35,0.5059289309535514,63.91304347826086,12.0,101.0,89.0,40.198326856246,2.7826086956521743,2.0,6.0,4.0,1.53102755318774,9.391304347826086,1.0,16.0,15.0,6.982830685734351,1.0016962142608694,0.024551,1.461112979,1.436561979,0.4965378271320821,0.45756521739130435,0.0,1.172,1.172,0.48616295586946495,5.551115123125783e-17,-2.0,5.0,7.0,2.3405684928164816
Li6FeCl8,-5.657577319,269,train,373.0,3,0.8823109245150756,0.5333333333333333,0.06666666666666667,0.5333333333333333,0.0,0.0,0.0,0.0,0.4,0.0,0.0,0.0,0.0,0.0,0.0,0.0,0.0,0.0,0.0,0.0,0.0,0.0,0.0,0.0,0.0,0.0,0.0,0.0,0.0,0.0,0.0,0.0,0.0,0.0,0.06666666666666667,0.0,0.0,0.0,0.0,0.0,0.0,0.0,0.0,0.0,0.0,0.0,0.0,0.0,0.0,0.0,0.0,0.0,0.0,0.0,0.0,0.5333333333333333,0.0,0.0,2.199333333333333,0.98,3.16,2.18,1.0469031579961072,25.407666666666668,6.941,55.845,48.903999999999996,15.87410407200636,1.2066666666666666,1.0,1.45,0.44999999999999996,0.22125902367034783,61.66666666666666,12.0,99.0,87.0,41.5943372214162,2.666666666666667,2.0,4.0,2.0,0.5962847939999439,10.0,1.0,17.0,16.0,7.6681158050723255,2.1842222606666666,0.15323635,3.61272528,3.45948893,1.5311707664213146,0.5955,0.33499999999999996,0.9,0.5650000000000001,0.2787175990137688,2.166666666666667,1.0,3.0,2.0,0.960324019392529
Li6CaLa2Ta2O12,-5.649751982,270,train,300.0,5,1.2510583317959272,0.5217391304347826,0.043478260869565216,0.5217391304347826,0.0,0.0,0.0,0.0,0.2608695652173913,0.043478260869565216,0.08695652173913043,0.0,0.0,0.0,0.0,0.0,0.0,0.0,0.0,0.0,0.0,0.0,0.0,0.08695652173913043,0.0,0.0,0.0,0.0,0.0,0.0,0.0,0.0,0.0,0.0,0.0,0.0,0.0,0.0,0.0,0.0,0.0,0.0,0.0,0.0,0.0,0.0,0.0,0.0,0.0,0.0,0.0,0.0,0.0,0.0,0.0,0.0,0.5217391304347826,0.0,2.3200000000000003,0.98,3.44,2.46,1.177513961885286,39.71406521739131,6.941,180.94788,174.00688,56.2467583100893,1.0652173913043477,0.6,1.95,1.35,0.5059289309535514,63.91304347826086,12.0,101.0,89.0,40.198326856246,2.7826086956521743,2.0,6.0,4.0,1.53102755318774,9.391304347826086,1.0,16.0,15.0,6.982830685734351,1.0016962142608694,0.024551,1.461112979,1.436561979,0.4965378271320821,0.45756521739130435,0.0,1.172,1.172,0.48616295586946495,5.551115123125783e-17,-2.0,5.0,7.0,2.3405684928164816
(LiCl)0.25((Li2O)0.6(P2O5)0.4)0.75,-5.610833916,271,test,296.66,4,1.1686713901245764,0.4936708860759494,0.06329113924050633,0.5569620253164558,0.0,0.0,0.0,0.0,0.2911392405063291,0.0,0.0,0.0,0.0,0.0,0.0,0.0,0.0,0.0,0.0,0.0,0.0,0.0,0.0,0.0,0.0,0.0,0.0,0.0,0.0,0.0,0.0,0.0,0.0,0.0,0.0,0.0,0.0,0.0,0.0,0.0,0.0,0.0,0.0,0.0,0.0,0.0,0.15189873417721522,0.0,0.0,0.0,0.0,0.0,0.0,0.0,0.0,0.06329113924050633,0.4936708860759494,0.0,2.5162025316455696,0.98,3.44,2.46,1.0727349452583341,16.867971443037977,6.941,35.453,28.512000000000004,9.008187642490599,0.9335443037974683,0.6,1.45,0.85,0.365413024421572,73.29113924050634,12.0,101.0,89.0,39.4584068463747,2.2151898734177218,2.0,3.0,1.0,0.41095400204425137,11.544303797468356,1.0,17.0,16.0,6.772613257678815,1.2433097969746836,0.61804922,3.61272528,2.9946760599999998,0.7280383431005083,0.36677215189873424,0.0,0.9,0.9,0.3928780836233702,-0.2531645569620253,-2.0,3.0,5.0,1.786978363982885
Li3.75Si0.75P0.25O4,-5.609064893,272,train,348.47,4,1.0331192203930142,0.45714285714285713,0.02857142857142857,0.45714285714285713,0.0,0.0,0.0,0.0,0.42857142857142855,0.0,0.0,0.0,0.0,0.0,0.0,0.0,0.0,0.0,0.0,0.0,0.0,0.0,0.0,0.0,0.0,0.0,0.0,0.0,0.0,0.0,0.0,0.0,0.0,0.0,0.0,0.0,0.08571428571428572,0.0,0.0,0.0,0.0,0.0,0.0,0.0,0.0,0.0,0.02857142857142857,0.0,0.0,0.0,0.0,0.0,0.0,0.0,0.0,0.0,0.45714285714285713,0.0,2.218,0.98,3.44,2.46,1.1611122746253757,13.581018914285714,6.941,30.973762,24.032762,6.94585645790994,1.0185714285714285,0.6,1.45,0.85,0.400550641400723,61.17142857142857,12.0,101.0,89.0,42.82288154332295,2.114285714285714,2.0,3.0,1.0,0.318157963590287,9.37142857142857,1.0,16.0,15.0,7.270628639693168,1.0732491118285712,0.61804922,1.461112979,0.843063759,0.41133566890592943,0.44771428571428573,0.0,0.9,0.9,0.424655058096977,-0.4380952380952381,-2.0,1.6666666666666667,3.666666666666667,1.46443862925908
Li3Cr(MoO4)3,-5.585026652,273,test,573.0,4,1.0280940565630372,0.631578947368421,0.05263157894736842,0.631578947368421,0.0,0.0,0.0,0.0,0.15789473684210525,0.0,0.0,0.0,0.0,0.0,0.0,0.0,0.0,0.0,0.0,0.0,0.0,0.0,0.0,0.0,0.0,0.0,0.0,0.0,0.0,0.0,0.05263157894736842,0.0,0.0,0.0,0.0,0.0,0.0,0.0,0.0,0.0,0.0,0.0,0.0,0.0,0.0,0.15789473684210525,0.0,0.0,0.0,0.0,0.0,0.0,0.0,0.0,0.0,0.0,0.631578947368421,0.0,2.75578947368421,0.98,3.44,2.46,0.9554184301819292,29.085889473684208,6.941,95.94,88.999,30.313760033060802,0.9105263157894736,0.6,1.45,0.85,0.406713059128145,77.52631578947367,12.0,101.0,89.0,33.48584684696165,2.5789473684210527,2.0,5.0,3.0,1.138595139620207,11.526315789473683,1.0,16.0,15.0,6.046908048987399,1.1739550356842103,0.61804922,1.461112979,0.843063759,0.37772887698189495,0.31394736842105264,0.0,0.94,0.94,0.4131253758573604,-0.07894736842105265,-2.0,5.0,7.0,2.773289695302678
Li7La3Ta2O13,-5.576754126,274,train,303.0,4,1.152962068167745,0.52,0.08,0.52,0.0,0.0,0.0,0.0,0.28,0.0,0.12,0.0,0.0,0.0,0.0,0.0,0.0,0.0,0.0,0.0,0.0,0.0,0.0,0.08,0.0,0.0,0.0,0.0,0.0,0.0,0.0,0.0,0.0,0.0,0.0,0.0,0.0,0.0,0.0,0.0,0.0,0.0,0.0,0.0,0.0,0.0,0.0,0.0,0.0,0.0,0.0,0.0,0.0,0.0,0.0,0.0,0.52,0.0,2.3152,0.98,3.44,2.46,1.1778934417000546,41.4076548,6.941,180.94788,174.00688,58.023652146872806,1.068,0.6,1.95,1.35,0.5096822539582873,64.0,12.0,101.0,89.0,39.94796615598847,2.8000000000000003,2.0,6.0,4.0,1.6,9.360000000000001,1.0,16.0,15.0,6.990736727985113,1.02604681308,0.32885923,1.461112979,1.132253749,0.45854235008568883,0.45824000000000004,0.0,1.172,1.172,0.48521972589745355,0.0,-2.0,5.0,7.0,2.3323807579381204
Li3.8Ge0.8V0.2O4,-5.567030709,275,train,303.0,4,1.0250040993791305,0.45454545454545453,0.022727272727272728,0.45454545454545453,0.0,0.0,0.0,0.0,0.43181818181818177,0.0,0.0,0.0,0.0,0.0,0.0,0.0,0.0,0.0,0.0,0.0,0.0,0.0,0.0,0.0,0.0,0.0,0.0,0.0,0.022727272727272728,0.0,0.0,0.0,0.0,0.0,0.0,0.0,0.0,0.0,0.0,0.0,0.09090909090909091,0.0,0.0,0.0,0.0,0.0,0.0,0.0,0.0,0.0,0.0,0.0,0.0,0.0,0.0,0.0,0.45454545454545453,0.0,2.206590909090909,0.98,3.44,2.46,1.1628627355520242,18.03110227272727,6.941,72.64,65.699,18.727103841630775,1.043181818181818,0.6,1.45,0.85,0.4083769021564222,59.95454545454545,12.0,101.0,89.0,42.569704627423896,2.227272727272727,2.0,4.0,2.0,0.6347381838076792,9.09090909090909,1.0,16.0,15.0,7.24825427828278,1.0550809639090908,0.527662,1.461112979,0.933450979,0.408169679559584,0.4763068181818182,0.0,0.9,0.9,0.4365126809559266,-0.30303030303030304,-2.0,5.0,7.0,1.663357596559207
Li6MgLa2Ta2O12,-5.562249437,276,train,323.0,5,1.2510583317959272,0.5217391304347826,0.043478260869565216,0.5217391304347826,0.0,0.0,0.0,0.0,0.2608695652173913,0.0,0.08695652173913043,0.0,0.0,0.0,0.0,0.0,0.0,0.0,0.0,0.0,0.043478260869565216,0.0,0.0,0.08695652173913043,0.0,0.0,0.0,0.0,0.0,0.0,0.0,0.0,0.0,0.0,0.0,0.0,0.0,0.0,0.0,0.0,0.0,0.0,0.0,0.0,0.0,0.0,0.0,0.0,0.0,0.0,0.0,0.0,0.0,0.0,0.0,0.0,0.5217391304347826,0.0,2.3334782608695654,0.98,3.44,2.46,1.1640245354341237,39.02828260869565,6.941,180.94788,174.00688,56.33422770753977,1.0521739130434782,0.6,1.95,1.35,0.4904475021477313,66.39130434782608,12.0,101.0,89.0,38.90427396933768,2.739130434782609,2.0,6.0,4.0,1.5098917699291599,9.391304347826086,1.0,16.0,15.0,6.982830685734351,0.9823679099130433,-0.42,1.461112979,1.8811129789999999,0.540871304135031,0.44539130434782614,0.0,1.172,1.172,0.47222781340204073,5.551115123125783e-17,-2.0,5.0,7.0,2.3405684928164816
Li5Nd3Sb2O12,-5.559090918,277,train,341.0,4,1.1570333357787375,0.5454545454545454,0.09090909090909091,0.5454545454545454,0.0,0.0,0.0,0.0,0.22727272727272727,0.0,0.0,0.0,0.0,0.13636363636363635,0.0,0.0,0.0,0.0,0.0,0.0,0.0,0.0,0.0,0.0,0.0,0.0,0.0,0.0,0.0,0.0,0.0,0.0,0.0,0.0,0.0,0.0,0.0,0.0,0.0,0.0,0.0,0.0,0.0,0.09090909090909091,0.0,0.0,0.0,0.0,0.0,0.0,0.0,0.0,0.0,0.0,0.0,0.0,0.5454545454545454,0.0,2.440909090909091,0.98,3.44,2.46,1.1288002846582863,41.0429,6.941,144.242,137.301,51.48763479635404,1.0409090909090908,0.6,1.85,1.25,0.49855162120713686,69.9090909090909,12.0,101.0,89.0,39.19636937142044,2.818181818181818,2.0,6.0,4.0,1.526623238522424,10.727272727272727,1.0,16.0,15.0,6.816969589206431,1.0459492785454545,0.0974933,1.461112979,1.363619679,0.5082292577007378,0.45406818181818176,0.0,1.2765,1.2765,0.5125800446461231,-0.303030303030303,-2.0,3.0,5.0,1.9486050200936698
(Li2O)16.6(SiO2)83.4,-5.557520231,278,train,452.0,3,0.9003254008126582,0.6113333333333334,0.11066666666666668,0.6113333333333334,0.0,0.0,0.0,0.0,0.11066666666666668,0.0,0.0,0.0,0.0,0.0,0.0,0.0,0.0,0.0,0.0,0.0,0.0,0.0,0.0,0.0,0.0,0.0,0.0,0.0,0.0,0.0,0.0,0.0,0.0,0.0,0.0,0.0,0.278,0.0,0.0,0.0,0.0,0.0,0.0,0.0,0.0,0.0,0.0,0.0,0.0,0.0,0.0,0.0,0.0,0.0,0.0,0.0,0.6113333333333334,0.0,2.73964,0.98,3.44,2.46,0.9157025010340423,18.35687286666667,6.941,28.0855,21.1445,6.643158284326599,0.8330666666666667,0.6,1.45,0.85,0.308442207804891,86.70266666666669,12.0,101.0,89.0,27.2643526646466,2.2780000000000005,2.0,3.0,1.0,0.44801339265696066,13.784000000000002,1.0,16.0,15.0,4.593619923328442,1.3479114306820001,0.61804922,1.461112979,0.843063759,0.2593594331371296,0.24972000000000005,0.0,0.9,0.9,0.3291575938665247,-1.112,-2.0,1.0,3.0,1.1486757592985064
Li1.6Ti1.7Mg0.3P3O12,-5.552841969,279,train,298.0,5,1.0732906852481117,0.6451612903225806,0.016129032258064516,0.6451612903225806,0.0,0.0,0.0,0.0,0.08602150537634408,0.0,0.0,0.0,0.0,0.0,0.0,0.0,0.0,0.0,0.0,0.0,0.016129032258064516,0.0,0.0,0.0,0.09139784946236558,0.0,0.0,0.0,0.0,0.0,0.0,0.0,0.0,0.0,0.0,0.0,0.0,0.0,0.0,0.0,0.0,0.0,0.0,0.0,0.0,0.0,0.16129032258064516,0.0,0.0,0.0,0.0,0.0,0.0,0.0,0.0,0.0,0.6451612903225806,0.0,2.8187634408602147,0.98,3.44,2.46,0.8886906388427049,20.68199387096774,6.941,47.867,40.925999999999995,10.734491586924074,0.825268817204301,0.6,1.5,0.9,0.329803106455402,86.54838709677418,12.0,101.0,89.0,27.077354792516815,2.360215053763441,2.0,4.0,2.0,0.6428498018436137,13.225806451612904,1.0,16.0,15.0,5.30495615754803,1.1163703403225806,-0.42,1.461112979,1.8811129789999999,0.5071228115733735,0.2578405017921147,0.0,0.9,0.9,0.36084513370986443,-0.5376344086021507,-2.0,4.0,6.0,2.086270908491732
Li7Ba2LaTa2O12,-5.54515513999149,280,train,298.0,5,1.2525188485528216,0.5,0.041666666666666664,0.5,0.0,0.08333333333333333,0.0,0.0,0.2916666666666667,0.0,0.041666666666666664,0.0,0.0,0.0,0.0,0.0,0.0,0.0,0.0,0.0,0.0,0.0,0.0,0.08333333333333333,0.0,0.0,0.0,0.0,0.0,0.0,0.0,0.0,0.0,0.0,0.0,0.0,0.0,0.0,0.0,0.0,0.0,0.0,0.0,0.0,0.0,0.0,0.0,0.0,0.0,0.0,0.0,0.0,0.0,0.0,0.0,0.0,0.5,0.0,2.2508333333333335,0.89,3.44,2.55,1.1977441180077746,42.33479291666667,6.941,180.94788,174.00688,58.7692484025094,1.1041666666666667,0.6,2.15,1.5499999999999998,0.5412017235334302,60.875,12.0,101.0,89.0,41.51838197312929,2.8333333333333335,2.0,6.0,4.0,1.6244657241348273,9.0,1.0,16.0,15.0,7.076957915187382,0.9735090395,0.144626,1.461112979,1.316486979,0.5048027266792378,0.5038333333333334,0.0,1.49,1.49,0.529788925474623,-1.1102230246251565e-16,-2.0,5.0,7.0,2.254624876411447
(Li2S)0.4((Ga2S3)0.1(GeS2)0.9)0.6,-5.542118103,281,train,294.0,4,1.1135925405241505,0.532051282051282,0.03846153846153846,0.532051282051282,0.0,0.0,0.0,0.0,0.25641025641025644,0.0,0.0,0.0,0.0,0.0,0.0,0.0,0.0,0.0,0.0,0.0,0.0,0.0,0.0,0.0,0.0,0.0,0.0,0.0,0.0,0.0,0.0,0.0,0.0,0.03846153846153846,0.0,0.0,0.0,0.0,0.0,0.0,0.17307692307692307,0.0,0.0,0.0,0.0,0.0,0.0,0.0,0.0,0.0,0.0,0.532051282051282,0.0,0.0,0.0,0.0,0.0,0.0,2.0414743589743587,0.98,2.58,1.6,0.667410614861434,34.09392948717949,6.941,72.64,65.699,22.298400129488474,1.1701923076923078,1.0,1.45,0.44999999999999996,0.19296761769605264,70.74358974358974,12.0,94.0,82.0,34.74261991266336,2.9551282051282053,2.0,4.0,2.0,0.6825944916080862,11.692307692307692,1.0,16.0,15.0,6.338340178076415,1.4885312976346154,0.30116615,2.07710426,1.77593811,0.666452285951913,0.6433333333333333,0.47,0.9,0.43000000000000005,0.19020344483565602,1.8173076923076923,0.6666666666666666,3.0,2.3333333333333335,0.8379740114030877
(Li2S)7(LaOI)3,-5.540607512,282,train,303.0,5,1.3860079064616952,0.46666666666666673,0.10000000000000002,0.4333333333333334,0.0,0.0,0.0,0.0,0.46666666666666673,0.0,0.10000000000000002,0.0,0.0,0.0,0.0,0.0,0.0,0.0,0.0,0.0,0.0,0.0,0.0,0.0,0.0,0.0,0.0,0.0,0.0,0.0,0.0,0.0,0.0,0.0,0.0,0.0,0.0,0.0,0.0,0.0,0.0,0.0,0.0,0.0,0.0,0.0,0.0,0.0,0.0,0.0,0.0,0.23333333333333336,0.10000000000000002,0.0,0.0,0.0,0.10000000000000002,0.0,1.7793333333333337,0.98,3.44,2.46,0.9204561671017017,38.90190066666668,6.941,138.90547,131.96447,48.110034556701166,1.3050000000000002,0.6,1.95,1.35,0.3517456467392312,50.63333333333334,12.0,101.0,89.0,40.436356028812604,2.933333333333334,2.0,6.0,4.0,1.3646326326972482,7.800000000000001,1.0,17.0,16.0,7.400000000000001,1.2808512016000002,0.5575462,3.059046537,2.501500337,0.8513000317194833,0.7348666666666668,0.0,1.172,1.172,0.32297479089792064,1.4500000000000002,-2.0,3.0,5.0,1.4221462653327894
Li1.1Al0.1Ge1.9(PO4)3,-5.537602002,283,train,298.0,5,1.0059217871296124,0.6629834254143646,0.0055248618784530384,0.6629834254143646,0.0,0.0,0.0,0.0,0.06077348066298342,0.0,0.0,0.0,0.0,0.0,0.0,0.0,0.0,0.0,0.0,0.0,0.0,0.0,0.0,0.0,0.0,0.0,0.0,0.0055248618784530384,0.0,0.0,0.0,0.0,0.0,0.0,0.0,0.0,0.0,0.0,0.0,0.0,0.10497237569060772,0.0,0.0,0.0,0.0,0.0,0.16574585635359115,0.0,0.0,0.0,0.0,0.0,0.0,0.0,0.0,0.0,0.6629834254143646,0.0,2.9230939226519337,0.98,3.44,2.46,0.7698850721553878,23.937201097237566,6.941,72.64,65.699,17.792632280748588,0.7897790055248619,0.6,1.45,0.85,0.28477568142399856,91.86740331491711,12.0,101.0,89.0,21.2323137552381,2.3812154696132595,2.0,4.0,2.0,0.667708758907667,14.696132596685082,1.0,16.0,15.0,3.550960723489657,1.2617903814751381,0.432835,1.461112979,1.0282779789999998,0.3152793499354365,0.23041436464088394,0.0,0.9,0.9,0.3332105163278121,-0.9023941068139962,-2.0,3.0,5.0,1.5668999205269838
Li5La3Ta2O12,-5.536107011,284,train,305.0,4,1.1570333357787375,0.5454545454545454,0.09090909090909091,0.5454545454545454,0.0,0.0,0.0,0.0,0.22727272727272727,0.0,0.13636363636363635,0.0,0.0,0.0,0.0,0.0,0.0,0.0,0.0,0.0,0.0,0.0,0.0,0.09090909090909091,0.0,0.0,0.0,0.0,0.0,0.0,0.0,0.0,0.0,0.0,0.0,0.0,0.0,0.0,0.0,0.0,0.0,0.0,0.0,0.0,0.0,0.0,0.0,0.0,0.0,0.0,0.0,0.0,0.0,0.0,0.0,0.0,0.5454545454545454,0.0,2.3854545454545453,0.98,3.44,2.46,1.1628051008141211,45.695907727272726,6.941,180.94788,174.00688,60.58148709257196,1.0545454545454545,0.6,1.95,1.35,0.5213420380720866,67.04545454545455,12.0,101.0,89.0,38.679895262534785,2.9090909090909087,2.0,6.0,4.0,1.6762808104168887,9.818181818181818,1.0,16.0,15.0,6.853243184708997,1.0433617685454544,0.32885923,1.461112979,1.132253749,0.4635693907499046,0.43890909090909086,0.0,1.172,1.172,0.4897794410001774,1.1102230246251565e-16,-2.0,5.0,7.0,2.4308621740219887
Li(Ti0.4Sn1.6)(PO4)3,-5.5016894462104,285,train,298.0,5,1.0292491924792841,0.6666666666666666,0.022222222222222223,0.6666666666666666,0.0,0.0,0.0,0.0,0.05555555555555555,0.0,0.0,0.0,0.0,0.0,0.0,0.0,0.0,0.0,0.0,0.0,0.0,0.0,0.0,0.0,0.022222222222222223,0.0,0.0,0.0,0.0,0.0,0.0,0.0,0.0,0.0,0.0,0.0,0.0,0.0,0.0,0.08888888888888889,0.0,0.0,0.0,0.0,0.0,0.0,0.16666666666666666,0.0,0.0,0.0,0.0,0.0,0.0,0.0,0.0,0.0,0.6666666666666666,0.0,2.9212222222222217,0.98,3.44,2.46,0.7761512277868673,27.829882555555553,6.941,118.71,111.76899999999999,29.36440473998868,0.8072222222222221,0.6,1.45,0.85,0.3198577037016366,91.51111111111112,12.0,101.0,89.0,21.31991476137038,2.477777777777778,2.0,5.0,3.0,0.9095515107003473,14.555555555555554,1.0,16.0,15.0,3.759760959041918,1.233375701,0.075545,1.461112979,1.385567979,0.35524606857150254,0.23437037037037037,0.0,0.9,0.9,0.3432802527987755,-0.8518518518518517,-2.0,4.0,6.0,1.6895547745121549
Li4.4Ga0.4Sn0.6S4,-5.494850022,286,train,303.0,4,1.0288771618784205,0.46808510638297873,0.0425531914893617,0.425531914893617,0.0,0.0,0.0,0.0,0.46808510638297873,0.0,0.0,0.0,0.0,0.0,0.0,0.0,0.0,0.0,0.0,0.0,0.0,0.0,0.0,0.0,0.0,0.0,0.0,0.0,0.0,0.0,0.0,0.0,0.0,0.0425531914893617,0.0,0.0,0.0,0.0,0.0,0.06382978723404255,0.0,0.0,0.0,0.0,0.0,0.0,0.0,0.0,0.0,0.0,0.0,0.425531914893617,0.0,0.0,0.0,0.0,0.0,0.0,1.758723404255319,0.98,2.58,1.6,0.7573431078905136,27.43782978723404,6.941,118.71,111.76899999999999,28.523507728933286,1.2521276595744681,1.0,1.45,0.44999999999999996,0.2190301268524275,54.36170212765957,12.0,94.0,82.0,39.88890184900786,2.702127659574468,2.0,5.0,3.0,0.8229395576942007,8.72340425531915,1.0,16.0,15.0,7.280700596577446,1.2569725731914894,0.30116615,2.07710426,1.77593811,0.7193872796570483,0.7065957446808511,0.47,0.9,0.43000000000000005,0.20596711776133964,1.702127659574468,0.6666666666666666,3.0,2.3333333333333335,0.8011045641550953
Li3.2Si0.2P0.8S4,-5.49485002168009,287,train,298.0,4,1.0350051771580666,0.4878048780487804,0.024390243902439022,0.4878048780487804,0.0,0.0,0.0,0.0,0.39024390243902435,0.0,0.0,0.0,0.0,0.0,0.0,0.0,0.0,0.0,0.0,0.0,0.0,0.0,0.0,0.0,0.0,0.0,0.0,0.0,0.0,0.0,0.0,0.0,0.0,0.0,0.0,0.0,0.024390243902439022,0.0,0.0,0.0,0.0,0.0,0.0,0.0,0.0,0.0,0.09756097560975609,0.0,0.0,0.0,0.0,0.4878048780487804,0.0,0.0,0.0,0.0,0.0,0.0,1.9009756097560975,0.98,2.58,1.6,0.7510441670557936,22.05698897560976,6.941,32.065,25.124,12.110743030218668,1.178048780487805,1.0,1.45,0.44999999999999996,0.21809842835227466,61.39024390243902,12.0,94.0,82.0,39.5492148167753,2.6097560975609757,2.0,3.0,1.0,0.4878048780487805,10.0,1.0,16.0,15.0,7.211102550927979,1.3611422058536586,0.61804922,2.07710426,1.45905504,0.7088024477087547,0.6473170731707317,0.47,0.9,0.43000000000000005,0.20361398665652952,1.7723577235772356,0.0,2.5,2.5,0.7541718636671096
Li4Al0.33Si0.33P0.33O4,-5.487904825,288,train,298.0,5,1.0845690341695433,0.44493882091212456,0.03670745272525028,0.44493882091212456,0.0,0.0,0.0,0.0,0.44493882091212456,0.0,0.0,0.0,0.0,0.0,0.0,0.0,0.0,0.0,0.0,0.0,0.0,0.0,0.0,0.0,0.0,0.0,0.0,0.03670745272525028,0.0,0.0,0.0,0.0,0.0,0.0,0.0,0.0,0.03670745272525028,0.0,0.0,0.0,0.0,0.0,0.0,0.0,0.0,0.0,0.03670745272525028,0.0,0.0,0.0,0.0,0.0,0.0,0.0,0.0,0.0,0.44493882091212456,0.0,2.1758620689655173,0.98,3.44,2.46,1.1669993308265727,13.36541314771969,6.941,30.973762,24.032762,6.898662886128895,1.035094549499444,0.6,1.45,0.85,0.4033856535607791,59.63848720800891,12.0,101.0,89.0,42.937307278544495,2.1101223581757513,2.0,3.0,1.0,0.3130422086645226,9.10567296996663,1.0,16.0,15.0,7.286521381724807,1.0194001529143493,0.432835,1.461112979,1.0282779789999998,0.4229345611700646,0.465233592880979,0.0,0.9,0.9,0.42718951275270073,-0.2736373748609566,-2.0,3.0,5.0,1.6069066284716447
Li7La3Ta2O13,-5.48148606,289,train,321.0,4,1.152962068167745,0.52,0.08,0.52,0.0,0.0,0.0,0.0,0.28,0.0,0.12,0.0,0.0,0.0,0.0,0.0,0.0,0.0,0.0,0.0,0.0,0.0,0.0,0.08,0.0,0.0,0.0,0.0,0.0,0.0,0.0,0.0,0.0,0.0,0.0,0.0,0.0,0.0,0.0,0.0,0.0,0.0,0.0,0.0,0.0,0.0,0.0,0.0,0.0,0.0,0.0,0.0,0.0,0.0,0.0,0.0,0.52,0.0,2.3152,0.98,3.44,2.46,1.1778934417000546,41.4076548,6.941,180.94788,174.00688,58.023652146872806,1.068,0.6,1.95,1.35,0.5096822539582873,64.0,12.0,101.0,89.0,39.94796615598847,2.8000000000000003,2.0,6.0,4.0,1.6,9.360000000000001,1.0,16.0,15.0,6.990736727985113,1.02604681308,0.32885923,1.461112979,1.132253749,0.45854235008568883,0.45824000000000004,0.0,1.172,1.172,0.48521972589745355,0.0,-2.0,5.0,7.0,2.3323807579381204
Li5La3Sb2O12,-5.47755576649368,290,train,298.0,4,1.1570333357787375,0.5454545454545454,0.09090909090909091,0.5454545454545454,0.0,0.0,0.0,0.0,0.22727272727272727,0.0,0.13636363636363635,0.0,0.0,0.0,0.0,0.0,0.0,0.0,0.0,0.0,0.0,0.0,0.0,0.0,0.0,0.0,0.0,0.0,0.0,0.0,0.0,0.0,0.0,0.0,0.0,0.0,0.0,0.0,0.0,0.0,0.0,0.0,0.0,0.09090909090909091,0.0,0.0,0.0,0.0,0.0,0.0,0.0,0.0,0.0,0.0,0.0,0.0,0.5454545454545454,0.0,2.4354545454545455,0.98,3.44,2.46,1.1351520814119507,40.315191363636366,6.941,138.90547,131.96447,50.04130956882118,1.0545454545454545,0.6,1.95,1.35,0.5213420380720866,70.31818181818181,12.0,101.0,89.0,38.79126701584024,2.818181818181818,2.0,6.0,4.0,1.526623238522424,10.727272727272727,1.0,16.0,15.0,6.816969589206431,1.1086837649090908,0.5575462,1.461112979,0.9035667789999999,0.40524159174521646,0.4398181818181818,0.0,1.172,1.172,0.49049470726118916,-0.303030303030303,-2.0,3.0,5.0,1.9486050200936698
Li2AlZr(PO4)3,-5.468521083,291,train,573.0,5,1.1285962936622183,0.631578947368421,0.05263157894736842,0.631578947368421,0.0,0.0,0.0,0.0,0.10526315789473684,0.0,0.0,0.0,0.0,0.0,0.0,0.0,0.0,0.0,0.0,0.0,0.0,0.05263157894736842,0.0,0.0,0.0,0.0,0.0,0.05263157894736842,0.0,0.0,0.0,0.0,0.0,0.0,0.0,0.0,0.0,0.0,0.0,0.0,0.0,0.0,0.0,0.0,0.0,0.0,0.15789473684210525,0.0,0.0,0.0,0.0,0.0,0.0,0.0,0.0,0.0,0.631578947368421,0.0,2.7763157894736836,0.98,3.44,2.46,0.9240255779457952,21.947453926315788,6.941,91.224,84.283,17.68725979451384,0.8368421052631579,0.6,1.55,0.9500000000000001,0.3390552296506612,86.05263157894736,12.0,101.0,89.0,28.19569523733893,2.3684210526315788,2.0,5.0,3.0,0.7405919620773836,13.473684210526315,1.0,16.0,15.0,5.050986574320032,1.1513371325263155,0.432835,1.461112979,1.0282779789999998,0.41317624936318703,0.2623684210526316,0.0,0.9,0.9,0.356504847612471,-0.5263157894736843,-2.0,4.0,6.0,2.0270561418054984
LiSr2Ti2NbO9,-5.459670525,292,train,373.0,5,1.2048762065511598,0.6,0.06666666666666667,0.6,0.0,0.0,0.0,0.13333333333333333,0.06666666666666667,0.0,0.0,0.0,0.0,0.0,0.0,0.0,0.0,0.0,0.0,0.0,0.0,0.0,0.0,0.0,0.13333333333333333,0.0,0.06666666666666667,0.0,0.0,0.0,0.0,0.0,0.0,0.0,0.0,0.0,0.0,0.0,0.0,0.0,0.0,0.0,0.0,0.0,0.0,0.0,0.0,0.0,0.0,0.0,0.0,0.0,0.0,0.0,0.0,0.0,0.6,0.0,2.5680000000000005,0.95,3.44,2.49,1.0847930678244584,34.321065333333344,6.941,92.90638,85.96538,29.72271345028958,1.006666666666667,0.6,2.0,1.4,0.5268986830712544,73.73333333333333,12.0,101.0,89.0,35.46353369621001,2.8666666666666667,2.0,5.0,3.0,1.2578641509408806,10.800000000000002,1.0,16.0,15.0,6.43117407632541,0.9960463354000001,0.052066,1.461112979,1.409046979,0.6095075594509258,0.4042222222222223,0.0,1.32,1.32,0.5142592179143478,-1.1102230246251568e-16,-2.0,5.0,7.0,2.6076809620810595
Li3Sc2(PO4)3,-5.457174573,293,train,423.0,4,1.1058898790247633,0.6,0.1,0.6,0.0,0.0,0.0,0.0,0.15,0.0,0.0,0.0,0.0,0.0,0.0,0.0,0.0,0.0,0.0,0.0,0.0,0.0,0.1,0.0,0.0,0.0,0.0,0.0,0.0,0.0,0.0,0.0,0.0,0.0,0.0,0.0,0.0,0.0,0.0,0.0,0.0,0.0,0.0,0.0,0.0,0.0,0.15,0.0,0.0,0.0,0.0,0.0,0.0,0.0,0.0,0.0,0.6,0.0,2.6755,0.98,3.44,2.46,0.9951355435316337,19.782445499999998,6.941,44.955912,38.014911999999995,10.746136265914403,0.8875000000000001,0.6,1.6,1.0,0.3869350720728221,77.8,12.0,101.0,89.0,36.61229301750984,2.35,2.0,4.0,2.0,0.653834841531101,12.3,1.0,16.0,15.0,6.091797764207213,1.0993045599,0.17938023,1.461112979,1.281732749,0.46537016872329207,0.30600000000000005,0.0,0.9,0.9,0.38930900323521933,-0.5,-2.0,3.0,5.0,1.9017535767461216
Li6CaLa2Ta2O12,-5.444905551,294,train,323.0,5,1.2510583317959272,0.5217391304347826,0.043478260869565216,0.5217391304347826,0.0,0.0,0.0,0.0,0.2608695652173913,0.043478260869565216,0.08695652173913043,0.0,0.0,0.0,0.0,0.0,0.0,0.0,0.0,0.0,0.0,0.0,0.0,0.08695652173913043,0.0,0.0,0.0,0.0,0.0,0.0,0.0,0.0,0.0,0.0,0.0,0.0,0.0,0.0,0.0,0.0,0.0,0.0,0.0,0.0,0.0,0.0,0.0,0.0,0.0,0.0,0.0,0.0,0.0,0.0,0.0,0.0,0.5217391304347826,0.0,2.3200000000000003,0.98,3.44,2.46,1.177513961885286,39.71406521739131,6.941,180.94788,174.00688,56.2467583100893,1.0652173913043477,0.6,1.95,1.35,0.5059289309535514,63.91304347826086,12.0,101.0,89.0,40.198326856246,2.7826086956521743,2.0,6.0,4.0,1.53102755318774,9.391304347826086,1.0,16.0,15.0,6.982830685734351,1.0016962142608694,0.024551,1.461112979,1.436561979,0.4965378271320821,0.45756521739130435,0.0,1.172,1.172,0.48616295586946495,5.551115123125783e-17,-2.0,5.0,7.0,2.3405684928164816
Li6(La2Sr)(NbO6)2,-5.43297363384094,295,train,298.0,5,1.2510583317959272,0.5217391304347826,0.043478260869565216,0.5217391304347826,0.0,0.0,0.0,0.043478260869565216,0.2608695652173913,0.0,0.08695652173913043,0.0,0.0,0.0,0.0,0.0,0.0,0.0,0.0,0.0,0.0,0.0,0.0,0.0,0.0,0.0,0.08695652173913043,0.0,0.0,0.0,0.0,0.0,0.0,0.0,0.0,0.0,0.0,0.0,0.0,0.0,0.0,0.0,0.0,0.0,0.0,0.0,0.0,0.0,0.0,0.0,0.0,0.0,0.0,0.0,0.0,0.0,0.5217391304347826,0.0,2.3265217391304347,0.95,3.44,2.49,1.1742883458046527,34.12532608695652,6.941,138.90547,131.96447,41.75829921112008,1.0739130434782607,0.6,2.0,1.4,0.5200061799836344,63.95652173913043,12.0,101.0,89.0,40.22596853306879,2.7391304347826084,2.0,6.0,4.0,1.4208812729015818,9.391304347826088,1.0,16.0,15.0,6.982830685734352,1.0540705855652173,0.052066,1.461112979,1.409046979,0.4502815495871626,0.4653913043478261,0.0,1.32,1.32,0.49838083387762766,5.551115123125783e-17,-2.0,5.0,7.0,2.340568492816482
Li4Al0.33Si0.17Ge0.17P0.33O4,-5.40560745,296,train,320.0,6,1.1132054406119944,0.4444444444444445,0.018888888888888893,0.4444444444444445,0.0,0.0,0.0,0.0,0.4444444444444445,0.0,0.0,0.0,0.0,0.0,0.0,0.0,0.0,0.0,0.0,0.0,0.0,0.0,0.0,0.0,0.0,0.0,0.0,0.036666666666666674,0.0,0.0,0.0,0.0,0.0,0.0,0.0,0.0,0.018888888888888893,0.0,0.0,0.0,0.018888888888888893,0.0,0.0,0.0,0.0,0.0,0.036666666666666674,0.0,0.0,0.0,0.0,0.0,0.0,0.0,0.0,0.0,0.4444444444444445,0.0,2.177633333333334,0.98,3.44,2.46,1.1659922140963608,14.223353799777783,6.941,72.64,65.699,10.45543743909828,1.0380000000000003,0.6,1.45,0.85,0.4041388650231777,59.64777777777778,12.0,101.0,89.0,42.91082931894356,2.1300000000000003,2.0,4.0,2.0,0.3884298878533652,9.111111111111114,1.0,16.0,15.0,7.284297334288393,1.0168487733455558,0.432835,1.461112979,1.0282779789999998,0.4208232501702526,0.4696611111111112,0.0,0.9,0.9,0.4288631245499728,-0.2607407407407408,-2.0,3.0,5.0,1.6107400168619515
Li0.02Na0.48La0.5Nb2O6,-5.39902710431325,297,train,298.0,5,0.9350321415516429,0.6666666666666666,0.0022222222222222222,0.6666666666666666,0.0,0.0,0.05333333333333333,0.0,0.0022222222222222222,0.0,0.05555555555555555,0.0,0.0,0.0,0.0,0.0,0.0,0.0,0.0,0.0,0.0,0.0,0.0,0.0,0.0,0.0,0.2222222222222222,0.0,0.0,0.0,0.0,0.0,0.0,0.0,0.0,0.0,0.0,0.0,0.0,0.0,0.0,0.0,0.0,0.0,0.0,0.0,0.0,0.0,0.0,0.0,0.0,0.0,0.0,0.0,0.0,0.0,0.6666666666666666,0.0,2.7617777777777777,0.93,3.44,2.51,0.9726373970667791,40.27064491715555,6.941,138.90547,131.96447,39.58896397384205,0.9297777777777776,0.6,1.95,1.35,0.4811005387598955,81.55777777777777,11.0,101.0,90.0,28.991224640791557,2.942222222222222,2.0,6.0,4.0,1.4333316106794125,12.0,1.0,16.0,15.0,5.725188012439222,1.2395145064888888,0.54792625,1.461112979,0.913186729,0.32863147700202705,0.3112,0.0,1.172,1.172,0.44994703885877246,2.220446049250313e-16,-2.0,5.0,7.0,2.9627314724385294
Li2.667Mg0.667P2S6,-5.39794000867204,298,test,298.0,4,1.1499753709659797,0.5293806246691372,0.05884947944238575,0.5293806246691372,0.0,0.0,0.0,0.0,0.23530968766543145,0.0,0.0,0.0,0.0,0.0,0.0,0.0,0.0,0.0,0.0,0.0,0.05884947944238575,0.0,0.0,0.0,0.0,0.0,0.0,0.0,0.0,0.0,0.0,0.0,0.0,0.0,0.0,0.0,0.0,0.0,0.0,0.0,0.0,0.0,0.0,0.0,0.0,0.0,0.1764602082230457,0.0,0.0,0.0,0.0,0.5293806246691372,0.0,0.0,0.0,0.0,0.0,0.0,2.059946179636492,0.98,2.58,1.6,0.673568665699477,25.503847361919888,6.941,32.065,25.124,10.451615776087968,1.1353140991706372,1.0,1.5,0.5,0.20988729399009676,72.76292571025235,12.0,94.0,82.0,34.05855251239783,2.7646903123345687,2.0,3.0,1.0,0.4241922188775138,11.470001764602083,1.0,16.0,15.0,6.643399272281057,1.3520417372278102,-0.42,2.07710426,2.49710426,0.8090438736752699,0.6082512793365096,0.47,0.9,0.43000000000000005,0.18567632096465891,1.9705605552614553,1.0,2.5,1.5,0.6216066704345784
Li1.2In0.2Hf1.8(PO4)3,-5.39794000867204,299,test,298.0,5,1.0294638497997788,0.6593406593406593,0.01098901098901099,0.6593406593406593,0.0,0.0,0.0,0.0,0.06593406593406594,0.0,0.0,0.0,0.0,0.0,0.0,0.0,0.0,0.0,0.0,0.09890109890109891,0.0,0.0,0.0,0.0,0.0,0.0,0.0,0.0,0.0,0.0,0.0,0.0,0.01098901098901099,0.0,0.0,0.0,0.0,0.0,0.0,0.0,0.0,0.0,0.0,0.0,0.0,0.0,0.16483516483516483,0.0,0.0,0.0,0.0,0.0,0.0,0.0,0.0,0.0,0.6593406593406593,0.0,2.841868131868132,0.98,3.44,2.46,0.8843125001917653,35.02686186813187,6.941,178.49,171.549,48.978986316754764,0.8263736263736263,0.6,1.55,0.9500000000000001,0.3492016530162293,88.03296703296704,12.0,101.0,89.0,25.231434497489655,2.5934065934065935,2.0,6.0,4.0,1.222302115295326,13.626373626373626,1.0,16.0,15.0,4.868937992938979,1.1490194143956043,0.17807,1.461112979,1.283042979,0.45735483236907293,0.24439560439560443,0.0,0.94,0.94,0.3531373010420622,-0.5494505494505494,-2.0,4.0,6.0,2.1308671793894924
Li6SrLa2Nb2O12,-5.37675071,300,test,295.0,5,1.2510583317959272,0.5217391304347826,0.043478260869565216,0.5217391304347826,0.0,0.0,0.0,0.043478260869565216,0.2608695652173913,0.0,0.08695652173913043,0.0,0.0,0.0,0.0,0.0,0.0,0.0,0.0,0.0,0.0,0.0,0.0,0.0,0.0,0.0,0.08695652173913043,0.0,0.0,0.0,0.0,0.0,0.0,0.0,0.0,0.0,0.0,0.0,0.0,0.0,0.0,0.0,0.0,0.0,0.0,0.0,0.0,0.0,0.0,0.0,0.0,0.0,0.0,0.0,0.0,0.0,0.5217391304347826,0.0,2.3265217391304347,0.95,3.44,2.49,1.1742883458046527,34.12532608695652,6.941,138.90547,131.96447,41.75829921112008,1.0739130434782607,0.6,2.0,1.4,0.5200061799836344,63.95652173913043,12.0,101.0,89.0,40.22596853306879,2.7391304347826084,2.0,6.0,4.0,1.4208812729015818,9.391304347826088,1.0,16.0,15.0,6.982830685734352,1.0540705855652173,0.052066,1.461112979,1.409046979,0.4502815495871626,0.4653913043478261,0.0,1.32,1.32,0.49838083387762766,5.551115123125783e-17,-2.0,5.0,7.0,2.340568492816482
Li4.4Al0.4Sn0.6S4,-5.36653154442041,301,train,298.0,4,1.0288771618784205,0.46808510638297873,0.0425531914893617,0.425531914893617,0.0,0.0,0.0,0.0,0.46808510638297873,0.0,0.0,0.0,0.0,0.0,0.0,0.0,0.0,0.0,0.0,0.0,0.0,0.0,0.0,0.0,0.0,0.0,0.0,0.0425531914893617,0.0,0.0,0.0,0.0,0.0,0.0,0.0,0.0,0.0,0.0,0.0,0.06382978723404255,0.0,0.0,0.0,0.0,0.0,0.0,0.0,0.0,0.0,0.0,0.0,0.425531914893617,0.0,0.0,0.0,0.0,0.0,0.0,1.750212765957447,0.98,2.58,1.6,0.7578426529600594,25.619044195744678,6.941,118.71,111.76899999999999,27.09621282863933,1.25,1.0,1.45,0.44999999999999996,0.2187974872468418,54.31914893617021,12.0,94.0,82.0,39.86098523564792,2.6595744680851063,2.0,5.0,3.0,0.7794323014474128,8.72340425531915,1.0,16.0,15.0,7.280700596577446,1.2625755029787233,0.432835,2.07710426,1.64426926,0.7124000028588047,0.7029787234042554,0.47,0.9,0.43000000000000005,0.20574374573485488,1.702127659574468,0.6666666666666666,3.0,2.3333333333333335,0.8011045641550953
Li4.4Al0.4Sn0.6S4,-5.35753548,302,train,303.0,4,1.0288771618784205,0.46808510638297873,0.0425531914893617,0.425531914893617,0.0,0.0,0.0,0.0,0.46808510638297873,0.0,0.0,0.0,0.0,0.0,0.0,0.0,0.0,0.0,0.0,0.0,0.0,0.0,0.0,0.0,0.0,0.0,0.0,0.0425531914893617,0.0,0.0,0.0,0.0,0.0,0.0,0.0,0.0,0.0,0.0,0.0,0.06382978723404255,0.0,0.0,0.0,0.0,0.0,0.0,0.0,0.0,0.0,0.0,0.0,0.425531914893617,0.0,0.0,0.0,0.0,0.0,0.0,1.750212765957447,0.98,2.58,1.6,0.7578426529600594,25.619044195744678,6.941,118.71,111.76899999999999,27.09621282863933,1.25,1.0,1.45,0.44999999999999996,0.2187974872468418,54.31914893617021,12.0,94.0,82.0,39.86098523564792,2.6595744680851063,2.0,5.0,3.0,0.7794323014474128,8.72340425531915,1.0,16.0,15.0,7.280700596577446,1.2625755029787233,0.432835,2.07710426,1.64426926,0.7124000028588047,0.7029787234042554,0.47,0.9,0.43000000000000005,0.20574374573485488,1.702127659574468,0.6666666666666666,3.0,2.3333333333333335,0.8011045641550953
(Li2O)50(Al2O3)2(P2O5)48,-5.349692477,303,train,394.0,4,0.9876524974827443,0.5967741935483871,0.008064516129032258,0.5967741935483871,0.0,0.0,0.0,0.0,0.20161290322580644,0.0,0.0,0.0,0.0,0.0,0.0,0.0,0.0,0.0,0.0,0.0,0.0,0.0,0.0,0.0,0.0,0.0,0.0,0.008064516129032258,0.0,0.0,0.0,0.0,0.0,0.0,0.0,0.0,0.0,0.0,0.0,0.0,0.0,0.0,0.0,0.0,0.0,0.0,0.1935483870967742,0.0,0.0,0.0,0.0,0.0,0.0,0.0,0.0,0.0,0.5967741935483871,0.0,2.687338709677419,0.98,3.44,2.46,0.9914677201575773,17.159938924193547,6.941,30.973762,24.032762,7.7180765894687,0.8540322580645161,0.6,1.45,0.85,0.33986458250792806,80.75806451612902,12.0,101.0,89.0,34.84559743740996,2.2016129032258065,2.0,3.0,1.0,0.4012046117365403,12.758064516129032,1.0,16.0,15.0,5.926119014707925,1.1445568111774194,0.432835,1.461112979,1.0282779789999998,0.3878484772436976,0.2933467741935484,0.0,0.9,0.9,0.37346606799173476,-0.6451612903225807,-2.0,3.0,5.0,1.6681401741616617
Li3.4Ge0.4P0.6O4,-5.346787486,304,train,303.0,4,1.0528742957319466,0.4761904761904763,0.04761904761904763,0.4761904761904763,0.0,0.0,0.0,0.0,0.4047619047619048,0.0,0.0,0.0,0.0,0.0,0.0,0.0,0.0,0.0,0.0,0.0,0.0,0.0,0.0,0.0,0.0,0.0,0.0,0.0,0.0,0.0,0.0,0.0,0.0,0.0,0.0,0.0,0.0,0.0,0.0,0.0,0.04761904761904763,0.0,0.0,0.0,0.0,0.0,0.07142857142857144,0.0,0.0,0.0,0.0,0.0,0.0,0.0,0.0,0.0,0.4761904761904763,0.0,2.2869047619047618,0.98,3.44,2.46,1.1527410151775472,16.099673476190475,6.941,72.64,65.699,14.212264797082153,1.0035714285714283,0.6,1.45,0.85,0.40139531297576403,63.38095238095238,12.0,101.0,89.0,42.5832251685994,2.1666666666666665,2.0,4.0,2.0,0.4838667007833708,9.761904761904761,1.0,16.0,15.0,7.240131292579357,1.0579589637142857,0.61804922,1.461112979,0.843063759,0.405097920956699,0.4402380952380952,0.0,0.9,0.9,0.4288216861922364,-0.39682539682539686,-2.0,1.6666666666666667,3.666666666666667,1.5400097835841484
(Li2O)50(LiF)20(P2O5)30,-5.344861565,305,test,326.0,4,1.1421200429883351,0.5,0.05,0.55,0.0,0.0,0.0,0.0,0.3,0.0,0.0,0.0,0.0,0.0,0.0,0.0,0.0,0.0,0.0,0.0,0.0,0.0,0.0,0.0,0.0,0.0,0.0,0.0,0.0,0.0,0.0,0.0,0.0,0.0,0.0,0.0,0.0,0.0,0.0,0.0,0.0,0.0,0.0,0.0,0.0,0.0,0.15,0.0,0.0,0.0,0.0,0.0,0.0,0.0,0.0,0.0,0.5,0.05,2.5415,0.98,3.98,3.0,1.1212193139613675,15.677984460000001,6.941,30.973762,24.032762,7.654900641052346,0.91,0.5,1.45,0.95,0.3809855640309748,72.7,12.0,102.0,90.0,39.92004509015489,2.15,2.0,3.0,1.0,0.3570714214271425,11.4,1.0,17.0,16.0,6.822023160324216,1.1980221132,0.61804922,3.401189824,2.7831406039999997,0.6393609480583112,0.36350000000000005,0.0,0.9,0.9,0.3983249301763574,-0.5,-2.0,1.6666666666666667,3.666666666666667,1.5864005379054391
Li6PS5Br0.25I0.75,-5.32605800136591,306,train,298.0,5,1.1622254164676888,0.46153846153846156,0.019230769230769232,0.46153846153846156,0.0,0.0,0.0,0.0,0.46153846153846156,0.0,0.0,0.0,0.0,0.0,0.0,0.0,0.0,0.0,0.0,0.0,0.0,0.0,0.0,0.0,0.0,0.0,0.0,0.0,0.0,0.0,0.0,0.0,0.0,0.0,0.0,0.0,0.0,0.0,0.0,0.0,0.0,0.0,0.0,0.0,0.0,0.0,0.07692307692307693,0.0,0.0,0.0,0.0,0.38461538461538464,0.057692307692307696,0.019230769230769232,0.0,0.0,0.0,0.0,1.8234615384615385,0.98,2.96,1.98,0.7899583353555004,26.77685496153846,6.941,126.90447,119.96347,28.746880935438828,1.2336538461538462,1.0,1.45,0.44999999999999996,0.22029725413067405,56.09615384615385,12.0,98.0,86.0,40.85022343192103,2.6730769230769234,2.0,5.0,3.0,0.7775987161213742,9.076923076923077,1.0,17.0,16.0,7.488057553007974,1.3827390544423077,0.61804922,3.3635883,2.74553908,0.8508966208799661,0.7001923076923078,0.47,0.9,0.43000000000000005,0.20671878319457038,1.7628205128205128,1.0,3.0,2.0,0.7534437701599898
Li4Al0.33Si0.33P0.33O4,-5.32330639,307,train,323.64,5,1.0845690341695433,0.44493882091212456,0.03670745272525028,0.44493882091212456,0.0,0.0,0.0,0.0,0.44493882091212456,0.0,0.0,0.0,0.0,0.0,0.0,0.0,0.0,0.0,0.0,0.0,0.0,0.0,0.0,0.0,0.0,0.0,0.0,0.03670745272525028,0.0,0.0,0.0,0.0,0.0,0.0,0.0,0.0,0.03670745272525028,0.0,0.0,0.0,0.0,0.0,0.0,0.0,0.0,0.0,0.03670745272525028,0.0,0.0,0.0,0.0,0.0,0.0,0.0,0.0,0.0,0.44493882091212456,0.0,2.1758620689655173,0.98,3.44,2.46,1.1669993308265727,13.36541314771969,6.941,30.973762,24.032762,6.898662886128895,1.035094549499444,0.6,1.45,0.85,0.4033856535607791,59.63848720800891,12.0,101.0,89.0,42.937307278544495,2.1101223581757513,2.0,3.0,1.0,0.3130422086645226,9.10567296996663,1.0,16.0,15.0,7.286521381724807,1.0194001529143493,0.432835,1.461112979,1.0282779789999998,0.4229345611700646,0.465233592880979,0.0,0.9,0.9,0.42718951275270073,-0.2736373748609566,-2.0,3.0,5.0,1.6069066284716447
Li2MnCl4,-5.31966448658544,308,train,298.0,3,0.9556998911125343,0.5714285714285714,0.14285714285714285,0.5714285714285714,0.0,0.0,0.0,0.0,0.2857142857142857,0.0,0.0,0.0,0.0,0.0,0.0,0.0,0.0,0.0,0.0,0.0,0.0,0.0,0.0,0.0,0.0,0.14285714285714285,0.0,0.0,0.0,0.0,0.0,0.0,0.0,0.0,0.0,0.0,0.0,0.0,0.0,0.0,0.0,0.0,0.0,0.0,0.0,0.0,0.0,0.0,0.0,0.0,0.0,0.0,0.0,0.0,0.0,0.5714285714285714,0.0,0.0,2.307142857142857,0.98,3.16,2.18,1.0003815598590982,30.09029214285714,6.941,54.938045,47.997045,16.054482319031177,1.1857142857142857,1.0,1.45,0.44999999999999996,0.21499881347560587,68.57142857142857,12.0,99.0,87.0,38.13081671920324,2.8571428571428568,2.0,4.0,2.0,0.6388765649999399,11.0,1.0,17.0,16.0,7.171371656006362,2.1667142228571428,-0.52,3.61272528,4.13272528,1.706247001335701,0.5739285714285713,0.33499999999999996,0.9,0.5650000000000001,0.27597831547468527,2.619047619047619,1.0,4.333333333333333,3.333333333333333,1.118794297568641
Li6CoCl8,-5.310691141,309,train,408.16,3,0.8823109245150756,0.5333333333333333,0.06666666666666667,0.5333333333333333,0.0,0.0,0.0,0.0,0.4,0.0,0.0,0.0,0.0,0.0,0.0,0.0,0.0,0.0,0.0,0.0,0.0,0.0,0.0,0.0,0.0,0.0,0.0,0.0,0.0,0.0,0.0,0.0,0.0,0.0,0.0,0.06666666666666667,0.0,0.0,0.0,0.0,0.0,0.0,0.0,0.0,0.0,0.0,0.0,0.0,0.0,0.0,0.0,0.0,0.0,0.0,0.0,0.5333333333333333,0.0,0.0,2.2026666666666666,0.98,3.16,2.18,1.0458009158322419,25.613546333333336,6.941,58.933195,51.992194999999995,16.282304698374908,1.2033333333333331,1.0,1.45,0.44999999999999996,0.2186829262247563,61.86666666666666,12.0,99.0,87.0,41.597863192984114,2.666666666666667,2.0,4.0,2.0,0.5962847939999439,10.066666666666666,1.0,17.0,16.0,7.6547733836839065,2.2181568686666666,0.61804922,3.61272528,2.9946760599999998,1.490893792716582,0.5898888888888889,0.33499999999999996,0.9,0.5650000000000001,0.27429942187235135,2.166666666666667,1.0,3.0,2.0,0.960324019392529
(Li2O)50(Al2O3)4(P2O5)46,-5.300162274,310,train,386.0,4,1.0139884516892637,0.5934959349593496,0.016260162601626018,0.5934959349593496,0.0,0.0,0.0,0.0,0.2032520325203252,0.0,0.0,0.0,0.0,0.0,0.0,0.0,0.0,0.0,0.0,0.0,0.0,0.0,0.0,0.0,0.0,0.0,0.0,0.016260162601626018,0.0,0.0,0.0,0.0,0.0,0.0,0.0,0.0,0.0,0.0,0.0,0.0,0.0,0.0,0.0,0.0,0.0,0.0,0.18699186991869918,0.0,0.0,0.0,0.0,0.0,0.0,0.0,0.0,0.0,0.5934959349593496,0.0,2.6765040650406506,0.98,3.44,2.46,0.9968462331699416,17.13691709918699,6.941,30.973762,24.032762,7.698986125286882,0.858130081300813,0.6,1.45,0.85,0.34206296570916517,80.51219512195122,12.0,101.0,89.0,34.92858355043869,2.203252032520325,2.0,3.0,1.0,0.40241849335819774,12.715447154471544,1.0,16.0,15.0,5.939423646730163,1.1394321747723577,0.432835,1.461112979,1.0282779789999998,0.39196841444000724,0.2967479674796748,0.0,0.9,0.9,0.3748978092412886,-0.6233062330623307,-2.0,3.0,5.0,1.6895231387830356
(Li2O)50(Al2O5)5(P2O5)45,-5.300162274,311,train,385.0,4,1.0152871339115241,0.6,0.02,0.6,0.0,0.0,0.0,0.0,0.2,0.0,0.0,0.0,0.0,0.0,0.0,0.0,0.0,0.0,0.0,0.0,0.0,0.0,0.0,0.0,0.0,0.0,0.0,0.02,0.0,0.0,0.0,0.0,0.0,0.0,0.0,0.0,0.0,0.0,0.0,0.0,0.0,0.0,0.0,0.0,0.0,0.0,0.18,0.0,0.0,0.0,0.0,0.0,0.0,0.0,0.0,0.0,0.6,0.0,2.6864000000000003,0.98,3.44,2.46,0.995306505554947,17.102747932,6.941,30.973762,24.032762,7.613630272925752,0.855,0.6,1.45,0.85,0.3416504061171302,80.8,12.0,101.0,89.0,34.73845131838782,2.2,2.0,3.0,1.0,0.39999999999999997,12.76,1.0,16.0,15.0,5.9044390080684215,1.1433239711999998,0.432835,1.461112979,1.0282779789999998,0.39268485977706663,0.29250000000000004,0.0,0.9,0.9,0.37417409049799266,-0.6399999999999999,-2.0,3.0,5.0,1.6942254867637896
Li3.75Si0.75P0.25O4,-5.298432015,312,train,373.96,4,1.0331192203930142,0.45714285714285713,0.02857142857142857,0.45714285714285713,0.0,0.0,0.0,0.0,0.42857142857142855,0.0,0.0,0.0,0.0,0.0,0.0,0.0,0.0,0.0,0.0,0.0,0.0,0.0,0.0,0.0,0.0,0.0,0.0,0.0,0.0,0.0,0.0,0.0,0.0,0.0,0.0,0.0,0.08571428571428572,0.0,0.0,0.0,0.0,0.0,0.0,0.0,0.0,0.0,0.02857142857142857,0.0,0.0,0.0,0.0,0.0,0.0,0.0,0.0,0.0,0.45714285714285713,0.0,2.218,0.98,3.44,2.46,1.1611122746253757,13.581018914285714,6.941,30.973762,24.032762,6.94585645790994,1.0185714285714285,0.6,1.45,0.85,0.400550641400723,61.17142857142857,12.0,101.0,89.0,42.82288154332295,2.114285714285714,2.0,3.0,1.0,0.318157963590287,9.37142857142857,1.0,16.0,15.0,7.270628639693168,1.0732491118285712,0.61804922,1.461112979,0.843063759,0.41133566890592943,0.44771428571428573,0.0,0.9,0.9,0.424655058096977,-0.4380952380952381,-2.0,1.6666666666666667,3.666666666666667,1.46443862925908
Li5La3Nb2O12,-5.29413628771608,313,train,298.0,4,1.1570333357787375,0.5454545454545454,0.09090909090909091,0.5454545454545454,0.0,0.0,0.0,0.0,0.22727272727272727,0.0,0.13636363636363635,0.0,0.0,0.0,0.0,0.0,0.0,0.0,0.0,0.0,0.0,0.0,0.0,0.0,0.0,0.0,0.09090909090909091,0.0,0.0,0.0,0.0,0.0,0.0,0.0,0.0,0.0,0.0,0.0,0.0,0.0,0.0,0.0,0.0,0.0,0.0,0.0,0.0,0.0,0.0,0.0,0.0,0.0,0.0,0.0,0.0,0.0,0.5454545454545454,0.0,2.3945454545454545,0.98,3.44,2.46,1.156219259140156,37.692135,6.941,138.90547,131.96447,46.3213586056498,1.0545454545454545,0.6,1.95,1.35,0.5213420380720867,67.13636363636363,12.0,101.0,89.0,38.64558713435051,2.8181818181818183,2.0,6.0,4.0,1.526623238522424,9.818181818181817,1.0,16.0,15.0,6.853243184708997,1.0968661112727272,0.5575462,1.461112979,0.9035667789999999,0.40873677292767235,0.43890909090909086,0.0,1.172,1.172,0.4897794410001774,0.0,-2.0,5.0,7.0,2.4308621740219887
Li5.5La3Ta1.75Sm0.25O12,-5.28650945690606,314,train,298.0,5,1.1969115221268773,0.5333333333333333,0.011111111111111112,0.5333333333333333,0.0,0.0,0.0,0.0,0.24444444444444444,0.0,0.13333333333333333,0.0,0.0,0.0,0.011111111111111112,0.0,0.0,0.0,0.0,0.0,0.0,0.0,0.0,0.07777777777777778,0.0,0.0,0.0,0.0,0.0,0.0,0.0,0.0,0.0,0.0,0.0,0.0,0.0,0.0,0.0,0.0,0.0,0.0,0.0,0.0,0.0,0.0,0.0,0.0,0.0,0.0,0.0,0.0,0.0,0.0,0.0,0.0,0.5333333333333333,0.0,2.3505555555555557,0.98,3.44,2.46,1.171515979984065,44.494822222222226,6.941,180.94788,174.00688,59.48910136159836,1.0677777777777777,0.6,1.95,1.35,0.5237848960059374,65.55555555555556,12.0,101.0,89.0,39.27371501854675,2.8888888888888893,2.0,6.0,4.0,1.6629588385661962,9.6,1.0,16.0,15.0,6.918252830174843,1.0320563871333333,0.162,1.461112979,1.299112979,0.46580232112045644,0.45369999999999994,0.0,1.229,1.229,0.4943493692611419,5.551115123125783e-17,-2.0,5.0,7.0,2.3711225658371653
Li6SrLa2Ta2O12,-5.26760624017703,315,train,298.0,5,1.2510583317959272,0.5217391304347826,0.043478260869565216,0.5217391304347826,0.0,0.0,0.0,0.043478260869565216,0.2608695652173913,0.0,0.08695652173913043,0.0,0.0,0.0,0.0,0.0,0.0,0.0,0.0,0.0,0.0,0.0,0.0,0.08695652173913043,0.0,0.0,0.0,0.0,0.0,0.0,0.0,0.0,0.0,0.0,0.0,0.0,0.0,0.0,0.0,0.0,0.0,0.0,0.0,0.0,0.0,0.0,0.0,0.0,0.0,0.0,0.0,0.0,0.0,0.0,0.0,0.0,0.5217391304347826,0.0,2.3178260869565217,0.95,3.44,2.49,1.1799924705792908,41.78110869565217,6.941,180.94788,174.00688,57.089412947882586,1.0739130434782607,0.6,2.0,1.4,0.5200061799836344,63.8695652173913,12.0,101.0,89.0,40.250632560869086,2.8260869565217392,2.0,6.0,4.0,1.5784465096235956,9.391304347826088,1.0,16.0,15.0,6.982830685734351,1.0028925186086954,0.052066,1.461112979,1.409046979,0.49420984693400416,0.4653913043478261,0.0,1.32,1.32,0.49838083387762766,0.0,-2.0,5.0,7.0,2.3405684928164816
Li0.3Sr0.6Ti0.5Nb0.5O3,-5.26760624,316,train,303.0,5,1.1943367418743343,0.6122448979591837,0.061224489795918366,0.6122448979591837,0.0,0.0,0.0,0.12244897959183673,0.061224489795918366,0.0,0.0,0.0,0.0,0.0,0.0,0.0,0.0,0.0,0.0,0.0,0.0,0.0,0.0,0.0,0.10204081632653061,0.0,0.10204081632653061,0.0,0.0,0.0,0.0,0.0,0.0,0.0,0.0,0.0,0.0,0.0,0.0,0.0,0.0,0.0,0.0,0.0,0.0,0.0,0.0,0.0,0.0,0.0,0.0,0.0,0.0,0.0,0.0,0.0,0.6122448979591837,0.0,2.6028571428571428,0.95,3.44,2.49,1.0689857867366142,35.31412040816326,6.941,92.90638,85.96538,31.100397206076753,0.9918367346938775,0.6,2.0,1.4,0.5193546759844266,75.0204081632653,12.0,101.0,89.0,34.725447820928316,2.877551020408163,2.0,5.0,3.0,1.2878181685129386,11.020408163265305,1.0,16.0,15.0,6.326135603204965,1.040095776122449,0.052066,1.461112979,1.409046979,0.5791673324294929,0.38731292517006805,0.0,1.32,1.32,0.505531176643502,-5.551115123125783e-17,-2.0,5.0,7.0,2.6802375770419595
Li3.75Ge0.75V0.25O4,-5.24718356881173,317,train,298.0,4,1.0331192203930142,0.45714285714285713,0.02857142857142857,0.45714285714285713,0.0,0.0,0.0,0.0,0.42857142857142855,0.0,0.0,0.0,0.0,0.0,0.0,0.0,0.0,0.0,0.0,0.0,0.0,0.0,0.0,0.0,0.0,0.0,0.0,0.0,0.02857142857142857,0.0,0.0,0.0,0.0,0.0,0.0,0.0,0.0,0.0,0.0,0.0,0.08571428571428572,0.0,0.0,0.0,0.0,0.0,0.0,0.0,0.0,0.0,0.0,0.0,0.0,0.0,0.0,0.0,0.45714285714285713,0.0,2.2114285714285717,0.98,3.44,2.46,1.1632003705470595,17.97048285714286,6.941,72.64,65.699,18.470255121487874,1.0414285714285714,0.6,1.45,0.85,0.4087412234594182,60.057142857142864,12.0,101.0,89.0,42.50038175098657,2.228571428571429,2.0,4.0,2.0,0.636315927180574,9.085714285714287,1.0,16.0,15.0,7.240250305741917,1.0535496343714288,0.527662,1.461112979,0.933450979,0.40971949478960984,0.4739285714285714,0.0,0.9,0.9,0.43660757376549,-0.28571428571428575,-2.0,5.0,7.0,1.711108166207673
Li5La3Nb1.85Y0.15O12,-5.24336389175415,318,train,298.0,5,1.1812501051667301,0.5454545454545454,0.006818181818181818,0.5454545454545454,0.0,0.0,0.0,0.0,0.22727272727272727,0.0,0.13636363636363635,0.0,0.0,0.0,0.0,0.0,0.006818181818181818,0.0,0.0,0.0,0.0,0.0,0.0,0.0,0.0,0.0,0.08409090909090909,0.0,0.0,0.0,0.0,0.0,0.0,0.0,0.0,0.0,0.0,0.0,0.0,0.0,0.0,0.0,0.0,0.0,0.0,0.0,0.0,0.0,0.0,0.0,0.0,0.0,0.0,0.0,0.0,0.0,0.5454545454545454,0.0,2.3919545454545452,0.98,3.44,2.46,1.1584204754465814,37.6648586590909,6.941,138.90547,131.96447,46.29000490122262,1.0569318181818181,0.6,1.95,1.35,0.5239412656936788,66.94545454545454,12.0,101.0,89.0,38.78386177115808,2.8181818181818183,2.0,6.0,4.0,1.526623238522424,9.804545454545453,1.0,16.0,15.0,6.8647967110685455,1.0927335103636362,0.3112922,1.461112979,1.149820779,0.41356591675249044,0.44040909090909086,0.0,1.172,1.172,0.4912788653643865,-0.013636363636363495,-2.0,5.0,7.0,2.4082803095957863
Li1.5In0.5Ge1.5(PO4)3,-5.240332155,319,test,298.0,5,1.0807686565434764,0.6486486486486487,0.02702702702702703,0.6486486486486487,0.0,0.0,0.0,0.0,0.08108108108108109,0.0,0.0,0.0,0.0,0.0,0.0,0.0,0.0,0.0,0.0,0.0,0.0,0.0,0.0,0.0,0.0,0.0,0.0,0.0,0.0,0.0,0.0,0.0,0.02702702702702703,0.0,0.0,0.0,0.0,0.0,0.0,0.0,0.08108108108108109,0.0,0.0,0.0,0.0,0.0,0.16216216216216217,0.0,0.0,0.0,0.0,0.0,0.0,0.0,0.0,0.0,0.6486486486486487,0.0,2.8770270270270273,0.98,3.44,2.46,0.8169384669171842,24.956464108108108,6.941,114.818,107.877,22.06419898375316,0.8121621621621622,0.6,1.55,0.9500000000000001,0.31330957952535077,90.02702702702703,12.0,101.0,89.0,24.041053273781145,2.4054054054054057,2.0,5.0,3.0,0.7519150131483003,14.378378378378379,1.0,16.0,15.0,4.04268676615716,1.2292559204054054,0.383926,1.461112979,1.077186979,0.34964116825579017,0.25000000000000006,0.0,0.94,0.94,0.3523971960498321,-0.8108108108108109,-2.0,3.0,5.0,1.6577066189400707
Li0.5La0.5TiO3,-5.236572006,320,train,303.0,4,1.0888999753452238,0.6,0.1,0.6,0.0,0.0,0.0,0.0,0.1,0.0,0.1,0.0,0.0,0.0,0.0,0.0,0.0,0.0,0.0,0.0,0.0,0.0,0.0,0.0,0.2,0.0,0.0,0.0,0.0,0.0,0.0,0.0,0.0,0.0,0.0,0.0,0.0,0.0,0.0,0.0,0.0,0.0,0.0,0.0,0.0,0.0,0.0,0.0,0.0,0.0,0.0,0.0,0.0,0.0,0.0,0.0,0.6,0.0,2.58,0.98,3.44,2.46,1.0654201049351377,33.757687000000004,6.941,138.90547,131.96447,37.50396904486405,0.98,0.6,1.95,1.35,0.48795491595023405,75.3,12.0,101.0,89.0,33.0758219852508,2.8,2.0,6.0,4.0,1.3266499161421599,10.8,1.0,16.0,15.0,6.4156059729381765,1.0093363294,0.075545,1.461112979,1.385567979,0.5766944826746587,0.37753333333333333,0.0,1.172,1.172,0.4699938344749263,1.1102230246251565e-16,-2.0,4.0,6.0,2.569046515733026
LiPO3,-5.229884705,321,test,443.0,3,0.9502705392332347,0.6,0.2,0.6,0.0,0.0,0.0,0.0,0.2,0.0,0.0,0.0,0.0,0.0,0.0,0.0,0.0,0.0,0.0,0.0,0.0,0.0,0.0,0.0,0.0,0.0,0.0,0.0,0.0,0.0,0.0,0.0,0.0,0.0,0.0,0.0,0.0,0.0,0.0,0.0,0.0,0.0,0.0,0.0,0.0,0.0,0.2,0.0,0.0,0.0,0.0,0.0,0.0,0.0,0.0,0.0,0.6,0.0,2.6980000000000004,0.98,3.44,2.46,0.9860304254940615,17.182592399999997,6.941,30.973762,24.032762,7.7367487562923385,0.8499999999999999,0.6,1.45,0.85,0.33763886032268264,81.0,12.0,101.0,89.0,34.762048271067115,2.2,2.0,3.0,1.0,0.4,12.799999999999999,1.0,16.0,15.0,5.912698199637794,1.1495994534,0.61804922,1.461112979,0.843063759,0.38368447907009995,0.29000000000000004,0.0,0.9,0.9,0.37202150475476553,-0.6666666666666666,-2.0,1.6666666666666667,3.666666666666667,1.6465452046971292
Li0.04Na0.46La0.5Nb2O6,-5.22841251911874,322,train,298.0,5,0.9411890984424438,0.6666666666666666,0.0044444444444444444,0.6666666666666666,0.0,0.0,0.051111111111111114,0.0,0.0044444444444444444,0.0,0.05555555555555555,0.0,0.0,0.0,0.0,0.0,0.0,0.0,0.0,0.0,0.0,0.0,0.0,0.0,0.0,0.0,0.2222222222222222,0.0,0.0,0.0,0.0,0.0,0.0,0.0,0.0,0.0,0.0,0.0,0.0,0.0,0.0,0.0,0.0,0.0,0.0,0.0,0.0,0.0,0.0,0.0,0.0,0.0,0.0,0.0,0.0,0.0,0.6666666666666666,0.0,2.7618888888888886,0.93,3.44,2.51,0.9724309680662792,40.23498098542222,6.941,138.90547,131.96447,39.6117377396672,0.9289999999999998,0.6,1.95,1.35,0.47997465210849066,81.56,11.0,101.0,90.0,28.985854021114044,2.94,2.0,6.0,4.0,1.434015341619468,12.0,1.0,16.0,15.0,5.725188012439222,1.239670335311111,0.54792625,1.461112979,0.913186729,0.32831998386756034,0.31062222222222224,0.0,1.172,1.172,0.4490227061266322,2.220446049250313e-16,-2.0,5.0,7.0,2.9627314724385294
Li6BaLa2Nb2O12,-5.22184875,323,train,295.0,5,1.2510583317959272,0.5217391304347826,0.043478260869565216,0.5217391304347826,0.0,0.043478260869565216,0.0,0.0,0.2608695652173913,0.0,0.08695652173913043,0.0,0.0,0.0,0.0,0.0,0.0,0.0,0.0,0.0,0.0,0.0,0.0,0.0,0.0,0.0,0.08695652173913043,0.0,0.0,0.0,0.0,0.0,0.0,0.0,0.0,0.0,0.0,0.0,0.0,0.0,0.0,0.0,0.0,0.0,0.0,0.0,0.0,0.0,0.0,0.0,0.0,0.0,0.0,0.0,0.0,0.0,0.5217391304347826,0.0,2.323913043478261,0.89,3.44,2.55,1.1774059147510416,36.2865,6.941,138.90547,131.96447,45.58215593314931,1.0804347826086955,0.6,2.15,1.5499999999999998,0.5323735061913937,63.91304347826086,12.0,101.0,89.0,40.279364706658704,2.782608695652174,2.0,6.0,4.0,1.5023610907105214,9.391304347826086,1.0,16.0,15.0,6.982830685734351,1.0580949333913043,0.144626,1.461112979,1.316486979,0.44163892741319416,0.47278260869565214,0.0,1.49,1.49,0.5120729360857256,0.0,-2.0,5.0,7.0,2.3405684928164816
Li6SiO4Cl2,-5.207608311,324,train,575.0,4,1.2047933096947843,0.46153846153846156,0.07692307692307693,0.46153846153846156,0.0,0.0,0.0,0.0,0.46153846153846156,0.0,0.0,0.0,0.0,0.0,0.0,0.0,0.0,0.0,0.0,0.0,0.0,0.0,0.0,0.0,0.0,0.0,0.0,0.0,0.0,0.0,0.0,0.0,0.0,0.0,0.0,0.0,0.07692307692307693,0.0,0.0,0.0,0.0,0.0,0.0,0.0,0.0,0.0,0.0,0.0,0.0,0.0,0.0,0.0,0.0,0.0,0.0,0.15384615384615385,0.3076923076923077,0.0,2.143076923076923,0.98,3.44,2.46,1.1425974768407465,15.74116153846154,6.941,35.453,28.512000000000004,10.356787629936113,1.0923076923076922,0.6,1.45,0.85,0.3673429302468837,58.384615384615394,12.0,101.0,89.0,43.12867770099945,2.230769230769231,2.0,3.0,1.0,0.4213250442347432,9.076923076923077,1.0,17.0,16.0,7.508574979638418,1.397516852,0.61804922,3.61272528,2.9946760599999998,1.018141492873083,0.5084615384615385,0.0,0.9,0.9,0.3937120414689309,0.3076923076923077,-2.0,3.0,5.0,1.7269187938956654
(Li0.5La0.5TiO3)94(SiO2)6,-5.200659451,325,train,288.0,5,1.1273920605517813,0.6024590163934427,0.012295081967213116,0.6024590163934427,0.0,0.0,0.0,0.0,0.09631147540983608,0.0,0.09631147540983608,0.0,0.0,0.0,0.0,0.0,0.0,0.0,0.0,0.0,0.0,0.0,0.0,0.0,0.19262295081967215,0.0,0.0,0.0,0.0,0.0,0.0,0.0,0.0,0.0,0.0,0.0,0.012295081967213116,0.0,0.0,0.0,0.0,0.0,0.0,0.0,0.0,0.0,0.0,0.0,0.0,0.0,0.0,0.0,0.0,0.0,0.0,0.0,0.6024590163934427,0.0,2.5927868852459017,0.98,3.44,2.46,1.056863021581028,33.251267807377054,6.941,138.90547,131.96447,36.91287890223285,0.9721311475409837,0.6,1.95,1.35,0.48268371939009597,76.05122950819674,12.0,101.0,89.0,32.71836224502239,2.782786885245902,2.0,6.0,4.0,1.308057790806774,10.967213114754099,1.0,16.0,15.0,6.356466213634263,1.0251199964057376,0.075545,1.461112979,1.385567979,0.5717134586844771,0.37024726775956285,0.0,1.172,1.172,0.46532008918358253,-0.0491803278688524,-2.0,4.0,6.0,2.5401770269289496
Li6SrLa2Sb2O12,-5.20065945054642,326,train,298.0,5,1.2510583317959272,0.5217391304347826,0.043478260869565216,0.5217391304347826,0.0,0.0,0.0,0.043478260869565216,0.2608695652173913,0.0,0.08695652173913043,0.0,0.0,0.0,0.0,0.0,0.0,0.0,0.0,0.0,0.0,0.0,0.0,0.0,0.0,0.0,0.0,0.0,0.0,0.0,0.0,0.0,0.0,0.0,0.0,0.0,0.0,0.0,0.0,0.0,0.0,0.0,0.0,0.08695652173913043,0.0,0.0,0.0,0.0,0.0,0.0,0.0,0.0,0.0,0.0,0.0,0.0,0.5217391304347826,0.0,2.3656521739130434,0.95,3.44,2.49,1.1567940182919965,36.63433652173912,6.941,138.90547,131.96447,45.87830651381464,1.0739130434782607,0.6,2.0,1.4,0.5200061799836344,67.0,12.0,101.0,89.0,40.60413343705186,2.739130434782609,2.0,6.0,4.0,1.4208812729015818,10.260869565217392,1.0,16.0,15.0,7.00445442932938,1.0653744281739128,0.052066,1.461112979,1.409046979,0.4483363509482146,0.4662608695652174,0.0,1.32,1.32,0.49900712004951736,-0.2898550724637681,-2.0,3.0,5.0,1.8606121994584974
Li4.25Si0.75Al0.25O4,-5.195860568,327,train,397.96,4,1.0211372837037784,0.4594594594594595,0.02702702702702703,0.43243243243243246,0.0,0.0,0.0,0.0,0.4594594594594595,0.0,0.0,0.0,0.0,0.0,0.0,0.0,0.0,0.0,0.0,0.0,0.0,0.0,0.0,0.0,0.0,0.0,0.0,0.02702702702702703,0.0,0.0,0.0,0.0,0.0,0.0,0.0,0.0,0.08108108108108109,0.0,0.0,0.0,0.0,0.0,0.0,0.0,0.0,0.0,0.0,0.0,0.0,0.0,0.0,0.0,0.0,0.0,0.0,0.0,0.43243243243243246,0.0,2.1354054054054057,0.98,3.44,2.46,1.1667478353620944,13.114201043243243,6.941,28.0855,21.1445,6.669323450507311,1.0486486486486486,0.6,1.45,0.85,0.4029429720374709,58.24324324324325,12.0,101.0,89.0,42.940817478217504,2.1081081081081083,2.0,3.0,1.0,0.31051689981286645,8.864864864864865,1.0,16.0,15.0,7.282567716767629,1.0401633309189189,0.432835,1.461112979,1.0282779789999998,0.42232444987606044,0.47554054054054057,0.0,0.9,0.9,0.4265920637998381,-0.32432432432432434,-2.0,3.0,5.0,1.5255314369373065
Li2Ca(NH)2,-5.193820026,328,train,298.0,4,1.351783994289646,0.28571428571428575,0.14285714285714288,0.28571428571428575,0.0,0.0,0.0,0.0,0.28571428571428575,0.14285714285714288,0.0,0.0,0.0,0.0,0.0,0.0,0.0,0.0,0.0,0.0,0.0,0.0,0.0,0.0,0.0,0.0,0.0,0.0,0.0,0.0,0.0,0.0,0.0,0.0,0.0,0.0,0.0,0.0,0.0,0.0,0.0,0.0,0.0,0.0,0.0,0.0,0.0,0.28571428571428575,0.0,0.0,0.0,0.0,0.0,0.0,0.28571428571428575,0.0,0.0,0.0,1.92,0.98,3.04,2.06,0.8684304396849689,11.998468571428573,1.00794,40.078,39.070060000000005,12.474347881325361,0.9285714285714284,0.25,1.8,1.55,0.583007683640339,63.71428571428571,12.0,103.0,91.0,43.66336903994431,2.0,1.0,4.0,3.0,0.9258200997725514,5.142857142857143,1.0,15.0,14.0,6.243363823832045,0.375577117142857,-0.07,0.75419519,0.82419519,0.3634332324365809,0.5014285714285713,0.0,1.14,1.14,0.4345828400868575,1.0476190476190477,0.0,2.0,2.0,0.7438333024673004
Li6Sr0.5Ba0.5La2Ta2O12,-5.189767482,329,train,306.0,6,1.2811951657333163,0.5217391304347826,0.021739130434782608,0.5217391304347826,0.0,0.021739130434782608,0.0,0.021739130434782608,0.2608695652173913,0.0,0.08695652173913043,0.0,0.0,0.0,0.0,0.0,0.0,0.0,0.0,0.0,0.0,0.0,0.0,0.08695652173913043,0.0,0.0,0.0,0.0,0.0,0.0,0.0,0.0,0.0,0.0,0.0,0.0,0.0,0.0,0.0,0.0,0.0,0.0,0.0,0.0,0.0,0.0,0.0,0.0,0.0,0.0,0.0,0.0,0.0,0.0,0.0,0.0,0.5217391304347826,0.0,2.316521739130435,0.89,3.44,2.55,1.181535878480254,42.861695652173914,6.941,180.94788,174.00688,58.40215710486109,1.077173913043478,0.6,2.15,1.5499999999999998,0.5262362795628656,63.847826086956516,12.0,101.0,89.0,40.27728208054562,2.847826086956522,2.0,6.0,4.0,1.6147067482356454,9.391304347826086,1.0,16.0,15.0,6.982830685734351,1.004904692521739,0.052066,1.461112979,1.409046979,0.4905090357444173,0.46908695652173915,0.0,1.49,1.49,0.5052867815102609,5.551115123125783e-17,-2.0,5.0,7.0,2.3405684928164816
Li5La3Ta2O12,-5.17979854051436,330,train,298.0,4,1.1570333357787375,0.5454545454545454,0.09090909090909091,0.5454545454545454,0.0,0.0,0.0,0.0,0.22727272727272727,0.0,0.13636363636363635,0.0,0.0,0.0,0.0,0.0,0.0,0.0,0.0,0.0,0.0,0.0,0.0,0.09090909090909091,0.0,0.0,0.0,0.0,0.0,0.0,0.0,0.0,0.0,0.0,0.0,0.0,0.0,0.0,0.0,0.0,0.0,0.0,0.0,0.0,0.0,0.0,0.0,0.0,0.0,0.0,0.0,0.0,0.0,0.0,0.0,0.0,0.5454545454545454,0.0,2.3854545454545453,0.98,3.44,2.46,1.1628051008141211,45.695907727272726,6.941,180.94788,174.00688,60.58148709257196,1.0545454545454545,0.6,1.95,1.35,0.5213420380720866,67.04545454545455,12.0,101.0,89.0,38.679895262534785,2.9090909090909087,2.0,6.0,4.0,1.6762808104168887,9.818181818181818,1.0,16.0,15.0,6.853243184708997,1.0433617685454544,0.32885923,1.461112979,1.132253749,0.4635693907499046,0.43890909090909086,0.0,1.172,1.172,0.4897794410001774,1.1102230246251565e-16,-2.0,5.0,7.0,2.4308621740219887
LiAlSi2O6,-5.175874166,331,test,447.0,4,1.0888999753452238,0.6,0.1,0.6,0.0,0.0,0.0,0.0,0.1,0.0,0.0,0.0,0.0,0.0,0.0,0.0,0.0,0.0,0.0,0.0,0.0,0.0,0.0,0.0,0.0,0.0,0.0,0.1,0.0,0.0,0.0,0.0,0.0,0.0,0.0,0.0,0.2,0.0,0.0,0.0,0.0,0.0,0.0,0.0,0.0,0.0,0.0,0.0,0.0,0.0,0.0,0.0,0.0,0.0,0.0,0.0,0.6,0.0,2.703,0.98,3.44,2.46,0.9333814868530445,18.608993859999998,6.941,28.0855,21.1445,6.532302841021021,0.8500000000000001,0.6,1.45,0.85,0.31937438845342625,86.8,12.0,101.0,89.0,26.187019685332658,2.3,2.0,3.0,1.0,0.45825756949558405,13.8,1.0,16.0,15.0,4.4,1.2596604654,0.432835,1.461112979,1.0282779789999998,0.37047694856891783,0.26550000000000007,0.0,0.9,0.9,0.33821923363404394,-0.7999999999999999,-2.0,3.0,5.0,1.661324772583615
La0.63Li0.11(Mg0.5W0.5)O3,-5.16749108729376,332,train,298.0,5,1.119579940464858,0.6329113924050633,0.023206751054852322,0.6329113924050633,0.0,0.0,0.0,0.0,0.023206751054852322,0.0,0.1329113924050633,0.0,0.0,0.0,0.0,0.0,0.0,0.0,0.0,0.0,0.10548523206751055,0.0,0.0,0.0,0.0,0.0,0.0,0.0,0.0,0.0,0.0,0.0,0.0,0.0,0.0,0.0,0.0,0.0,0.0,0.0,0.0,0.0,0.0,0.0,0.0,0.0,0.0,0.0,0.0,0.10548523206751055,0.0,0.0,0.0,0.0,0.0,0.0,0.6329113924050633,0.0,2.733291139240506,0.98,3.44,2.46,0.9850807607051111,50.70562364978903,6.941,183.84,176.899,61.51401199417353,0.9732067510548524,0.6,1.95,1.35,0.5142889190669953,82.09071729957806,12.0,101.0,89.0,27.326711370704707,3.0590717299578056,2.0,6.0,4.0,1.6727816039258896,11.39240506329114,1.0,16.0,15.0,6.138179037385229,1.055027187172996,-0.42,1.461112979,1.8811129789999999,0.6141679077603892,0.3482475386779184,0.0,1.172,1.172,0.46915331727982473,-0.10548523206751059,-2.0,5.0,7.0,2.6074891079531177
Li2VCl4,-5.15801519540989,333,train,298.0,3,0.9556998911125343,0.5714285714285714,0.14285714285714285,0.5714285714285714,0.0,0.0,0.0,0.0,0.2857142857142857,0.0,0.0,0.0,0.0,0.0,0.0,0.0,0.0,0.0,0.0,0.0,0.0,0.0,0.0,0.0,0.0,0.0,0.0,0.0,0.14285714285714285,0.0,0.0,0.0,0.0,0.0,0.0,0.0,0.0,0.0,0.0,0.0,0.0,0.0,0.0,0.0,0.0,0.0,0.0,0.0,0.0,0.0,0.0,0.0,0.0,0.0,0.0,0.5714285714285714,0.0,0.0,2.318571428571428,0.98,3.16,2.18,0.992089117129369,29.51935714285714,6.941,50.9415,44.000499999999995,15.209513457781908,1.1785714285714286,1.0,1.45,0.44999999999999996,0.2084931359903775,67.71428571428571,12.0,99.0,87.0,38.38047973240819,2.8571428571428568,2.0,4.0,2.0,0.6388765649999399,10.714285714285714,1.0,17.0,16.0,7.362342129557215,2.3163802228571426,0.527662,3.61272528,3.08506328,1.4971502119516253,0.5596428571428571,0.33499999999999996,0.9,0.5650000000000001,0.26213555848150055,2.7142857142857144,1.0,5.0,4.0,1.2777531299998799
Li6SrLa2Ta2O12,-5.15490196,334,train,295.0,5,1.2510583317959272,0.5217391304347826,0.043478260869565216,0.5217391304347826,0.0,0.0,0.0,0.043478260869565216,0.2608695652173913,0.0,0.08695652173913043,0.0,0.0,0.0,0.0,0.0,0.0,0.0,0.0,0.0,0.0,0.0,0.0,0.08695652173913043,0.0,0.0,0.0,0.0,0.0,0.0,0.0,0.0,0.0,0.0,0.0,0.0,0.0,0.0,0.0,0.0,0.0,0.0,0.0,0.0,0.0,0.0,0.0,0.0,0.0,0.0,0.0,0.0,0.0,0.0,0.0,0.0,0.5217391304347826,0.0,2.3178260869565217,0.95,3.44,2.49,1.1799924705792908,41.78110869565217,6.941,180.94788,174.00688,57.089412947882586,1.0739130434782607,0.6,2.0,1.4,0.5200061799836344,63.8695652173913,12.0,101.0,89.0,40.250632560869086,2.8260869565217392,2.0,6.0,4.0,1.5784465096235956,9.391304347826088,1.0,16.0,15.0,6.982830685734351,1.0028925186086954,0.052066,1.461112979,1.409046979,0.49420984693400416,0.4653913043478261,0.0,1.32,1.32,0.49838083387762766,0.0,-2.0,5.0,7.0,2.3405684928164816
LiGaBr4,-5.15490195998574,335,train,298.0,3,0.8675632284814612,0.6666666666666666,0.16666666666666666,0.6666666666666666,0.0,0.0,0.0,0.0,0.16666666666666666,0.0,0.0,0.0,0.0,0.0,0.0,0.0,0.0,0.0,0.0,0.0,0.0,0.0,0.0,0.0,0.0,0.0,0.0,0.0,0.0,0.0,0.0,0.0,0.0,0.16666666666666666,0.0,0.0,0.0,0.0,0.0,0.0,0.0,0.0,0.0,0.0,0.0,0.0,0.0,0.0,0.0,0.0,0.0,0.0,0.0,0.6666666666666666,0.0,0.0,0.0,0.0,2.438333333333334,0.98,2.96,1.98,0.775680704643061,66.04666666666668,6.941,79.904,72.963,26.693001602584065,1.225,1.15,1.45,0.30000000000000004,0.11456439237389604,80.83333333333334,12.0,98.0,86.0,31.402848419990327,3.666666666666667,2.0,4.0,2.0,0.7453559924999299,13.666666666666666,1.0,17.0,16.0,5.849976258261416,2.395594761666667,0.30116615,3.3635883,3.0624221499999997,1.3720025099033986,0.6566666666666667,0.57,0.9,0.33000000000000007,0.1290564045507063,2.0000000000000004,1.0,3.0,2.0,0.5773502691896258
Li4.8Al0.8Si0.2S4,-5.150580586,336,train,359.7,4,0.9993077502757272,0.48979591836734687,0.02040816326530612,0.4081632653061224,0.0,0.0,0.0,0.0,0.48979591836734687,0.0,0.0,0.0,0.0,0.0,0.0,0.0,0.0,0.0,0.0,0.0,0.0,0.0,0.0,0.0,0.0,0.0,0.0,0.08163265306122448,0.0,0.0,0.0,0.0,0.0,0.0,0.0,0.0,0.02040816326530612,0.0,0.0,0.0,0.0,0.0,0.0,0.0,0.0,0.0,0.0,0.0,0.0,0.0,0.0,0.4081632653061224,0.0,0.0,0.0,0.0,0.0,0.0,1.703265306122449,0.98,2.58,1.6,0.7559488908193652,19.26317662040816,6.941,32.065,25.124,12.153713091152234,1.2428571428571427,1.0,1.45,0.44999999999999996,0.2133312074724011,52.51020408163265,12.0,94.0,82.0,39.870260232142435,2.5102040816326525,2.0,3.0,1.0,0.499895865874118,8.36734693877551,1.0,16.0,15.0,7.2638154856965995,1.2142066889795917,0.432835,2.07710426,1.64426926,0.7269510819283344,0.6987755102040816,0.47,0.9,0.43000000000000005,0.20434197679841154,1.7551020408163263,0.0,3.0,3.0,0.8337427843189997
Li6Ba0.5Sr0.5La2Ta2O12,-5.14874165128092,337,test,298.0,6,1.2811951657333163,0.5217391304347826,0.021739130434782608,0.5217391304347826,0.0,0.021739130434782608,0.0,0.021739130434782608,0.2608695652173913,0.0,0.08695652173913043,0.0,0.0,0.0,0.0,0.0,0.0,0.0,0.0,0.0,0.0,0.0,0.0,0.08695652173913043,0.0,0.0,0.0,0.0,0.0,0.0,0.0,0.0,0.0,0.0,0.0,0.0,0.0,0.0,0.0,0.0,0.0,0.0,0.0,0.0,0.0,0.0,0.0,0.0,0.0,0.0,0.0,0.0,0.0,0.0,0.0,0.0,0.5217391304347826,0.0,2.316521739130435,0.89,3.44,2.55,1.181535878480254,42.861695652173914,6.941,180.94788,174.00688,58.40215710486109,1.077173913043478,0.6,2.15,1.5499999999999998,0.5262362795628656,63.847826086956516,12.0,101.0,89.0,40.27728208054562,2.847826086956522,2.0,6.0,4.0,1.6147067482356454,9.391304347826086,1.0,16.0,15.0,6.982830685734351,1.004904692521739,0.052066,1.461112979,1.409046979,0.4905090357444173,0.46908695652173915,0.0,1.49,1.49,0.5052867815102609,5.551115123125783e-17,-2.0,5.0,7.0,2.3405684928164816
Li5.3La3Ta1.85Sm0.15O12,-5.14813039927023,338,train,298.0,5,1.1849863086453472,0.5381165919282511,0.0067264573991031385,0.5381165919282511,0.0,0.0,0.0,0.0,0.23766816143497757,0.0,0.13452914798206278,0.0,0.0,0.0,0.0067264573991031385,0.0,0.0,0.0,0.0,0.0,0.0,0.0,0.0,0.08295964125560538,0.0,0.0,0.0,0.0,0.0,0.0,0.0,0.0,0.0,0.0,0.0,0.0,0.0,0.0,0.0,0.0,0.0,0.0,0.0,0.0,0.0,0.0,0.0,0.0,0.0,0.0,0.0,0.0,0.0,0.0,0.0,0.0,0.5381165919282511,0.0,2.36432735426009,0.98,3.44,2.46,1.16821080109663,44.9687931838565,6.941,180.94788,174.00688,59.92543165468212,1.0625560538116592,0.6,1.95,1.35,0.5228622633251895,66.14349775784753,12.0,101.0,89.0,39.04725250991246,2.896860986547085,2.0,6.0,4.0,1.6682578688554506,9.686098654708521,1.0,16.0,15.0,6.8934969374143975,1.0365177035650224,0.162,1.461112979,1.299112979,0.4649552818153626,0.4478632286995516,0.0,1.229,1.229,0.49260410489922485,0.0,-2.0,5.0,7.0,2.394874946415493
Sm0.25Li0.25TaO3,-5.13667714,339,train,398.0,4,0.9257019111219666,0.6666666666666666,0.05555555555555555,0.6666666666666666,0.0,0.0,0.0,0.0,0.05555555555555555,0.0,0.0,0.0,0.0,0.0,0.05555555555555555,0.0,0.0,0.0,0.0,0.0,0.0,0.0,0.0,0.2222222222222222,0.0,0.0,0.0,0.0,0.0,0.0,0.0,0.0,0.0,0.0,0.0,0.0,0.0,0.0,0.0,0.0,0.0,0.0,0.0,0.0,0.0,0.0,0.0,0.0,0.0,0.0,0.0,0.0,0.0,0.0,0.0,0.0,0.6666666666666666,0.0,2.746111111111111,0.98,3.44,2.46,0.9886081062050427,59.615851111111105,6.941,180.94788,174.00688,71.77268248693176,0.9055555555555554,0.6,1.85,1.25,0.4406084457532967,81.11111111111111,12.0,101.0,89.0,29.56516134628896,3.1111111111111107,2.0,6.0,4.0,1.7916128329552332,11.999999999999998,1.0,16.0,15.0,5.725188012439223,1.090491216,0.162,1.461112979,1.299112979,0.5298823978895683,0.3005,0.0,1.229,1.229,0.4336304430169901,2.220446049250313e-16,-2.0,5.0,7.0,2.9627314724385294
Li2ZrS3,-5.13667714,340,test,303.0,3,1.0114042647073516,0.5,0.16666666666666666,0.5,0.0,0.0,0.0,0.0,0.3333333333333333,0.0,0.0,0.0,0.0,0.0,0.0,0.0,0.0,0.0,0.0,0.0,0.0,0.16666666666666666,0.0,0.0,0.0,0.0,0.0,0.0,0.0,0.0,0.0,0.0,0.0,0.0,0.0,0.0,0.0,0.0,0.0,0.0,0.0,0.0,0.0,0.0,0.0,0.0,0.0,0.0,0.0,0.0,0.0,0.5,0.0,0.0,0.0,0.0,0.0,0.0,1.8383333333333336,0.98,2.58,1.6,0.7507866245182819,33.55016666666668,6.941,91.224,84.283,28.13356154972602,1.241666666666667,1.0,1.55,0.55,0.24395468613840746,59.16666666666667,12.0,94.0,82.0,36.95229657575051,3.0000000000000004,2.0,5.0,3.0,1.0,9.000000000000002,1.0,16.0,15.0,7.0710678118654755,1.3167833700000002,0.433289,2.07710426,1.64381526,0.7628111052640882,0.6783333333333333,0.47,0.9,0.43000000000000005,0.20875956398583412,2.2500000000000004,1.0,4.0,3.0,1.0307764064044151
Li0.10La0.66Ti0.90Al0.10O3,-5.13430394,341,train,300.0,5,1.0421268299452664,0.6302521008403361,0.02100840336134454,0.6302521008403361,0.0,0.0,0.0,0.0,0.02100840336134454,0.0,0.13865546218487396,0.0,0.0,0.0,0.0,0.0,0.0,0.0,0.0,0.0,0.0,0.0,0.0,0.0,0.18907563025210086,0.0,0.0,0.02100840336134454,0.0,0.0,0.0,0.0,0.0,0.0,0.0,0.0,0.0,0.0,0.0,0.0,0.0,0.0,0.0,0.0,0.0,0.0,0.0,0.0,0.0,0.0,0.0,0.0,0.0,0.0,0.0,0.0,0.6302521008403361,0.0,2.666176470588235,0.98,3.44,2.46,1.0200350558077005,39.10679917226891,6.941,138.90547,131.96447,41.91462926148823,0.9699579831932772,0.6,1.95,1.35,0.5107775403378457,79.80672268907563,12.0,101.0,89.0,28.98877711292649,2.953781512605042,2.0,6.0,4.0,1.4443334606456257,11.550420168067227,1.0,16.0,15.0,5.981376895946113,1.0345374686974789,0.075545,1.461112979,1.385567979,0.5756462156416906,0.35662184873949576,0.0,1.172,1.172,0.47645348590236475,-0.004201680672268782,-2.0,4.0,6.0,2.646541899640321
Li5.25Ba0.25La2.75Ta2O12,-5.13018179202067,342,test,298.0,5,1.1991419871479667,0.5393258426966292,0.011235955056179775,0.5393258426966292,0.0,0.011235955056179775,0.0,0.0,0.23595505617977527,0.0,0.12359550561797752,0.0,0.0,0.0,0.0,0.0,0.0,0.0,0.0,0.0,0.0,0.0,0.0,0.0898876404494382,0.0,0.0,0.0,0.0,0.0,0.0,0.0,0.0,0.0,0.0,0.0,0.0,0.0,0.0,0.0,0.0,0.0,0.0,0.0,0.0,0.0,0.0,0.0,0.0,0.0,0.0,0.0,0.0,0.0,0.0,0.0,0.0,0.5393258426966292,0.0,2.3673033707865168,0.89,3.44,2.55,1.1684819346321411,45.24272370786517,6.941,180.94788,174.00688,60.351233931448654,1.0612359550561796,0.6,2.15,1.5499999999999998,0.5243376136510296,66.21348314606742,12.0,101.0,89.0,39.131432783478786,2.898876404494382,2.0,6.0,4.0,1.6695888198657716,9.707865168539325,1.0,16.0,15.0,6.88950063778212,1.0339434230561797,0.144626,1.461112979,1.316486979,0.4699462586641536,0.44766292134831465,0.0,1.49,1.49,0.49585855503631443,0.0,-2.0,5.0,7.0,2.407852322919486
(Li2O)50(Al2O3)2(P2O5)48,-5.100015437,343,train,403.0,4,0.9876524974827443,0.5967741935483871,0.008064516129032258,0.5967741935483871,0.0,0.0,0.0,0.0,0.20161290322580644,0.0,0.0,0.0,0.0,0.0,0.0,0.0,0.0,0.0,0.0,0.0,0.0,0.0,0.0,0.0,0.0,0.0,0.0,0.008064516129032258,0.0,0.0,0.0,0.0,0.0,0.0,0.0,0.0,0.0,0.0,0.0,0.0,0.0,0.0,0.0,0.0,0.0,0.0,0.1935483870967742,0.0,0.0,0.0,0.0,0.0,0.0,0.0,0.0,0.0,0.5967741935483871,0.0,2.687338709677419,0.98,3.44,2.46,0.9914677201575773,17.159938924193547,6.941,30.973762,24.032762,7.7180765894687,0.8540322580645161,0.6,1.45,0.85,0.33986458250792806,80.75806451612902,12.0,101.0,89.0,34.84559743740996,2.2016129032258065,2.0,3.0,1.0,0.4012046117365403,12.758064516129032,1.0,16.0,15.0,5.926119014707925,1.1445568111774194,0.432835,1.461112979,1.0282779789999998,0.3878484772436976,0.2933467741935484,0.0,0.9,0.9,0.37346606799173476,-0.6451612903225807,-2.0,3.0,5.0,1.6681401741616617
Li5La3Nb2O12,-5.096910013,344,train,288.0,4,1.1570333357787375,0.5454545454545454,0.09090909090909091,0.5454545454545454,0.0,0.0,0.0,0.0,0.22727272727272727,0.0,0.13636363636363635,0.0,0.0,0.0,0.0,0.0,0.0,0.0,0.0,0.0,0.0,0.0,0.0,0.0,0.0,0.0,0.09090909090909091,0.0,0.0,0.0,0.0,0.0,0.0,0.0,0.0,0.0,0.0,0.0,0.0,0.0,0.0,0.0,0.0,0.0,0.0,0.0,0.0,0.0,0.0,0.0,0.0,0.0,0.0,0.0,0.0,0.0,0.5454545454545454,0.0,2.3945454545454545,0.98,3.44,2.46,1.156219259140156,37.692135,6.941,138.90547,131.96447,46.3213586056498,1.0545454545454545,0.6,1.95,1.35,0.5213420380720867,67.13636363636363,12.0,101.0,89.0,38.64558713435051,2.8181818181818183,2.0,6.0,4.0,1.526623238522424,9.818181818181817,1.0,16.0,15.0,6.853243184708997,1.0968661112727272,0.5575462,1.461112979,0.9035667789999999,0.40873677292767235,0.43890909090909086,0.0,1.172,1.172,0.4897794410001774,0.0,-2.0,5.0,7.0,2.4308621740219887
Li6Sr0.5Ba0.5La2Ta2O12,-5.092588639,345,train,293.0,6,1.2811951657333163,0.5217391304347826,0.021739130434782608,0.5217391304347826,0.0,0.021739130434782608,0.0,0.021739130434782608,0.2608695652173913,0.0,0.08695652173913043,0.0,0.0,0.0,0.0,0.0,0.0,0.0,0.0,0.0,0.0,0.0,0.0,0.08695652173913043,0.0,0.0,0.0,0.0,0.0,0.0,0.0,0.0,0.0,0.0,0.0,0.0,0.0,0.0,0.0,0.0,0.0,0.0,0.0,0.0,0.0,0.0,0.0,0.0,0.0,0.0,0.0,0.0,0.0,0.0,0.0,0.0,0.5217391304347826,0.0,2.316521739130435,0.89,3.44,2.55,1.181535878480254,42.861695652173914,6.941,180.94788,174.00688,58.40215710486109,1.077173913043478,0.6,2.15,1.5499999999999998,0.5262362795628656,63.847826086956516,12.0,101.0,89.0,40.27728208054562,2.847826086956522,2.0,6.0,4.0,1.6147067482356454,9.391304347826086,1.0,16.0,15.0,6.982830685734351,1.004904692521739,0.052066,1.461112979,1.409046979,0.4905090357444173,0.46908695652173915,0.0,1.49,1.49,0.5052867815102609,5.551115123125783e-17,-2.0,5.0,7.0,2.3405684928164816
Li0.8La0.066Zr2(PO4)3,-5.086338509,346,train,298.0,5,0.9718336672224561,0.6716668532407926,0.0036941676928243595,0.6716668532407926,0.0,0.0,0.0,0.0,0.04477779021605284,0.0,0.0036941676928243595,0.0,0.0,0.0,0.0,0.0,0.0,0.0,0.0,0.0,0.0,0.1119444755401321,0.0,0.0,0.0,0.0,0.0,0.0,0.0,0.0,0.0,0.0,0.0,0.0,0.0,0.0,0.0,0.0,0.0,0.0,0.0,0.0,0.0,0.0,0.0,0.0,0.16791671331019814,0.0,0.0,0.0,0.0,0.0,0.0,0.0,0.0,0.0,0.6716668532407926,0.0,2.875103548639875,0.98,3.44,2.46,0.8560694616854632,26.983244543826267,6.941,138.90547,131.96447,24.69716723089003,0.8165621851561627,0.6,1.95,1.35,0.3465284365189378,89.0953766931602,12.0,101.0,89.0,23.517279515417428,2.5185268107018923,2.0,6.0,4.0,0.9826767641701422,13.769058546960709,1.0,16.0,15.0,4.691496409771552,1.184988162050823,0.433289,1.461112979,1.0278239789999999,0.403214563591039,0.23325601701556034,0.0,1.172,1.172,0.34716686207504965,-0.5598343221762007,-2.0,4.0,6.0,2.169982757424773
Li2InTi(PO4)3,-5.080921908,347,train,298.0,5,1.1285962936622183,0.631578947368421,0.05263157894736842,0.631578947368421,0.0,0.0,0.0,0.0,0.10526315789473684,0.0,0.0,0.0,0.0,0.0,0.0,0.0,0.0,0.0,0.0,0.0,0.0,0.0,0.0,0.0,0.05263157894736842,0.0,0.0,0.0,0.0,0.0,0.0,0.0,0.05263157894736842,0.0,0.0,0.0,0.0,0.0,0.0,0.0,0.0,0.0,0.0,0.0,0.0,0.0,0.15789473684210525,0.0,0.0,0.0,0.0,0.0,0.0,0.0,0.0,0.0,0.631578947368421,0.0,2.796315789473684,0.98,3.44,2.46,0.89689646487098,24.288478210526314,6.941,114.818,107.877,23.2967084581954,0.844736842105263,0.6,1.55,0.9500000000000001,0.3501483658627347,86.10526315789473,12.0,101.0,89.0,28.0730152072321,2.421052631578947,2.0,5.0,3.0,0.815364914991035,13.473684210526315,1.0,16.0,15.0,5.050986574320032,1.1299343430526312,0.075545,1.461112979,1.385567979,0.45591344185586635,0.2758771929824561,0.0,0.94,0.94,0.37629634350443897,-0.5263157894736843,-2.0,4.0,6.0,2.0270561418054984
Li4SiO4,-5.077793723,348,train,501.21,3,0.9649629230074277,0.4444444444444444,0.1111111111111111,0.4444444444444444,0.0,0.0,0.0,0.0,0.4444444444444444,0.0,0.0,0.0,0.0,0.0,0.0,0.0,0.0,0.0,0.0,0.0,0.0,0.0,0.0,0.0,0.0,0.0,0.0,0.0,0.0,0.0,0.0,0.0,0.0,0.0,0.0,0.0,0.1111111111111111,0.0,0.0,0.0,0.0,0.0,0.0,0.0,0.0,0.0,0.0,0.0,0.0,0.0,0.0,0.0,0.0,0.0,0.0,0.0,0.4444444444444444,0.0,2.1755555555555555,0.98,3.44,2.46,1.163740245082506,13.316344444444443,6.941,28.0855,21.1445,6.745394901727171,1.0333333333333332,0.6,1.45,0.85,0.4013864859597432,59.666666666666664,12.0,101.0,89.0,42.90040144852312,2.111111111111111,2.0,3.0,1.0,0.3142696805273545,9.11111111111111,1.0,16.0,15.0,7.279261935181866,1.0784633417777776,0.61804922,1.461112979,0.843063759,0.412359696614209,0.45999999999999996,0.0,0.9,0.9,0.425205832509386,-0.4444444444444444,-2.0,1.0,3.0,1.4229164972072998
Li5La3Ta2O12,-5.076238039,349,train,323.0,4,1.1570333357787375,0.5454545454545454,0.09090909090909091,0.5454545454545454,0.0,0.0,0.0,0.0,0.22727272727272727,0.0,0.13636363636363635,0.0,0.0,0.0,0.0,0.0,0.0,0.0,0.0,0.0,0.0,0.0,0.0,0.09090909090909091,0.0,0.0,0.0,0.0,0.0,0.0,0.0,0.0,0.0,0.0,0.0,0.0,0.0,0.0,0.0,0.0,0.0,0.0,0.0,0.0,0.0,0.0,0.0,0.0,0.0,0.0,0.0,0.0,0.0,0.0,0.0,0.0,0.5454545454545454,0.0,2.3854545454545453,0.98,3.44,2.46,1.1628051008141211,45.695907727272726,6.941,180.94788,174.00688,60.58148709257196,1.0545454545454545,0.6,1.95,1.35,0.5213420380720866,67.04545454545455,12.0,101.0,89.0,38.679895262534785,2.9090909090909087,2.0,6.0,4.0,1.6762808104168887,9.818181818181818,1.0,16.0,15.0,6.853243184708997,1.0433617685454544,0.32885923,1.461112979,1.132253749,0.4635693907499046,0.43890909090909086,0.0,1.172,1.172,0.4897794410001774,1.1102230246251565e-16,-2.0,5.0,7.0,2.4308621740219887
Li3Na5(TiS4)2,-5.05551732784983,350,train,298.0,4,1.2589910288554198,0.4444444444444444,0.1111111111111111,0.4444444444444444,0.0,0.0,0.2777777777777778,0.0,0.16666666666666666,0.0,0.0,0.0,0.0,0.0,0.0,0.0,0.0,0.0,0.0,0.0,0.0,0.0,0.0,0.0,0.1111111111111111,0.0,0.0,0.0,0.0,0.0,0.0,0.0,0.0,0.0,0.0,0.0,0.0,0.0,0.0,0.0,0.0,0.0,0.0,0.0,0.0,0.0,0.0,0.0,0.0,0.0,0.0,0.4444444444444444,0.0,0.0,0.0,0.0,0.0,0.0,1.7394444444444446,0.93,2.58,1.65,0.7723734863841042,27.11254702222222,6.941,47.867,40.925999999999995,11.458546955968329,1.3416666666666666,1.0,1.8,0.8,0.33551370231995664,52.5,11.0,94.0,83.0,38.95474582412549,2.9444444444444446,2.0,4.0,2.0,0.5241100628920335,8.0,1.0,16.0,15.0,7.211102550927978,1.186761277222222,0.075545,2.07710426,2.00155926,0.8104230519885605,0.7757407407407407,0.47,1.16,0.69,0.2928732830852454,2.0,1.0,4.0,3.0,1.0
Li6.1P0.90Ge0.1S5I,-5.05256627811295,351,train,298.0,5,1.1411108490641613,0.46564885496183206,0.0076335877862595426,0.45801526717557256,0.0,0.0,0.0,0.0,0.46564885496183206,0.0,0.0,0.0,0.0,0.0,0.0,0.0,0.0,0.0,0.0,0.0,0.0,0.0,0.0,0.0,0.0,0.0,0.0,0.0,0.0,0.0,0.0,0.0,0.0,0.0,0.0,0.0,0.0,0.0,0.0,0.0,0.0076335877862595426,0.0,0.0,0.0,0.0,0.0,0.06870229007633588,0.0,0.0,0.0,0.0,0.3816793893129771,0.07633587786259542,0.0,0.0,0.0,0.0,0.0,1.8099236641221375,0.98,2.66,1.6800000000000002,0.7825994034203595,27.840454641221378,6.941,126.90447,119.96347,31.230307728400224,1.2419847328244273,1.0,1.45,0.44999999999999996,0.2200639041376798,55.694656488549626,12.0,97.0,85.0,40.82000952417522,2.6946564885496187,2.0,5.0,3.0,0.8278836235930892,9.007633587786259,1.0,17.0,16.0,7.486880314446153,1.3748002991832062,0.61804922,3.059046537,2.440997317,0.8358988271170908,0.7093129770992367,0.47,0.9,0.43000000000000005,0.2068491017633318,1.768447837150127,0.6666666666666666,3.0,2.3333333333333335,0.7778126937441979
(LiCl)0.5(P2O5)0.5,-5.040005162,352,train,465.0,4,1.1490596969706202,0.5555555555555556,0.1111111111111111,0.6666666666666667,0.0,0.0,0.0,0.0,0.1111111111111111,0.0,0.0,0.0,0.0,0.0,0.0,0.0,0.0,0.0,0.0,0.0,0.0,0.0,0.0,0.0,0.0,0.0,0.0,0.0,0.0,0.0,0.0,0.0,0.0,0.0,0.0,0.0,0.0,0.0,0.0,0.0,0.0,0.0,0.0,0.0,0.0,0.0,0.2222222222222222,0.0,0.0,0.0,0.0,0.0,0.0,0.0,0.0,0.1111111111111111,0.5555555555555556,0.0,2.857777777777778,0.98,3.44,2.46,0.8302714118190211,20.48205822222222,6.941,35.453,28.512000000000004,8.994517932229483,0.8277777777777777,0.6,1.45,0.85,0.2858817851170802,88.44444444444444,12.0,101.0,89.0,27.382521234097535,2.3333333333333335,2.0,3.0,1.0,0.4714045207910317,14.222222222222221,1.0,17.0,16.0,4.708804466759354,1.4477286238888887,0.61804922,3.61272528,2.9946760599999998,0.8406089911837065,0.2594444444444445,0.0,0.9,0.9,0.31996913431389007,-0.2962962962962964,-2.0,3.0,5.0,1.9654072831735703
Li5La3Nb1.8Y0.2O12,-5.0395292224657,353,test,298.0,5,1.1865863333597781,0.5454545454545454,0.009090909090909092,0.5454545454545454,0.0,0.0,0.0,0.0,0.22727272727272727,0.0,0.13636363636363635,0.0,0.0,0.0,0.0,0.0,0.009090909090909092,0.0,0.0,0.0,0.0,0.0,0.0,0.0,0.0,0.0,0.08181818181818182,0.0,0.0,0.0,0.0,0.0,0.0,0.0,0.0,0.0,0.0,0.0,0.0,0.0,0.0,0.0,0.0,0.0,0.0,0.0,0.0,0.0,0.0,0.0,0.0,0.0,0.0,0.0,0.0,0.0,0.5454545454545454,0.0,2.3910909090909094,0.98,3.44,2.46,1.15915199839016,37.655766545454554,6.941,138.90547,131.96447,46.27954537355672,1.0577272727272728,0.6,1.95,1.35,0.5248024027988735,66.8818181818182,12.0,101.0,89.0,38.82963531263714,2.8181818181818183,2.0,6.0,4.0,1.5266232385224243,9.8,1.0,16.0,15.0,6.868637551813447,1.091355976727273,0.3112922,1.461112979,1.149820779,0.4151540072739883,0.4409090909090909,0.0,1.172,1.172,0.4917766408267171,-0.018181818181818143,-2.0,5.0,7.0,2.4006886064469017
Li1.3In0.3Ge1.7(PO4)3,-5.035269079,354,test,298.0,5,1.049159726908797,0.6557377049180328,0.01639344262295082,0.6557377049180328,0.0,0.0,0.0,0.0,0.07103825136612023,0.0,0.0,0.0,0.0,0.0,0.0,0.0,0.0,0.0,0.0,0.0,0.0,0.0,0.0,0.0,0.0,0.0,0.0,0.0,0.0,0.0,0.0,0.0,0.01639344262295082,0.0,0.0,0.0,0.0,0.0,0.0,0.0,0.09289617486338798,0.0,0.0,0.0,0.0,0.0,0.1639344262295082,0.0,0.0,0.0,0.0,0.0,0.0,0.0,0.0,0.0,0.6557377049180328,0.0,2.9002732240437163,0.98,3.44,2.46,0.7936465137179146,24.69239267759563,6.941,114.818,107.877,20.618670907264725,0.8019125683060111,0.6,1.55,0.9500000000000001,0.30137962010694785,90.9344262295082,12.0,101.0,89.0,22.715538736306115,2.398907103825137,2.0,5.0,3.0,0.7238323229916299,14.535519125683061,1.0,16.0,15.0,3.8107692708200744,1.245211735852459,0.383926,1.461112979,1.077186979,0.33382348896714753,0.24103825136612025,0.0,0.94,0.94,0.3443763884146077,-0.8561020036429874,-2.0,3.0,5.0,1.6140879805712334
Li7La3Ta2O13,-5.030118356,355,train,333.0,4,1.152962068167745,0.52,0.08,0.52,0.0,0.0,0.0,0.0,0.28,0.0,0.12,0.0,0.0,0.0,0.0,0.0,0.0,0.0,0.0,0.0,0.0,0.0,0.0,0.08,0.0,0.0,0.0,0.0,0.0,0.0,0.0,0.0,0.0,0.0,0.0,0.0,0.0,0.0,0.0,0.0,0.0,0.0,0.0,0.0,0.0,0.0,0.0,0.0,0.0,0.0,0.0,0.0,0.0,0.0,0.0,0.0,0.52,0.0,2.3152,0.98,3.44,2.46,1.1778934417000546,41.4076548,6.941,180.94788,174.00688,58.023652146872806,1.068,0.6,1.95,1.35,0.5096822539582873,64.0,12.0,101.0,89.0,39.94796615598847,2.8000000000000003,2.0,6.0,4.0,1.6,9.360000000000001,1.0,16.0,15.0,6.990736727985113,1.02604681308,0.32885923,1.461112979,1.132253749,0.45854235008568883,0.45824000000000004,0.0,1.172,1.172,0.48521972589745355,0.0,-2.0,5.0,7.0,2.3323807579381204
Li(Ti0.6Sn1.4)(PO4)3,-5.02594909720712,356,train,298.0,5,1.041522734536696,0.6666666666666666,0.03333333333333333,0.6666666666666666,0.0,0.0,0.0,0.0,0.05555555555555555,0.0,0.0,0.0,0.0,0.0,0.0,0.0,0.0,0.0,0.0,0.0,0.0,0.0,0.0,0.0,0.03333333333333333,0.0,0.0,0.0,0.0,0.0,0.0,0.0,0.0,0.0,0.0,0.0,0.0,0.0,0.0,0.07777777777777778,0.0,0.0,0.0,0.0,0.0,0.0,0.16666666666666666,0.0,0.0,0.0,0.0,0.0,0.0,0.0,0.0,0.0,0.6666666666666666,0.0,2.9165555555555556,0.98,3.44,2.46,0.7831477242670704,27.042738111111113,6.941,118.71,111.76899999999999,27.826979428632235,0.8066666666666666,0.6,1.45,0.85,0.31878240576013955,91.15555555555557,12.0,101.0,89.0,21.72193520696999,2.4666666666666672,2.0,5.0,3.0,0.8844332774281067,14.444444444444445,1.0,16.0,15.0,3.918931575232977,1.2218587543333337,0.075545,1.461112979,1.385567979,0.37523175850775536,0.2346111111111111,0.0,0.9,0.9,0.34370521481548405,-0.8148148148148149,-2.0,4.0,6.0,1.75760155817847
Li0.15La0.66Ti0.85Al0.15O3,-5.015022874,357,train,298.0,5,1.0895495607391341,0.6237006237006237,0.031185031185031183,0.6237006237006237,0.0,0.0,0.0,0.0,0.031185031185031183,0.0,0.13721413721413722,0.0,0.0,0.0,0.0,0.0,0.0,0.0,0.0,0.0,0.0,0.0,0.0,0.0,0.17671517671517672,0.0,0.0,0.031185031185031183,0.0,0.0,0.0,0.0,0.0,0.0,0.0,0.0,0.0,0.0,0.0,0.0,0.0,0.0,0.0,0.0,0.0,0.0,0.0,0.0,0.0,0.0,0.0,0.0,0.0,0.0,0.0,0.0,0.6237006237006237,0.0,2.6493762993763,0.98,3.44,2.46,1.02827066832546,38.555330767151766,6.941,138.90547,131.96447,41.83007707398864,0.9733887733887734,0.6,1.95,1.35,0.5093703591538932,79.40332640332642,12.0,101.0,89.0,29.50625412677937,2.9334719334719335,2.0,6.0,4.0,1.4360021179970814,11.534303534303536,1.0,16.0,15.0,5.999252204211625,1.0339221022869023,0.075545,1.461112979,1.385567979,0.5691487313513632,0.36043381843381844,0.0,1.172,1.172,0.47561440277478434,-0.004158004158004269,-2.0,4.0,6.0,2.6208787801087428
Li5La3Nb1.75Y0.25O12,-5.01412464269161,358,train,298.0,5,1.1912851686202315,0.5454545454545454,0.011363636363636364,0.5454545454545454,0.0,0.0,0.0,0.0,0.22727272727272727,0.0,0.13636363636363635,0.0,0.0,0.0,0.0,0.0,0.011363636363636364,0.0,0.0,0.0,0.0,0.0,0.0,0.0,0.0,0.0,0.07954545454545454,0.0,0.0,0.0,0.0,0.0,0.0,0.0,0.0,0.0,0.0,0.0,0.0,0.0,0.0,0.0,0.0,0.0,0.0,0.0,0.0,0.0,0.0,0.0,0.0,0.0,0.0,0.0,0.0,0.0,0.5454545454545454,0.0,2.3902272727272726,0.98,3.44,2.46,1.1598824169174995,37.64667443181819,6.941,138.90547,131.96447,46.26908169477666,1.0585227272727276,0.6,1.95,1.35,0.525660925477993,66.81818181818183,12.0,101.0,89.0,38.87525078976266,2.8181818181818183,2.0,6.0,4.0,1.526623238522424,9.795454545454547,1.0,16.0,15.0,6.872473239653398,1.0899784430909092,0.3112922,1.461112979,1.149820779,0.41673149246743385,0.4414090909090909,0.0,1.172,1.172,0.4922734051032016,-0.022727272727272572,-2.0,5.0,7.0,2.3930641860065323
Li0.4Na0.1La0.5Nb2O6,-5.00348832784582,359,train,298.0,5,0.953502045762977,0.6666666666666666,0.011111111111111112,0.6666666666666666,0.0,0.0,0.011111111111111112,0.0,0.044444444444444446,0.0,0.05555555555555555,0.0,0.0,0.0,0.0,0.0,0.0,0.0,0.0,0.0,0.0,0.0,0.0,0.0,0.0,0.0,0.2222222222222222,0.0,0.0,0.0,0.0,0.0,0.0,0.0,0.0,0.0,0.0,0.0,0.0,0.0,0.0,0.0,0.0,0.0,0.0,0.0,0.0,0.0,0.0,0.0,0.0,0.0,0.0,0.0,0.0,0.0,0.6666666666666666,0.0,2.7638888888888884,0.93,3.44,2.51,0.968705544579345,39.59303021422222,6.941,138.90547,131.96447,40.014014291086106,0.9149999999999998,0.6,1.95,1.35,0.4590116193155318,81.6,11.0,101.0,90.0,28.88898290582992,2.9,2.0,6.0,4.0,1.445683229480096,12.0,1.0,16.0,15.0,5.725188012439223,1.242475254111111,0.54792625,1.461112979,0.913186729,0.32264882069338086,0.30022222222222217,0.0,1.172,1.172,0.4319145434452354,2.220446049250313e-16,-2.0,5.0,7.0,2.9627314724385294
LiCa1.65Ti1.3Ta1.7O9,-5.0,360,train,573.0,5,1.19335214490369,0.6143344709897611,0.06825938566552901,0.6143344709897611,0.0,0.0,0.0,0.0,0.06825938566552901,0.11262798634812286,0.0,0.0,0.0,0.0,0.0,0.0,0.0,0.0,0.0,0.0,0.0,0.0,0.0,0.11604095563139931,0.08873720136518772,0.0,0.0,0.0,0.0,0.0,0.0,0.0,0.0,0.0,0.0,0.0,0.0,0.0,0.0,0.0,0.0,0.0,0.0,0.0,0.0,0.0,0.0,0.0,0.0,0.0,0.0,0.0,0.0,0.0,0.0,0.0,0.6143344709897611,0.0,2.6035494880546075,0.98,3.44,2.46,1.0681966375273106,40.06162430034129,6.941,180.94788,174.00688,52.338023149476406,0.9627986348122866,0.6,1.8,1.2000000000000002,0.4695851960830844,75.22866894197952,12.0,101.0,89.0,34.506747580780655,2.8668941979522184,2.0,6.0,4.0,1.3822483461782153,11.0580204778157,1.0,16.0,15.0,6.311053646521593,0.9874296499658703,0.024551,1.461112979,1.436561979,0.612938282273988,0.3605574516496018,0.0,1.14,1.14,0.4626553713323836,-1.6653345369377348e-16,-2.0,5.0,7.0,2.7012827189402167
Li3Nd3Te2O12,-5.0,361,train,873.0,4,1.1058898790247633,0.6,0.1,0.6,0.0,0.0,0.0,0.0,0.15,0.0,0.0,0.0,0.0,0.15,0.0,0.0,0.0,0.0,0.0,0.0,0.0,0.0,0.0,0.0,0.0,0.0,0.0,0.0,0.0,0.0,0.0,0.0,0.0,0.0,0.0,0.0,0.0,0.0,0.0,0.0,0.0,0.0,0.0,0.0,0.1,0.0,0.0,0.0,0.0,0.0,0.0,0.0,0.0,0.0,0.0,0.0,0.6,0.0,2.5920000000000005,0.98,3.44,2.46,1.077820022081609,45.037090000000006,6.941,144.242,137.301,53.67974302563212,0.9950000000000001,0.6,1.85,1.25,0.5007244751357777,76.10000000000001,12.0,101.0,89.0,36.50191775783843,2.9000000000000004,2.0,6.0,4.0,1.57797338380595,11.8,1.0,16.0,15.0,6.438944012802099,1.1810867354000003,0.0974933,1.9708757,1.8733824,0.5771510856540918,0.41697500000000004,0.0,1.2765,1.2765,0.5234044199994876,-0.35000000000000003,-2.0,3.0,5.0,2.0982135258357286
(Li0.5La0.5TiO3)97(SiO2)3,-5.0,362,train,288.0,5,1.1122664171762877,0.6012145748987854,0.006072874493927126,0.6012145748987854,0.0,0.0,0.0,0.0,0.09817813765182186,0.0,0.09817813765182186,0.0,0.0,0.0,0.0,0.0,0.0,0.0,0.0,0.0,0.0,0.0,0.0,0.0,0.19635627530364372,0.0,0.0,0.0,0.0,0.0,0.0,0.0,0.0,0.0,0.0,0.0,0.006072874493927126,0.0,0.0,0.0,0.0,0.0,0.0,0.0,0.0,0.0,0.0,0.0,0.0,0.0,0.0,0.0,0.0,0.0,0.0,0.0,0.6012145748987854,0.0,2.5863157894736837,0.98,3.44,2.46,1.0612214095249366,33.50755282388664,6.941,138.90547,131.96447,37.21404835613418,0.9761133603238865,0.6,1.95,1.35,0.48537442797038105,75.67105263157896,12.0,101.0,89.0,32.90189213676648,2.791497975708502,2.0,6.0,4.0,1.3175276591354717,10.882591093117407,1.0,16.0,15.0,6.387010838903981,1.017132310674089,0.075545,1.461112979,1.385567979,0.5742938383682588,0.3739345479082321,0.0,1.172,1.172,0.4677053685071603,-0.024291497975708398,-2.0,4.0,6.0,2.554946184188183
Li3(NH2)2I,-5.0,363,train,298.0,4,1.2798542258336676,0.4,0.1,0.30000000000000004,0.0,0.0,0.0,0.0,0.3,0.0,0.0,0.0,0.0,0.0,0.0,0.0,0.0,0.0,0.0,0.0,0.0,0.0,0.0,0.0,0.0,0.0,0.0,0.0,0.0,0.0,0.0,0.0,0.0,0.0,0.0,0.0,0.0,0.0,0.0,0.0,0.0,0.0,0.0,0.0,0.0,0.0,0.0,0.4,0.0,0.0,0.0,0.0,0.1,0.0,0.2,0.0,0.0,0.0,2.048,0.98,3.04,2.06,0.7653077812226922,17.977263,1.00794,126.90447,125.89653,36.624986226923845,0.805,0.25,1.45,1.2,0.5368659050451984,74.5,12.0,103.0,91.0,40.956684436121044,1.9,1.0,5.0,4.0,1.1357816691600549,5.4,1.0,17.0,16.0,6.740919818541086,0.7789974957,-0.07,3.059046537,3.129046537,0.819779896433631,0.41500000000000004,0.0,0.9,0.9,0.4055366814481768,0.9333333333333335,0.0,3.0,3.0,0.9404490653110589
Li5.5La2.75K0.25Nb2O12,-4.974694135,364,train,298.0,5,1.2016656388671265,0.5333333333333333,0.011111111111111112,0.5333333333333333,0.011111111111111112,0.0,0.0,0.0,0.24444444444444444,0.0,0.12222222222222222,0.0,0.0,0.0,0.0,0.0,0.0,0.0,0.0,0.0,0.0,0.0,0.0,0.0,0.0,0.0,0.08888888888888889,0.0,0.0,0.0,0.0,0.0,0.0,0.0,0.0,0.0,0.0,0.0,0.0,0.0,0.0,0.0,0.0,0.0,0.0,0.0,0.0,0.0,0.0,0.0,0.0,0.0,0.0,0.0,0.0,0.0,0.5333333333333333,0.0,2.36,0.82,3.44,2.62,1.1659045129569288,35.89980788888889,6.941,138.90547,131.96447,44.743564477489514,1.066111111111111,0.6,2.2,1.6,0.524183374284747,65.65555555555555,10.0,101.0,91.0,39.35710047786411,2.7777777777777777,2.0,6.0,4.0,1.4815740711807364,9.6,1.0,16.0,15.0,6.924674079775244,1.0856025462444445,0.50145913,1.461112979,0.959653849,0.41113045491748035,0.4530222222222222,0.0,1.52,1.52,0.49607797276408916,0.0,-2.0,5.0,7.0,2.389793110524656
(YPO4)0.7(Li3PO4)0.3,-4.962573502,365,train,670.77,4,1.0990877521186821,0.6060606060606061,0.10606060606060606,0.6060606060606061,0.0,0.0,0.0,0.0,0.13636363636363635,0.0,0.0,0.0,0.0,0.0,0.0,0.0,0.10606060606060606,0.0,0.0,0.0,0.0,0.0,0.0,0.0,0.0,0.0,0.0,0.0,0.0,0.0,0.0,0.0,0.0,0.0,0.0,0.0,0.0,0.0,0.0,0.0,0.0,0.0,0.0,0.0,0.0,0.0,0.15151515151515152,0.0,0.0,0.0,0.0,0.0,0.0,0.0,0.0,0.0,0.6060606060606061,0.0,2.67969696969697,0.98,3.44,2.46,1.0032990576501737,24.765508636363634,6.941,88.90585,81.96485,23.066607186419095,0.9037878787878787,0.6,1.8,1.2000000000000002,0.42802493962850496,79.13636363636364,12.0,101.0,89.0,35.114913676875744,2.4696969696969697,2.0,5.0,3.0,0.9409810639529842,12.424242424242426,1.0,16.0,15.0,5.997627323949701,1.1159408884848485,0.3112922,1.461112979,1.149820779,0.4419840274416574,0.31636363636363635,0.0,1.04,1.04,0.41342118945429873,-0.505050505050505,-2.0,3.0,5.0,1.9185804448537376
Li3PS4,-4.962573502,366,train,376.0,3,0.9743147528693494,0.5,0.125,0.5,0.0,0.0,0.0,0.0,0.375,0.0,0.0,0.0,0.0,0.0,0.0,0.0,0.0,0.0,0.0,0.0,0.0,0.0,0.0,0.0,0.0,0.0,0.0,0.0,0.0,0.0,0.0,0.0,0.0,0.0,0.0,0.0,0.0,0.0,0.0,0.0,0.0,0.0,0.0,0.0,0.0,0.0,0.125,0.0,0.0,0.0,0.0,0.5,0.0,0.0,0.0,0.0,0.0,0.0,1.93125,0.98,2.58,1.6,0.7470849600279743,22.50709525,6.941,32.065,25.124,12.062382552236848,1.16875,1.0,1.45,0.44999999999999996,0.21785531322416718,62.75,12.0,94.0,82.0,39.33112635051277,2.625,2.0,3.0,1.0,0.4841229182759271,10.25,1.0,16.0,15.0,7.171994143890526,1.36364672625,0.61804922,2.07710426,1.45905504,0.7145425944008401,0.64125,0.47,0.9,0.43000000000000005,0.20201717129986752,1.8333333333333335,1.0,2.5,1.5,0.6972166887783963
Li3.6Ge0.6P0.4O4,-4.958607315,367,train,303.0,4,1.0490264333601902,0.46511627906976744,0.046511627906976744,0.46511627906976744,0.0,0.0,0.0,0.0,0.4186046511627907,0.0,0.0,0.0,0.0,0.0,0.0,0.0,0.0,0.0,0.0,0.0,0.0,0.0,0.0,0.0,0.0,0.0,0.0,0.0,0.0,0.0,0.0,0.0,0.0,0.0,0.0,0.0,0.0,0.0,0.0,0.0,0.06976744186046512,0.0,0.0,0.0,0.0,0.0,0.046511627906976744,0.0,0.0,0.0,0.0,0.0,0.0,0.0,0.0,0.0,0.46511627906976744,0.0,2.2523255813953487,0.98,3.44,2.46,1.156719171983401,16.855663348837208,6.941,72.64,65.699,16.366721548159088,1.0197674418604652,0.6,1.45,0.85,0.4039254385034447,62.04651162790697,12.0,101.0,89.0,42.7104657335892,2.186046511627907,2.0,4.0,2.0,0.5394145816159629,9.534883720930232,1.0,16.0,15.0,7.260433830363295,1.0590323953255814,0.61804922,1.461112979,0.843063759,0.40403316019140806,0.456046511627907,0.0,0.9,0.9,0.43188682591022387,-0.3875968992248061,-2.0,1.6666666666666667,3.666666666666667,1.5129590640527684
Li0.3Na0.2La0.5Nb2O6,-4.95467702121334,368,train,298.0,5,0.9630914481780364,0.6666666666666666,0.022222222222222223,0.6666666666666666,0.0,0.0,0.022222222222222223,0.0,0.03333333333333333,0.0,0.05555555555555555,0.0,0.0,0.0,0.0,0.0,0.0,0.0,0.0,0.0,0.0,0.0,0.0,0.0,0.0,0.0,0.2222222222222222,0.0,0.0,0.0,0.0,0.0,0.0,0.0,0.0,0.0,0.0,0.0,0.0,0.0,0.0,0.0,0.0,0.0,0.0,0.0,0.0,0.0,0.0,0.0,0.0,0.0,0.0,0.0,0.0,0.0,0.6666666666666666,0.0,2.763333333333333,0.93,3.44,2.51,0.9697422337920525,39.771349872888884,6.941,138.90547,131.96447,39.90371355001259,0.9188888888888889,0.6,1.95,1.35,0.46497178993149546,81.58888888888889,11.0,101.0,90.0,28.915929652257784,2.911111111111111,2.0,6.0,4.0,1.4425628770771093,12.0,1.0,16.0,15.0,5.725188012439222,1.24169611,0.54792625,1.461112979,0.913186729,0.32423652795916896,0.3031111111111111,0.0,1.172,1.172,0.43675888197912394,2.220446049250313e-16,-2.0,5.0,7.0,2.9627314724385294
(Li2O)50(Al2O3)3(P2O5)47,-4.950781977,369,train,403.0,4,1.0015036618334079,0.5951417004048583,0.012145748987854251,0.5951417004048583,0.0,0.0,0.0,0.0,0.20242914979757085,0.0,0.0,0.0,0.0,0.0,0.0,0.0,0.0,0.0,0.0,0.0,0.0,0.0,0.0,0.0,0.0,0.0,0.0,0.012145748987854251,0.0,0.0,0.0,0.0,0.0,0.0,0.0,0.0,0.0,0.0,0.0,0.0,0.0,0.0,0.0,0.0,0.0,0.0,0.1902834008097166,0.0,0.0,0.0,0.0,0.0,0.0,0.0,0.0,0.0,0.5951417004048583,0.0,2.681943319838056,0.98,3.44,2.46,0.9941644859516157,17.148474614574898,6.941,30.973762,24.032762,7.70858450594406,0.8560728744939271,0.6,1.45,0.85,0.3409672517326047,80.63562753036436,12.0,101.0,89.0,34.88716377503515,2.2024291497975708,2.0,3.0,1.0,0.4018103894995791,12.736842105263158,1.0,16.0,15.0,5.932786394281398,1.1420048667327936,0.432835,1.461112979,1.0282779789999998,0.3899139665868755,0.2950404858299595,0.0,0.9,0.9,0.3741835895450043,-0.6342780026990553,-2.0,3.0,5.0,1.678857977867396
La0.6Sr0.06Li0.06TiO3,-4.94692155651658,370,train,298.0,5,0.9900011288912076,0.6355932203389831,0.012711864406779662,0.6355932203389831,0.0,0.0,0.0,0.012711864406779662,0.012711864406779662,0.0,0.1271186440677966,0.0,0.0,0.0,0.0,0.0,0.0,0.0,0.0,0.0,0.0,0.0,0.0,0.0,0.21186440677966104,0.0,0.0,0.0,0.0,0.0,0.0,0.0,0.0,0.0,0.0,0.0,0.0,0.0,0.0,0.0,0.0,0.0,0.0,0.0,0.0,0.0,0.0,0.0,0.0,0.0,0.0,0.0,0.0,0.0,0.0,0.0,0.6355932203389831,0.0,2.677076271186441,0.95,3.44,2.49,1.0171384807871346,39.169945338983055,6.941,138.90547,131.96447,40.80164130390945,0.9697033898305085,0.6,2.0,1.4,0.514476363860926,79.53813559322035,12.0,101.0,89.0,29.181391852039763,2.9703389830508478,2.0,6.0,4.0,1.4332497932447974,11.436440677966102,1.0,16.0,15.0,6.042941887297987,1.0240717309745764,0.052066,1.461112979,1.409046979,0.5948017624219422,0.35764124293785315,0.0,1.32,1.32,0.4825137765404985,-0.004237288135593209,-2.0,4.0,6.0,2.6720427679705714
Li0.5La0.5TiO3,-4.931814138,371,train,323.0,4,1.0888999753452238,0.6,0.1,0.6,0.0,0.0,0.0,0.0,0.1,0.0,0.1,0.0,0.0,0.0,0.0,0.0,0.0,0.0,0.0,0.0,0.0,0.0,0.0,0.0,0.2,0.0,0.0,0.0,0.0,0.0,0.0,0.0,0.0,0.0,0.0,0.0,0.0,0.0,0.0,0.0,0.0,0.0,0.0,0.0,0.0,0.0,0.0,0.0,0.0,0.0,0.0,0.0,0.0,0.0,0.0,0.0,0.6,0.0,2.58,0.98,3.44,2.46,1.0654201049351377,33.757687000000004,6.941,138.90547,131.96447,37.50396904486405,0.98,0.6,1.95,1.35,0.48795491595023405,75.3,12.0,101.0,89.0,33.0758219852508,2.8,2.0,6.0,4.0,1.3266499161421599,10.8,1.0,16.0,15.0,6.4156059729381765,1.0093363294,0.075545,1.461112979,1.385567979,0.5766944826746587,0.37753333333333333,0.0,1.172,1.172,0.4699938344749263,1.1102230246251565e-16,-2.0,4.0,6.0,2.569046515733026
Li0.2Na0.3La0.5Nb2O6,-4.92811799269387,372,train,298.0,5,0.9630914481780364,0.6666666666666666,0.022222222222222223,0.6666666666666666,0.0,0.0,0.03333333333333333,0.0,0.022222222222222223,0.0,0.05555555555555555,0.0,0.0,0.0,0.0,0.0,0.0,0.0,0.0,0.0,0.0,0.0,0.0,0.0,0.0,0.0,0.2222222222222222,0.0,0.0,0.0,0.0,0.0,0.0,0.0,0.0,0.0,0.0,0.0,0.0,0.0,0.0,0.0,0.0,0.0,0.0,0.0,0.0,0.0,0.0,0.0,0.0,0.0,0.0,0.0,0.0,0.0,0.6666666666666666,0.0,2.7627777777777776,0.93,3.44,2.51,0.9707774979969838,39.94966953155555,6.941,138.90547,131.96447,39.79230798375911,0.9227777777777777,0.6,1.95,1.35,0.4708244017507489,81.57777777777777,11.0,101.0,90.0,28.94284704485252,2.9222222222222225,2.0,6.0,4.0,1.4393499904685199,12.0,1.0,16.0,15.0,5.725188012439222,1.2409169658888888,0.54792625,1.461112979,0.913186729,0.3258146351840456,0.30599999999999994,0.0,1.172,1.172,0.44153117418567145,2.220446049250313e-16,-2.0,5.0,7.0,2.9627314724385294
Li6.75Ba1.75La1.25Ta2O12,-4.92811799269387,373,train,298.0,5,1.2579891353406247,0.5052631578947369,0.05263157894736842,0.5052631578947369,0.0,0.07368421052631578,0.0,0.0,0.28421052631578947,0.0,0.05263157894736842,0.0,0.0,0.0,0.0,0.0,0.0,0.0,0.0,0.0,0.0,0.0,0.0,0.08421052631578947,0.0,0.0,0.0,0.0,0.0,0.0,0.0,0.0,0.0,0.0,0.0,0.0,0.0,0.0,0.0,0.0,0.0,0.0,0.0,0.0,0.0,0.0,0.0,0.0,0.0,0.0,0.0,0.0,0.0,0.0,0.0,0.0,0.5052631578947369,0.0,2.266421052631579,0.89,3.44,2.55,1.1945277999360016,42.72397463157894,6.941,180.94788,174.00688,58.99174110870441,1.0984210526315787,0.6,2.15,1.5499999999999998,0.5391734723083075,61.58947368421053,12.0,101.0,89.0,41.24700811780607,2.8421052631578947,2.0,6.0,4.0,1.6307298299820703,9.094736842105263,1.0,16.0,15.0,7.056275570777259,0.9815972502315788,0.144626,1.461112979,1.316486979,0.5007014826873412,0.49631578947368415,0.0,1.49,1.49,0.5257228660196889,-1.1102230246251565e-16,-2.0,5.0,7.0,2.2757300737172352
Li5.90La3Ta1.55Sm0.45O12,-4.92811799269387,374,train,298.0,5,1.2138049361722247,0.5240174672489083,0.019650655021834062,0.5240174672489083,0.0,0.0,0.0,0.0,0.25764192139737996,0.0,0.13100436681222707,0.0,0.0,0.0,0.019650655021834062,0.0,0.0,0.0,0.0,0.0,0.0,0.0,0.0,0.06768558951965066,0.0,0.0,0.0,0.0,0.0,0.0,0.0,0.0,0.0,0.0,0.0,0.0,0.0,0.0,0.0,0.0,0.0,0.0,0.0,0.0,0.0,0.0,0.0,0.0,0.0,0.0,0.0,0.0,0.0,0.0,0.0,0.0,0.5240174672489083,0.0,2.323733624454148,0.98,3.44,2.46,1.177464261134625,43.571717205240176,6.941,180.94788,174.00688,58.61898605857528,1.0779475982532754,0.6,1.95,1.35,0.5254282319673925,64.41048034934498,12.0,101.0,89.0,39.68607242233413,2.873362445414847,2.0,6.0,4.0,1.6524792950589084,9.432314410480348,1.0,16.0,15.0,6.96315972339142,1.0233675350436682,0.162,1.461112979,1.299112979,0.46732537499664895,0.46506768558951966,0.0,1.229,1.229,0.49753437243123083,5.551115123125783e-17,-2.0,5.0,7.0,2.324165812692982
Li3.09BO2.53N0.52,-4.924453039,375,train,342.0,4,1.1961887225993753,0.43277310924369755,0.07282913165266108,0.427170868347339,0.0,0.0,0.0,0.0,0.43277310924369755,0.0,0.0,0.0,0.0,0.0,0.0,0.0,0.0,0.0,0.0,0.0,0.0,0.0,0.0,0.0,0.0,0.0,0.0,0.0,0.0,0.0,0.0,0.0,0.0,0.0,0.0,0.0,0.0,0.0,0.0,0.0,0.0,0.0,0.14005602240896362,0.0,0.0,0.0,0.0,0.0,0.0,0.0,0.0,0.0,0.0,0.0,0.07282913165266108,0.0,0.3543417366946779,0.0,2.1501680672268906,0.98,3.44,2.46,1.1142108409470532,11.207374789915967,6.941,15.9994,9.058399999999999,4.075163120184903,1.0065126050420168,0.6,1.45,0.85,0.39542590658708304,60.3095238095238,12.0,101.0,89.0,42.47194815269588,2.0,2.0,2.0,0.0,0.0,9.015406162464986,1.0,16.0,15.0,7.065602015244926,0.8192872796456581,-0.07,1.461112979,1.531112979,0.5117260389530705,0.4676750700280112,0.0,0.9,0.9,0.40160330046841497,0.26563958916900093,-2.0,3.0,5.0,1.800661825509948
Li1.9Mg0.1TiO3.05,-4.920818754,376,train,573.0,4,1.074364763643234,0.5041322314049587,0.01652892561983471,0.5041322314049587,0.0,0.0,0.0,0.0,0.3140495867768595,0.0,0.0,0.0,0.0,0.0,0.0,0.0,0.0,0.0,0.0,0.0,0.01652892561983471,0.0,0.0,0.0,0.1652892561983471,0.0,0.0,0.0,0.0,0.0,0.0,0.0,0.0,0.0,0.0,0.0,0.0,0.0,0.0,0.0,0.0,0.0,0.0,0.0,0.0,0.0,0.0,0.0,0.0,0.0,0.0,0.0,0.0,0.0,0.0,0.0,0.5041322314049587,0.0,2.318181818181818,0.98,3.44,2.46,1.1461722138499313,18.55926776859504,6.941,47.867,40.925999999999995,13.719147534260733,1.0140495867768595,0.6,1.5,0.9,0.4178963027536869,64.32231404958678,12.0,101.0,89.0,39.60449404252228,2.347107438016529,2.0,4.0,2.0,0.7464598963687363,9.074380165289256,1.0,16.0,15.0,7.052536369555574,0.9362368766859503,-0.42,1.461112979,1.8811129789999999,0.5687960750770532,0.4376308539944904,0.0,0.9,0.9,0.44155912470369835,0.0,-2.0,4.0,6.0,2.2452889154960856
La0.62Li0.14(Mg0.5W0.5)O3,-4.92081875395237,377,test,298.0,5,1.1335561369476297,0.6302521008403361,0.029411764705882356,0.6302521008403361,0.0,0.0,0.0,0.0,0.029411764705882356,0.0,0.13025210084033614,0.0,0.0,0.0,0.0,0.0,0.0,0.0,0.0,0.0,0.10504201680672269,0.0,0.0,0.0,0.0,0.0,0.0,0.0,0.0,0.0,0.0,0.0,0.0,0.0,0.0,0.0,0.0,0.0,0.0,0.0,0.0,0.0,0.0,0.0,0.0,0.0,0.0,0.0,0.0,0.10504201680672269,0.0,0.0,0.0,0.0,0.0,0.0,0.6302521008403361,0.0,2.725672268907563,0.98,3.44,2.46,0.9899589212192468,50.244502394958,6.941,183.84,176.899,61.348109917989596,0.9741596638655463,0.6,1.95,1.35,0.5126491663747841,81.75210084033614,12.0,101.0,89.0,27.737997930635068,3.0462184873949587,2.0,6.0,4.0,1.6658855830436465,11.344537815126051,1.0,16.0,15.0,6.1684164030032,1.0533182524789917,-0.42,1.461112979,1.8811129789999999,0.6134312908492771,0.3499943977591037,0.0,1.172,1.172,0.4686897603659407,-0.10504201680672255,-2.0,5.0,7.0,2.5995910712514743
Li0.1Na0.4La0.5Nb2O6,-4.91721462968355,378,train,298.0,5,0.953502045762977,0.6666666666666666,0.011111111111111112,0.6666666666666666,0.0,0.0,0.044444444444444446,0.0,0.011111111111111112,0.0,0.05555555555555555,0.0,0.0,0.0,0.0,0.0,0.0,0.0,0.0,0.0,0.0,0.0,0.0,0.0,0.0,0.0,0.2222222222222222,0.0,0.0,0.0,0.0,0.0,0.0,0.0,0.0,0.0,0.0,0.0,0.0,0.0,0.0,0.0,0.0,0.0,0.0,0.0,0.0,0.0,0.0,0.0,0.0,0.0,0.0,0.0,0.0,0.0,0.6666666666666666,0.0,2.762222222222222,0.93,3.44,2.51,0.9718113417482928,40.127989190222216,6.941,138.90547,131.96447,39.67978828655574,0.9266666666666665,0.6,1.95,1.35,0.47657341745236087,81.56666666666666,11.0,101.0,90.0,28.969735165436973,2.9333333333333336,2.0,6.0,4.0,1.4360439485692011,12.0,1.0,16.0,15.0,5.725188012439223,1.2401378217777776,0.54792625,1.461112979,0.913186729,0.32738328119517146,0.3088888888888889,0.0,1.172,1.172,0.4462337315912777,2.220446049250313e-16,-2.0,5.0,7.0,2.9627314724385294
Li0.07Na0.43La0.5Nb2O6,-4.9100948885606,379,test,298.0,5,0.9481998825144076,0.6666666666666666,0.007777777777777778,0.6666666666666666,0.0,0.0,0.04777777777777778,0.0,0.007777777777777778,0.0,0.05555555555555555,0.0,0.0,0.0,0.0,0.0,0.0,0.0,0.0,0.0,0.0,0.0,0.0,0.0,0.0,0.0,0.2222222222222222,0.0,0.0,0.0,0.0,0.0,0.0,0.0,0.0,0.0,0.0,0.0,0.0,0.0,0.0,0.0,0.0,0.0,0.0,0.0,0.0,0.0,0.0,0.0,0.0,0.0,0.0,0.0,0.0,0.0,0.6666666666666666,0.0,2.7620555555555555,0.93,3.44,2.51,0.972121218562915,40.18148508782222,6.941,138.90547,131.96447,39.645813706141666,0.9278333333333333,0.6,1.95,1.35,0.47827848117551297,81.56333333333333,11.0,101.0,90.0,28.977795905754384,2.9366666666666665,2.0,6.0,4.0,1.4350338749389235,12.0,1.0,16.0,15.0,5.725188012439222,1.2399040785444444,0.54792625,1.461112979,0.913186729,0.3278520503860774,0.30975555555555556,0.0,1.172,1.172,0.44763122994792415,2.220446049250313e-16,-2.0,5.0,7.0,2.9627314724385294
(Li0.5La0.5TiO3)95(SiO2)5,-4.903089987,380,train,288.0,5,1.1227879483836003,0.6020408163265306,0.01020408163265306,0.6020408163265306,0.0,0.0,0.0,0.0,0.09693877551020408,0.0,0.09693877551020408,0.0,0.0,0.0,0.0,0.0,0.0,0.0,0.0,0.0,0.0,0.0,0.0,0.0,0.19387755102040816,0.0,0.0,0.0,0.0,0.0,0.0,0.0,0.0,0.0,0.0,0.0,0.01020408163265306,0.0,0.0,0.0,0.0,0.0,0.0,0.0,0.0,0.0,0.0,0.0,0.0,0.0,0.0,0.0,0.0,0.0,0.0,0.0,0.6020408163265306,0.0,2.5906122448979594,0.98,3.44,2.46,1.058334093624321,33.33739352040816,6.941,138.90547,131.96447,37.01455957240759,0.973469387755102,0.6,1.95,1.35,0.48359327243513545,75.9234693877551,12.0,101.0,89.0,32.780644802651985,2.7857142857142856,2.0,6.0,4.0,1.31125426790613,10.938775510204081,1.0,16.0,15.0,6.3668726929615795,1.0224356992959183,0.075545,1.461112979,1.385567979,0.5725943351538636,0.3714863945578231,0.0,1.172,1.172,0.46612628861186683,-0.04081632653061229,-2.0,4.0,6.0,2.545176980923574
Li3Al0.4Sc1.6(PO4)3,-4.89279003,381,train,298.0,5,1.1559301213785822,0.6,0.02,0.6,0.0,0.0,0.0,0.0,0.15,0.0,0.0,0.0,0.0,0.0,0.0,0.0,0.0,0.0,0.0,0.0,0.0,0.0,0.08,0.0,0.0,0.0,0.0,0.02,0.0,0.0,0.0,0.0,0.0,0.0,0.0,0.0,0.0,0.0,0.0,0.0,0.0,0.0,0.0,0.0,0.0,0.0,0.15,0.0,0.0,0.0,0.0,0.0,0.0,0.0,0.0,0.0,0.6,0.0,2.6805,0.98,3.44,2.46,0.9891232228595181,19.422958032,6.941,44.955912,38.014911999999995,10.183942454799546,0.8805000000000001,0.6,1.6,1.0,0.3770208880155051,79.02,12.0,101.0,89.0,35.63593130535528,2.3299999999999996,2.0,4.0,2.0,0.6173329733620261,12.5,1.0,16.0,15.0,5.945586598477899,1.1043736553,0.17938023,1.461112979,1.281732749,0.45662031956538873,0.30180000000000007,0.0,0.9,0.9,0.38413833445778356,-0.5,-2.0,3.0,5.0,1.9017535767461216
Li1.6Ga0.6Ti1.4(PO4)3,-4.886056648,382,test,298.0,5,1.0935224287157355,0.6451612903225806,0.03225806451612903,0.6451612903225806,0.0,0.0,0.0,0.0,0.08602150537634408,0.0,0.0,0.0,0.0,0.0,0.0,0.0,0.0,0.0,0.0,0.0,0.0,0.0,0.0,0.0,0.07526881720430106,0.0,0.0,0.0,0.0,0.0,0.0,0.0,0.0,0.03225806451612903,0.0,0.0,0.0,0.0,0.0,0.0,0.0,0.0,0.0,0.0,0.0,0.0,0.16129032258064516,0.0,0.0,0.0,0.0,0.0,0.0,0.0,0.0,0.0,0.6451612903225806,0.0,2.831182795698924,0.98,3.44,2.46,0.8714082650716567,21.76705838709677,6.941,69.723,62.782,13.39782745955663,0.8204301075268816,0.6,1.45,0.85,0.3214748070481653,87.16129032258064,12.0,101.0,89.0,26.654415326537997,2.376344086021505,2.0,4.0,2.0,0.6706437044951689,13.548387096774194,1.0,16.0,15.0,4.963341159245384,1.1316411032258062,0.075545,1.461112979,1.385567979,0.4720522493787875,0.2547491039426523,0.0,0.9,0.9,0.3560871876371243,-0.5376344086021505,-2.0,4.0,6.0,2.078525496380255
LiSr1.65Zr1.3Ta1.7O9,-4.886056648,383,train,298.0,5,1.19335214490369,0.6143344709897611,0.06825938566552901,0.6143344709897611,0.0,0.0,0.0,0.11262798634812286,0.06825938566552901,0.0,0.0,0.0,0.0,0.0,0.0,0.0,0.0,0.0,0.0,0.0,0.0,0.08873720136518772,0.0,0.11604095563139931,0.0,0.0,0.0,0.0,0.0,0.0,0.0,0.0,0.0,0.0,0.0,0.0,0.0,0.0,0.0,0.0,0.0,0.0,0.0,0.0,0.0,0.0,0.0,0.0,0.0,0.0,0.0,0.0,0.0,0.0,0.0,0.0,0.6143344709897611,0.0,2.579283276450512,0.95,3.44,2.49,1.0965165904194212,49.263562866894205,6.941,180.94788,174.00688,56.00184033250616,0.9986348122866894,0.6,2.0,1.4,0.5244839945075439,74.93856655290102,12.0,101.0,89.0,34.828732313023686,3.068259385665529,2.0,6.0,4.0,1.589894293486108,11.0580204778157,1.0,16.0,15.0,6.311053646521593,1.0222738103754265,0.052066,1.461112979,1.409046979,0.5675009945945213,0.3815699658703071,0.0,1.32,1.32,0.4995932742181645,-1.6653345369377348e-16,-2.0,5.0,7.0,2.7012827189402167
Li5La3Sb2O12,-4.879426069,384,train,362.0,4,1.1570333357787375,0.5454545454545454,0.09090909090909091,0.5454545454545454,0.0,0.0,0.0,0.0,0.22727272727272727,0.0,0.13636363636363635,0.0,0.0,0.0,0.0,0.0,0.0,0.0,0.0,0.0,0.0,0.0,0.0,0.0,0.0,0.0,0.0,0.0,0.0,0.0,0.0,0.0,0.0,0.0,0.0,0.0,0.0,0.0,0.0,0.0,0.0,0.0,0.0,0.09090909090909091,0.0,0.0,0.0,0.0,0.0,0.0,0.0,0.0,0.0,0.0,0.0,0.0,0.5454545454545454,0.0,2.4354545454545455,0.98,3.44,2.46,1.1351520814119507,40.315191363636366,6.941,138.90547,131.96447,50.04130956882118,1.0545454545454545,0.6,1.95,1.35,0.5213420380720866,70.31818181818181,12.0,101.0,89.0,38.79126701584024,2.818181818181818,2.0,6.0,4.0,1.526623238522424,10.727272727272727,1.0,16.0,15.0,6.816969589206431,1.1086837649090908,0.5575462,1.461112979,0.9035667789999999,0.40524159174521646,0.4398181818181818,0.0,1.172,1.172,0.49049470726118916,-0.303030303030303,-2.0,3.0,5.0,1.9486050200936698
Li5La3Nb1.95Y0.05O12,-4.87289520163519,385,train,298.0,5,1.1676612311548766,0.5454545454545454,0.002272727272727273,0.5454545454545454,0.0,0.0,0.0,0.0,0.22727272727272727,0.0,0.13636363636363635,0.0,0.0,0.0,0.0,0.0,0.002272727272727273,0.0,0.0,0.0,0.0,0.0,0.0,0.0,0.0,0.0,0.08863636363636364,0.0,0.0,0.0,0.0,0.0,0.0,0.0,0.0,0.0,0.0,0.0,0.0,0.0,0.0,0.0,0.0,0.0,0.0,0.0,0.0,0.0,0.0,0.0,0.0,0.0,0.0,0.0,0.0,0.0,0.5454545454545454,0.0,2.393681818181818,0.98,3.44,2.46,1.1569541079278987,37.68304288636364,6.941,138.90547,131.96447,46.31091151446137,1.0553409090909092,0.6,1.95,1.35,0.5222110964308756,67.07272727272728,12.0,101.0,89.0,38.691838249266965,2.818181818181818,2.0,6.0,4.0,1.526623238522424,9.813636363636363,1.0,16.0,15.0,6.857099536216955,1.0954885776363636,0.3112922,1.461112979,1.149820779,0.41035742638968564,0.43940909090909086,0.0,1.172,1.172,0.4902802685561975,-0.004545454545454424,-2.0,5.0,7.0,2.423366792619361
La0.56Sr0.1Li0.1TiO3,-4.86327943284359,386,train,298.0,5,1.0328061787341118,0.6302521008403361,0.02100840336134454,0.6302521008403361,0.0,0.0,0.0,0.02100840336134454,0.02100840336134454,0.0,0.11764705882352942,0.0,0.0,0.0,0.0,0.0,0.0,0.0,0.0,0.0,0.0,0.0,0.0,0.0,0.21008403361344538,0.0,0.0,0.0,0.0,0.0,0.0,0.0,0.0,0.0,0.0,0.0,0.0,0.0,0.0,0.0,0.0,0.0,0.0,0.0,0.0,0.0,0.0,0.0,0.0,0.0,0.0,0.0,0.0,0.0,0.0,0.0,0.6302521008403361,0.0,2.6615546218487394,0.95,3.44,2.49,1.0266465045651212,38.46814352941176,6.941,138.90547,131.96447,39.93941329337477,0.9741596638655461,0.6,2.0,1.4,0.5150001302633967,78.81932773109244,12.0,101.0,89.0,29.983555093061312,2.953781512605042,2.0,6.0,4.0,1.4149436497949983,11.340336134453782,1.0,16.0,15.0,6.104631377631374,1.0164120443277311,0.052066,1.461112979,1.409046979,0.5985426252924115,0.3634425770308124,0.0,1.32,1.32,0.48529475119299315,-0.004201680672268893,-2.0,4.0,6.0,2.6544680885771608
Li6SrLa2Ta2O12,-4.860120914,387,train,306.0,5,1.2510583317959272,0.5217391304347826,0.043478260869565216,0.5217391304347826,0.0,0.0,0.0,0.043478260869565216,0.2608695652173913,0.0,0.08695652173913043,0.0,0.0,0.0,0.0,0.0,0.0,0.0,0.0,0.0,0.0,0.0,0.0,0.08695652173913043,0.0,0.0,0.0,0.0,0.0,0.0,0.0,0.0,0.0,0.0,0.0,0.0,0.0,0.0,0.0,0.0,0.0,0.0,0.0,0.0,0.0,0.0,0.0,0.0,0.0,0.0,0.0,0.0,0.0,0.0,0.0,0.0,0.5217391304347826,0.0,2.3178260869565217,0.95,3.44,2.49,1.1799924705792908,41.78110869565217,6.941,180.94788,174.00688,57.089412947882586,1.0739130434782607,0.6,2.0,1.4,0.5200061799836344,63.8695652173913,12.0,101.0,89.0,40.250632560869086,2.8260869565217392,2.0,6.0,4.0,1.5784465096235956,9.391304347826088,1.0,16.0,15.0,6.982830685734351,1.0028925186086954,0.052066,1.461112979,1.409046979,0.49420984693400416,0.4653913043478261,0.0,1.32,1.32,0.49838083387762766,0.0,-2.0,5.0,7.0,2.3405684928164816
Li6.10La3Ta1.45Sm0.55O12,-4.85387196432176,388,train,298.0,5,1.2196925753604162,0.5194805194805194,0.02380952380952381,0.5194805194805194,0.0,0.0,0.0,0.0,0.26406926406926406,0.0,0.12987012987012986,0.0,0.0,0.0,0.02380952380952381,0.0,0.0,0.0,0.0,0.0,0.0,0.0,0.0,0.06277056277056277,0.0,0.0,0.0,0.0,0.0,0.0,0.0,0.0,0.0,0.0,0.0,0.0,0.0,0.0,0.0,0.0,0.0,0.0,0.0,0.0,0.0,0.0,0.0,0.0,0.0,0.0,0.0,0.0,0.0,0.0,0.0,0.0,0.5194805194805194,0.0,2.3106709956709954,0.98,3.44,2.46,1.1801295805211758,43.122153073593076,6.941,180.94788,174.00688,58.185214972918814,1.0829004329004328,0.6,1.95,1.35,0.5261555278024189,63.852813852813846,12.0,101.0,89.0,39.87344675534705,2.865800865800866,2.0,6.0,4.0,1.6472984926788266,9.350649350649348,1.0,16.0,15.0,6.983467614635589,1.019135951233766,0.162,1.461112979,1.299112979,0.46800691970744224,0.470603896103896,0.0,1.229,1.229,0.49898438522139854,5.551115123125783e-17,-2.0,5.0,7.0,2.3009503024559863
(YPO4)0.8(Li3PO4)0.2,-4.851039883,389,test,298.0,4,1.0656468608080325,0.625,0.09375000000000001,0.625,0.0,0.0,0.0,0.0,0.09375000000000001,0.0,0.0,0.0,0.0,0.0,0.0,0.0,0.125,0.0,0.0,0.0,0.0,0.0,0.0,0.0,0.0,0.0,0.0,0.0,0.0,0.0,0.0,0.0,0.0,0.0,0.0,0.0,0.0,0.0,0.0,0.0,0.0,0.0,0.0,0.0,0.0,0.0,0.15625,0.0,0.0,0.0,0.0,0.0,0.0,0.0,0.0,0.0,0.625,0.0,2.7365625,0.98,3.44,2.46,0.9657659181156426,26.6032253125,6.941,88.90585,81.96485,24.38660471471013,0.8921875,0.6,1.8,1.2000000000000002,0.43285198375859385,81.4375,12.0,101.0,89.0,33.178435673642,2.53125,2.0,5.0,3.0,0.9995115994824673,12.8125,1.0,16.0,15.0,5.675812166553787,1.1267069246874999,0.3112922,1.461112979,1.149820779,0.4470291727557747,0.30031250000000004,0.0,1.04,1.04,0.4101408628066094,-0.5208333333333333,-2.0,3.0,5.0,1.9701549219964065
Li5.5Ba0.5La2.5Ta2O12,-4.85078088734462,390,train,298.0,5,1.2234956689751457,0.5333333333333333,0.022222222222222223,0.5333333333333333,0.0,0.022222222222222223,0.0,0.0,0.24444444444444444,0.0,0.1111111111111111,0.0,0.0,0.0,0.0,0.0,0.0,0.0,0.0,0.0,0.0,0.0,0.0,0.08888888888888889,0.0,0.0,0.0,0.0,0.0,0.0,0.0,0.0,0.0,0.0,0.0,0.0,0.0,0.0,0.0,0.0,0.0,0.0,0.0,0.0,0.0,0.0,0.0,0.0,0.0,0.0,0.0,0.0,0.0,0.0,0.0,0.0,0.5333333333333333,0.0,2.3495555555555554,0.89,3.44,2.55,1.1737346956627246,44.79961044444444,6.941,180.94788,174.00688,60.12194204658713,1.0677777777777777,0.6,2.15,1.5499999999999998,0.5271680688732069,65.4,12.0,101.0,89.0,39.55103594653931,2.8888888888888884,2.0,6.0,4.0,1.6629588385661962,9.6,1.0,16.0,15.0,6.923069325731824,1.0247343741333332,0.144626,1.461112979,1.316486979,0.4759186533834963,0.4562222222222222,0.0,1.49,1.49,0.5015836648451644,5.551115123125783e-17,-2.0,5.0,7.0,2.3851391759997758
(Li2O)50(Al2O3)4(P2O5)46,-4.850780887,391,train,404.0,4,1.0139884516892637,0.5934959349593496,0.016260162601626018,0.5934959349593496,0.0,0.0,0.0,0.0,0.2032520325203252,0.0,0.0,0.0,0.0,0.0,0.0,0.0,0.0,0.0,0.0,0.0,0.0,0.0,0.0,0.0,0.0,0.0,0.0,0.016260162601626018,0.0,0.0,0.0,0.0,0.0,0.0,0.0,0.0,0.0,0.0,0.0,0.0,0.0,0.0,0.0,0.0,0.0,0.0,0.18699186991869918,0.0,0.0,0.0,0.0,0.0,0.0,0.0,0.0,0.0,0.5934959349593496,0.0,2.6765040650406506,0.98,3.44,2.46,0.9968462331699416,17.13691709918699,6.941,30.973762,24.032762,7.698986125286882,0.858130081300813,0.6,1.45,0.85,0.34206296570916517,80.51219512195122,12.0,101.0,89.0,34.92858355043869,2.203252032520325,2.0,3.0,1.0,0.40241849335819774,12.715447154471544,1.0,16.0,15.0,5.939423646730163,1.1394321747723577,0.432835,1.461112979,1.0282779789999998,0.39196841444000724,0.2967479674796748,0.0,0.9,0.9,0.3748978092412886,-0.6233062330623307,-2.0,3.0,5.0,1.6895231387830356
Li5La3Nb1.9Y0.1O12,-4.84163750790475,392,test,298.0,5,1.1750801760829075,0.5454545454545454,0.004545454545454546,0.5454545454545454,0.0,0.0,0.0,0.0,0.22727272727272727,0.0,0.13636363636363635,0.0,0.0,0.0,0.0,0.0,0.004545454545454546,0.0,0.0,0.0,0.0,0.0,0.0,0.0,0.0,0.0,0.08636363636363636,0.0,0.0,0.0,0.0,0.0,0.0,0.0,0.0,0.0,0.0,0.0,0.0,0.0,0.0,0.0,0.0,0.0,0.0,0.0,0.0,0.0,0.0,0.0,0.0,0.0,0.0,0.0,0.0,0.0,0.5454545454545454,0.0,2.3928181818181824,0.98,3.44,2.46,1.1576878459931808,37.673950772727274,6.941,138.90547,131.96447,46.300460280587636,1.0561363636363639,0.6,1.95,1.35,0.5230775012501011,67.00909090909092,12.0,101.0,89.0,38.73792960500916,2.818181818181819,2.0,6.0,4.0,1.526623238522424,9.80909090909091,1.0,16.0,15.0,6.860950708764725,1.0941110440000001,0.3112922,1.461112979,1.149820779,0.411967098255633,0.4399090909090909,0.0,1.172,1.172,0.49078007563941317,-0.009090909090909071,-2.0,5.0,7.0,2.415839603892514
Li2SnS3,-4.82390874094432,393,train,298.0,3,1.0114042647073516,0.5,0.16666666666666666,0.5,0.0,0.0,0.0,0.0,0.3333333333333333,0.0,0.0,0.0,0.0,0.0,0.0,0.0,0.0,0.0,0.0,0.0,0.0,0.0,0.0,0.0,0.0,0.0,0.0,0.0,0.0,0.0,0.0,0.0,0.0,0.0,0.0,0.0,0.0,0.0,0.0,0.16666666666666666,0.0,0.0,0.0,0.0,0.0,0.0,0.0,0.0,0.0,0.0,0.0,0.5,0.0,0.0,0.0,0.0,0.0,0.0,1.9433333333333336,0.98,2.58,1.6,0.7155805723715225,38.131166666666665,6.941,118.71,111.76899999999999,37.74695685048296,1.225,1.0,1.45,0.44999999999999996,0.225,64.83333333333334,12.0,94.0,82.0,37.560691627758345,3.0000000000000004,2.0,5.0,3.0,1.0,10.66666666666667,1.0,16.0,15.0,6.871842709362768,1.4299135700000003,0.61804922,2.07710426,1.45905504,0.6678122516998859,0.6733333333333333,0.47,0.9,0.43000000000000005,0.2046677524401167,1.6944444444444446,0.6666666666666666,2.5,1.8333333333333335,0.8131822871280249
Li5La3Ta2O12,-4.818156412,394,train,333.0,4,1.1570333357787375,0.5454545454545454,0.09090909090909091,0.5454545454545454,0.0,0.0,0.0,0.0,0.22727272727272727,0.0,0.13636363636363635,0.0,0.0,0.0,0.0,0.0,0.0,0.0,0.0,0.0,0.0,0.0,0.0,0.09090909090909091,0.0,0.0,0.0,0.0,0.0,0.0,0.0,0.0,0.0,0.0,0.0,0.0,0.0,0.0,0.0,0.0,0.0,0.0,0.0,0.0,0.0,0.0,0.0,0.0,0.0,0.0,0.0,0.0,0.0,0.0,0.0,0.0,0.5454545454545454,0.0,2.3854545454545453,0.98,3.44,2.46,1.1628051008141211,45.695907727272726,6.941,180.94788,174.00688,60.58148709257196,1.0545454545454545,0.6,1.95,1.35,0.5213420380720866,67.04545454545455,12.0,101.0,89.0,38.679895262534785,2.9090909090909087,2.0,6.0,4.0,1.6762808104168887,9.818181818181818,1.0,16.0,15.0,6.853243184708997,1.0433617685454544,0.32885923,1.461112979,1.132253749,0.4635693907499046,0.43890909090909086,0.0,1.172,1.172,0.4897794410001774,1.1102230246251565e-16,-2.0,5.0,7.0,2.4308621740219887
Li4.4Ga0.4Ge0.6S4,-4.787812396,395,train,303.0,4,1.0288771618784205,0.46808510638297873,0.0425531914893617,0.425531914893617,0.0,0.0,0.0,0.0,0.46808510638297873,0.0,0.0,0.0,0.0,0.0,0.0,0.0,0.0,0.0,0.0,0.0,0.0,0.0,0.0,0.0,0.0,0.0,0.0,0.0,0.0,0.0,0.0,0.0,0.0,0.0425531914893617,0.0,0.0,0.0,0.0,0.0,0.0,0.06382978723404255,0.0,0.0,0.0,0.0,0.0,0.0,0.0,0.0,0.0,0.0,0.425531914893617,0.0,0.0,0.0,0.0,0.0,0.0,1.7619148936170212,0.98,2.58,1.6,0.7582893353866709,24.4971914893617,6.941,72.64,65.699,20.090332685931735,1.2393617021276595,1.0,1.45,0.44999999999999996,0.21286699728533065,54.42553191489362,12.0,94.0,82.0,39.935450406689434,2.6382978723404253,2.0,4.0,2.0,0.6660628018084479,8.72340425531915,1.0,16.0,15.0,7.280700596577446,1.264670842106383,0.30116615,2.07710426,1.77593811,0.7184401568523953,0.7027659574468085,0.47,0.9,0.43000000000000005,0.2041870453270786,1.702127659574468,0.6666666666666666,3.0,2.3333333333333335,0.8011045641550953
Li1.5Zn0.75PS4,-4.78251605578609,396,train,298.0,4,1.162020289238587,0.5517241379310345,0.10344827586206896,0.5517241379310345,0.0,0.0,0.0,0.0,0.20689655172413793,0.0,0.0,0.0,0.0,0.0,0.0,0.0,0.0,0.0,0.0,0.0,0.0,0.0,0.0,0.0,0.0,0.0,0.0,0.0,0.0,0.10344827586206896,0.0,0.0,0.0,0.0,0.0,0.0,0.0,0.0,0.0,0.0,0.0,0.0,0.0,0.0,0.0,0.0,0.13793103448275862,0.0,0.0,0.0,0.0,0.5517241379310345,0.0,0.0,0.0,0.0,0.0,0.0,2.0989655172413793,0.98,2.58,1.6,0.6393064390015718,30.16579475862069,6.941,65.409,58.468,15.561801187271728,1.1293103448275863,1.0,1.45,0.44999999999999996,0.19454511106119354,74.62068965517241,12.0,94.0,82.0,32.42435631254684,2.896551724137931,2.0,4.0,2.0,0.5473968229788808,12.344827586206897,1.0,16.0,15.0,5.914773217263092,1.3127034455172413,-0.62,2.07710426,2.69710426,0.9234882082559489,0.6124137931034483,0.47,0.9,0.43000000000000005,0.19038355428131074,2.0229885057471266,1.0,2.5,1.5,0.5996872395745095
Li6BaLa2Ta2O12,-4.77211329538633,397,train,298.0,5,1.2510583317959272,0.5217391304347826,0.043478260869565216,0.5217391304347826,0.0,0.043478260869565216,0.0,0.0,0.2608695652173913,0.0,0.08695652173913043,0.0,0.0,0.0,0.0,0.0,0.0,0.0,0.0,0.0,0.0,0.0,0.0,0.08695652173913043,0.0,0.0,0.0,0.0,0.0,0.0,0.0,0.0,0.0,0.0,0.0,0.0,0.0,0.0,0.0,0.0,0.0,0.0,0.0,0.0,0.0,0.0,0.0,0.0,0.0,0.0,0.0,0.0,0.0,0.0,0.0,0.0,0.5217391304347826,0.0,2.315217391304348,0.89,3.44,2.55,1.1830758348482528,43.94228260869565,6.941,180.94788,174.00688,59.66646882401103,1.0804347826086955,0.6,2.15,1.5499999999999998,0.5323735061913937,63.826086956521735,12.0,101.0,89.0,40.3039022535288,2.869565217391304,2.0,6.0,4.0,1.6498839966095893,9.391304347826086,1.0,16.0,15.0,6.982830685734351,1.0069168664347825,0.144626,1.461112979,1.316486979,0.4867717717776901,0.47278260869565214,0.0,1.49,1.49,0.5120729360857256,5.551115123125783e-17,-2.0,5.0,7.0,2.3405684928164816
Li0.30La0.66Ti0.70Al0.30O3,-4.764471553,398,test,298.0,5,1.1881919242777725,0.6048387096774194,0.06048387096774193,0.6048387096774194,0.0,0.0,0.0,0.0,0.06048387096774193,0.0,0.13306451612903228,0.0,0.0,0.0,0.0,0.0,0.0,0.0,0.0,0.0,0.0,0.0,0.0,0.0,0.1411290322580645,0.0,0.0,0.06048387096774193,0.0,0.0,0.0,0.0,0.0,0.0,0.0,0.0,0.0,0.0,0.0,0.0,0.0,0.0,0.0,0.0,0.0,0.0,0.0,0.0,0.0,0.0,0.0,0.0,0.0,0.0,0.0,0.0,0.6048387096774194,0.0,2.601008064516129,0.98,3.44,2.46,1.0501214368791012,36.96763543951613,6.941,138.90547,131.96447,41.54483315136186,0.983266129032258,0.6,1.95,1.35,0.5051670692800706,78.24193548387098,12.0,101.0,89.0,30.91843352658367,2.875,2.0,6.0,4.0,1.4101089525510135,11.487903225806452,1.0,16.0,15.0,6.0501811855292,1.0321504425403227,0.075545,1.461112979,1.385567979,0.5500099823221328,0.3714086021505376,0.0,1.172,1.172,0.4730188402036981,-0.0040322580645162365,-2.0,4.0,6.0,2.5455495380314876
(YPO4)0.5(Li3PO4)0.5,-4.749579998,399,train,710.38,4,1.1163670752893367,0.5714285714285714,0.07142857142857142,0.5714285714285714,0.0,0.0,0.0,0.0,0.21428571428571427,0.0,0.0,0.0,0.0,0.0,0.0,0.0,0.07142857142857142,0.0,0.0,0.0,0.0,0.0,0.0,0.0,0.0,0.0,0.0,0.0,0.0,0.0,0.0,0.0,0.0,0.0,0.0,0.0,0.0,0.0,0.0,0.0,0.0,0.0,0.0,0.0,0.0,0.0,0.14285714285714285,0.0,0.0,0.0,0.0,0.0,0.0,0.0,0.0,0.0,0.5714285714285714,0.0,2.5757142857142856,0.98,3.44,2.46,1.0606717163175035,21.405112428571428,6.941,88.90585,81.96485,20.001559121105007,0.9249999999999998,0.6,1.8,1.2000000000000002,0.41822328281160326,74.92857142857143,12.0,101.0,89.0,38.04595770852908,2.357142857142857,2.0,5.0,3.0,0.8112726208286105,11.714285714285712,1.0,16.0,15.0,6.485462550180666,1.0962544222857142,0.3112922,1.461112979,1.149820779,0.43191303332325165,0.3457142857142857,0.0,1.04,1.04,0.41776128326583634,-0.47619047619047616,-2.0,3.0,5.0,1.8201442717729897
(Li2O)50(Al2O5)5(P2O5)45,-4.749579998,400,train,401.0,4,1.0152871339115241,0.6,0.02,0.6,0.0,0.0,0.0,0.0,0.2,0.0,0.0,0.0,0.0,0.0,0.0,0.0,0.0,0.0,0.0,0.0,0.0,0.0,0.0,0.0,0.0,0.0,0.0,0.02,0.0,0.0,0.0,0.0,0.0,0.0,0.0,0.0,0.0,0.0,0.0,0.0,0.0,0.0,0.0,0.0,0.0,0.0,0.18,0.0,0.0,0.0,0.0,0.0,0.0,0.0,0.0,0.0,0.6,0.0,2.6864000000000003,0.98,3.44,2.46,0.995306505554947,17.102747932,6.941,30.973762,24.032762,7.613630272925752,0.855,0.6,1.45,0.85,0.3416504061171302,80.8,12.0,101.0,89.0,34.73845131838782,2.2,2.0,3.0,1.0,0.39999999999999997,12.76,1.0,16.0,15.0,5.9044390080684215,1.1433239711999998,0.432835,1.461112979,1.0282779789999998,0.39268485977706663,0.29250000000000004,0.0,0.9,0.9,0.37417409049799266,-0.6399999999999999,-2.0,3.0,5.0,1.6942254867637896
Li8GeP4,-4.74472749489669,401,train,298.0,3,0.8587409130062869,0.6153846153846154,0.07692307692307693,0.0,0.0,0.0,0.0,0.0,0.6153846153846154,0.0,0.0,0.0,0.0,0.0,0.0,0.0,0.0,0.0,0.0,0.0,0.0,0.0,0.0,0.0,0.0,0.0,0.0,0.0,0.0,0.0,0.0,0.0,0.0,0.0,0.0,0.0,0.0,0.0,0.0,0.0,0.07692307692307693,0.0,0.0,0.0,0.0,0.0,0.3076923076923077,0.0,0.0,0.0,0.0,0.0,0.0,0.0,0.0,0.0,0.0,0.0,1.4315384615384614,0.98,2.19,1.21,0.5728987849101089,19.389465230769233,6.941,72.64,65.699,18.83555858266458,1.2961538461538462,1.0,1.45,0.44999999999999996,0.20424489303618082,41.53846153846154,12.0,90.0,78.0,37.3931614163614,2.4615384615384617,2.0,4.0,2.0,0.6343239424027171,6.307692307692308,1.0,15.0,14.0,6.718340172584015,0.7048851240769232,0.61804922,1.232676413,0.6146271930000001,0.16310709142796387,0.7823076923076924,0.55,0.9,0.35,0.15855859611628395,1.1794871794871797,0.6666666666666666,1.6666666666666667,1.0,0.33627889868215394
Li1.2Cr0.2Ti1.8(PO4)3,-4.73754891,402,train,298.0,5,1.0294638497997786,0.6593406593406593,0.01098901098901099,0.6593406593406593,0.0,0.0,0.0,0.0,0.06593406593406594,0.0,0.0,0.0,0.0,0.0,0.0,0.0,0.0,0.0,0.0,0.0,0.0,0.0,0.0,0.0,0.09890109890109891,0.0,0.0,0.0,0.0,0.0,0.01098901098901099,0.0,0.0,0.0,0.0,0.0,0.0,0.0,0.0,0.0,0.0,0.0,0.0,0.0,0.0,0.0,0.16483516483516483,0.0,0.0,0.0,0.0,0.0,0.0,0.0,0.0,0.0,0.6593406593406593,0.0,2.8642857142857143,0.98,3.44,2.46,0.8467379459647345,21.417753076923077,6.941,51.9961,45.055099999999996,11.30001952039124,0.8098901098901099,0.6,1.45,0.85,0.31668091371438367,87.8901098901099,12.0,101.0,89.0,25.275819374312462,2.3846153846153846,2.0,4.0,2.0,0.6756231274259076,13.54945054945055,1.0,16.0,15.0,4.933099100065914,1.1420883953846155,0.075545,1.461112979,1.385567979,0.4752708887404361,0.24456043956043955,0.0,0.94,0.94,0.3534202183558037,-0.5329670329670328,-2.0,4.5,6.5,2.1638076064861993
Li1.3Al0.15Y0.15Ti1.7(PO4)3,-4.721246399,403,train,298.0,6,1.0605227954425667,0.6557377049180328,0.00819672131147541,0.6557377049180328,0.0,0.0,0.0,0.0,0.07103825136612023,0.0,0.0,0.0,0.0,0.0,0.0,0.0,0.00819672131147541,0.0,0.0,0.0,0.0,0.0,0.0,0.0,0.09289617486338798,0.0,0.0,0.00819672131147541,0.0,0.0,0.0,0.0,0.0,0.0,0.0,0.0,0.0,0.0,0.0,0.0,0.0,0.0,0.0,0.0,0.0,0.0,0.1639344262295082,0.0,0.0,0.0,0.0,0.0,0.0,0.0,0.0,0.0,0.6557377049180328,0.0,2.850628415300547,0.98,3.44,2.46,0.8613278531825037,21.458710070491808,6.941,88.90585,81.96485,12.315899988542286,0.8154371584699456,0.6,1.8,1.2000000000000002,0.32536352117951095,87.4344262295082,12.0,101.0,89.0,26.10947560702946,2.382513661202186,2.0,5.0,3.0,0.6864179760113467,13.524590163934427,1.0,16.0,15.0,4.9855744604696115,1.1375241881967213,0.075545,1.461112979,1.385567979,0.4767786573816479,0.24727231329690347,0.0,1.04,1.04,0.3549207034653262,-0.546448087431694,-2.0,4.0,6.0,2.117696093964934
Li3.2Ge0.2V0.8O4,-4.721246399,404,train,303.0,4,1.0350051771580668,0.4878048780487804,0.024390243902439022,0.4878048780487804,0.0,0.0,0.0,0.0,0.39024390243902435,0.0,0.0,0.0,0.0,0.0,0.0,0.0,0.0,0.0,0.0,0.0,0.0,0.0,0.0,0.0,0.0,0.0,0.0,0.0,0.09756097560975609,0.0,0.0,0.0,0.0,0.0,0.0,0.0,0.0,0.0,0.0,0.0,0.024390243902439022,0.0,0.0,0.0,0.0,0.0,0.0,0.0,0.0,0.0,0.0,0.0,0.0,0.0,0.0,0.0,0.4878048780487804,0.0,2.268536585365854,0.98,3.44,2.46,1.1656622967759256,17.254878048780487,6.941,72.64,65.699,15.093374024022273,1.0207317073170732,0.6,1.45,0.85,0.41245481788860716,61.26829268292682,12.0,101.0,89.0,41.654223801431016,2.2439024390243905,2.0,4.0,2.0,0.6544589202438409,9.02439024390244,1.0,16.0,15.0,7.1448012991130305,1.0354724759268292,0.527662,1.461112979,0.933450979,0.4271758323410154,0.44585365853658543,0.0,0.9,0.9,0.43674852176865225,-0.08130081300813015,-2.0,5.0,7.0,2.1873998470977702
La0.36Sr0.3Li0.3TiO3,-4.71669877129645,405,train,298.0,5,1.156716479789809,0.6048387096774194,0.06048387096774193,0.6048387096774194,0.0,0.0,0.0,0.06048387096774193,0.06048387096774193,0.0,0.07258064516129031,0.0,0.0,0.0,0.0,0.0,0.0,0.0,0.0,0.0,0.0,0.0,0.0,0.0,0.20161290322580647,0.0,0.0,0.0,0.0,0.0,0.0,0.0,0.0,0.0,0.0,0.0,0.0,0.0,0.0,0.0,0.0,0.0,0.0,0.0,0.0,0.0,0.0,0.0,0.0,0.0,0.0,0.0,0.0,0.0,0.0,0.0,0.6048387096774194,0.0,2.587701612903226,0.95,3.44,2.49,1.0676436027898277,35.128925241935484,6.941,138.90547,131.96447,35.36127489693683,0.9953629032258065,0.6,2.0,1.4,0.5169590336717186,75.3991935483871,12.0,101.0,89.0,33.326795854541444,2.875,2.0,6.0,4.0,1.32154143869708,10.883064516129032,1.0,16.0,15.0,6.37017017261672,0.9799667610887096,0.052066,1.461112979,1.409046979,0.6147247444289747,0.3910456989247312,0.0,1.32,1.32,0.4973882042121486,-0.0040322580645161255,-2.0,4.0,6.0,2.5692003021383534
Li4Al0.33Si0.33P0.33O4,-4.714442691,406,train,349.66,5,1.0845690341695433,0.44493882091212456,0.03670745272525028,0.44493882091212456,0.0,0.0,0.0,0.0,0.44493882091212456,0.0,0.0,0.0,0.0,0.0,0.0,0.0,0.0,0.0,0.0,0.0,0.0,0.0,0.0,0.0,0.0,0.0,0.0,0.03670745272525028,0.0,0.0,0.0,0.0,0.0,0.0,0.0,0.0,0.03670745272525028,0.0,0.0,0.0,0.0,0.0,0.0,0.0,0.0,0.0,0.03670745272525028,0.0,0.0,0.0,0.0,0.0,0.0,0.0,0.0,0.0,0.44493882091212456,0.0,2.1758620689655173,0.98,3.44,2.46,1.1669993308265727,13.36541314771969,6.941,30.973762,24.032762,6.898662886128895,1.035094549499444,0.6,1.45,0.85,0.4033856535607791,59.63848720800891,12.0,101.0,89.0,42.937307278544495,2.1101223581757513,2.0,3.0,1.0,0.3130422086645226,9.10567296996663,1.0,16.0,15.0,7.286521381724807,1.0194001529143493,0.432835,1.461112979,1.0282779789999998,0.4229345611700646,0.465233592880979,0.0,0.9,0.9,0.42718951275270073,-0.2736373748609566,-2.0,3.0,5.0,1.6069066284716447
Li4SnSe4,-4.69897000433602,407,train,298.0,3,0.9649629230074277,0.4444444444444444,0.1111111111111111,0.4444444444444444,0.0,0.0,0.0,0.0,0.4444444444444444,0.0,0.0,0.0,0.0,0.0,0.0,0.0,0.0,0.0,0.0,0.0,0.0,0.0,0.0,0.0,0.0,0.0,0.0,0.0,0.0,0.0,0.0,0.0,0.0,0.0,0.0,0.0,0.0,0.0,0.0,0.1111111111111111,0.0,0.0,0.0,0.0,0.0,0.0,0.0,0.0,0.0,0.0,0.4444444444444444,0.0,0.0,0.0,0.0,0.0,0.0,0.0,1.7866666666666664,0.98,2.55,1.5699999999999998,0.7426379407969343,51.368222222222215,6.941,118.71,111.76899999999999,41.466522153493564,1.3166666666666664,1.15,1.45,0.30000000000000004,0.14907119849998599,55.888888888888886,12.0,93.0,81.0,39.36847143603465,3.2222222222222223,2.0,5.0,3.0,1.1331154474650633,9.11111111111111,1.0,16.0,15.0,7.279261935181866,1.2962984364444443,0.61804922,2.020604712,1.4025554919999998,0.6643715798298153,0.758888888888889,0.6000000000000001,0.9,0.29999999999999993,0.14363877876615383,1.6296296296296298,0.6666666666666666,2.5,1.8333333333333335,0.7848007444598922
Li6La2SrBi2O12,-4.69897000433602,408,test,298.0,5,1.2510583317959272,0.5217391304347826,0.043478260869565216,0.5217391304347826,0.0,0.0,0.0,0.043478260869565216,0.2608695652173913,0.0,0.08695652173913043,0.0,0.0,0.0,0.0,0.0,0.0,0.0,0.0,0.0,0.0,0.0,0.0,0.0,0.0,0.0,0.0,0.0,0.0,0.0,0.0,0.0,0.0,0.0,0.0,0.0,0.0,0.0,0.0,0.0,0.0,0.08695652173913043,0.0,0.0,0.0,0.0,0.0,0.0,0.0,0.0,0.0,0.0,0.0,0.0,0.0,0.0,0.5217391304347826,0.0,2.3630434782608694,0.95,3.44,2.49,1.1575364949927391,44.21871913043478,6.941,208.9804,202.0394,63.24602941829883,1.0869565217391304,0.6,2.0,1.4,0.531040281634394,66.91304347826087,12.0,101.0,89.0,40.56011431623357,2.8260869565217392,2.0,6.0,4.0,1.5784465096235953,10.260869565217392,1.0,16.0,15.0,7.004454429329381,1.0562405968695652,0.052066,1.461112979,1.409046979,0.44967743418212397,0.4840869565217391,0.0,1.32,1.32,0.5150852114429796,-0.17391304347826092,-2.0,3.0,5.0,2.014127795113125
(La0.5Li0.5)0.75(La0.5Na0.5)0.25TiO3,-4.698970004,409,train,675.0,5,1.1451334898071046,0.6,0.025,0.6,0.0,0.0,0.025,0.0,0.075,0.0,0.1,0.0,0.0,0.0,0.0,0.0,0.0,0.0,0.0,0.0,0.0,0.0,0.0,0.0,0.2,0.0,0.0,0.0,0.0,0.0,0.0,0.0,0.0,0.0,0.0,0.0,0.0,0.0,0.0,0.0,0.0,0.0,0.0,0.0,0.0,0.0,0.0,0.0,0.0,0.0,0.0,0.0,0.0,0.0,0.0,0.0,0.6,0.0,2.5787500000000003,0.93,3.44,2.51,1.0673241951253611,34.158906232,6.941,138.90547,131.96447,37.300228565053224,0.98875,0.6,1.95,1.35,0.49931046203739815,75.27499999999999,11.0,101.0,90.0,33.123999984905204,2.825,2.0,6.0,4.0,1.320747894187229,10.8,1.0,16.0,15.0,6.415605972938176,1.00758325515,0.075545,1.461112979,1.385567979,0.577986413821985,0.38403333333333334,0.0,1.172,1.172,0.4788883179939881,2.220446049250313e-16,-2.0,4.0,6.0,2.569046515733026
LiSr1.65Ti1.3Nb1.7O9,-4.698970004,410,train,298.0,5,1.19335214490369,0.6143344709897611,0.06825938566552901,0.6143344709897611,0.0,0.0,0.0,0.11262798634812286,0.06825938566552901,0.0,0.0,0.0,0.0,0.0,0.0,0.0,0.0,0.0,0.0,0.0,0.0,0.0,0.0,0.0,0.08873720136518772,0.0,0.11604095563139931,0.0,0.0,0.0,0.0,0.0,0.0,0.0,0.0,0.0,0.0,0.0,0.0,0.0,0.0,0.0,0.0,0.0,0.0,0.0,0.0,0.0,0.0,0.0,0.0,0.0,0.0,0.0,0.0,0.0,0.6143344709897611,0.0,2.6095221843003413,0.95,3.44,2.49,1.0653165869333063,35.19976423208191,6.941,92.90638,85.96538,31.482304425287772,0.9853242320819113,0.6,2.0,1.4,0.5120789928063414,75.2320819112628,12.0,101.0,89.0,34.625062360192445,2.8634812286689417,2.0,5.0,3.0,1.291266607255382,11.0580204778157,1.0,16.0,15.0,6.311053646521593,1.058824254675768,0.052066,1.461112979,1.409046979,0.5612074830337795,0.3808304891922639,0.0,1.32,1.32,0.4988902478694993,-5.551115123125783e-17,-2.0,5.0,7.0,2.701282718940217
Li0.36La0.55TiO3,-4.698970004,411,train,303.0,4,1.0618987755177889,0.6109979633401222,0.07331975560081468,0.6109979633401222,0.0,0.0,0.0,0.0,0.07331975560081468,0.0,0.11201629327902242,0.0,0.0,0.0,0.0,0.0,0.0,0.0,0.0,0.0,0.0,0.0,0.0,0.0,0.20366598778004075,0.0,0.0,0.0,0.0,0.0,0.0,0.0,0.0,0.0,0.0,0.0,0.0,0.0,0.0,0.0,0.0,0.0,0.0,0.0,0.0,0.0,0.0,0.0,0.0,0.0,0.0,0.0,0.0,0.0,0.0,0.0,0.6109979633401222,0.0,2.610549898167006,0.98,3.44,2.46,1.0508591689316358,35.593068940936874,6.941,138.90547,131.96447,39.00055477155727,0.9764765784114052,0.6,1.95,1.35,0.49571648753039677,76.67413441955193,12.0,101.0,89.0,31.87705063910911,2.8553971486761713,2.0,6.0,4.0,1.369386856086036,11.000000000000002,1.0,16.0,15.0,6.305204264309282,1.0158924778411407,0.075545,1.461112979,1.385567979,0.5799505766877209,0.3707264086897488,0.0,1.172,1.172,0.47280124329998513,0.0020366598778004397,-2.0,4.0,6.0,2.6046323934424414
Li5La3Bi2O12,-4.698970004,412,train,298.0,4,1.1570333357787375,0.5454545454545454,0.09090909090909091,0.5454545454545454,0.0,0.0,0.0,0.0,0.22727272727272727,0.0,0.13636363636363635,0.0,0.0,0.0,0.0,0.0,0.0,0.0,0.0,0.0,0.0,0.0,0.0,0.0,0.0,0.0,0.0,0.0,0.0,0.0,0.0,0.0,0.0,0.0,0.0,0.0,0.0,0.0,0.0,0.0,0.0,0.09090909090909091,0.0,0.0,0.0,0.0,0.0,0.0,0.0,0.0,0.0,0.0,0.0,0.0,0.0,0.0,0.5454545454545454,0.0,2.4327272727272726,0.98,3.44,2.46,1.1361105172640629,48.244318636363644,6.941,208.9804,202.0394,66.51628194055165,1.0681818181818181,0.6,1.95,1.35,0.5333311811251341,70.22727272727272,12.0,101.0,89.0,38.75087309067057,2.909090909090909,2.0,6.0,4.0,1.6762808104168887,10.727272727272727,1.0,16.0,15.0,6.816969589206431,1.0991347594545453,0.5575462,1.461112979,0.9035667789999999,0.40780259687262543,0.4584545454545454,0.0,1.172,1.172,0.5085286017944076,-0.18181818181818177,-2.0,3.0,5.0,2.1027333647673414
Li1.4Lu0.4Hf1.6(PO4)3,-4.68613278,413,train,298.0,5,1.0660861369642038,0.6521739130434783,0.02173913043478261,0.6521739130434783,0.0,0.0,0.0,0.0,0.07608695652173914,0.0,0.0,0.0,0.0,0.0,0.0,0.0,0.0,0.0,0.02173913043478261,0.08695652173913045,0.0,0.0,0.0,0.0,0.0,0.0,0.0,0.0,0.0,0.0,0.0,0.0,0.0,0.0,0.0,0.0,0.0,0.0,0.0,0.0,0.0,0.0,0.0,0.0,0.0,0.0,0.16304347826086957,0.0,0.0,0.0,0.0,0.0,0.0,0.0,0.0,0.0,0.6521739130434783,0.0,2.8157608695652177,0.98,3.44,2.46,0.9089126730134536,35.33708076086957,6.941,178.49,171.549,50.141299138650425,0.8375000000000001,0.6,1.75,1.15,0.36315532968450415,86.23913043478262,12.0,101.0,89.0,27.80888564799005,2.597826086956522,2.0,6.0,4.0,1.2428909376118775,13.369565217391305,1.0,16.0,15.0,5.153549623706709,1.1423321731521738,0.17807,1.461112979,1.283042979,0.45969308855557345,0.25382608695652176,0.0,1.001,1.001,0.36212169491507457,-0.5434782608695652,-2.0,4.0,6.0,2.1045828710510817
Li1.4Y0.4Hf1.6(PO4)3,-4.679853714,414,train,298.0,5,1.0660861369642038,0.6521739130434783,0.02173913043478261,0.6521739130434783,0.0,0.0,0.0,0.0,0.07608695652173914,0.0,0.0,0.0,0.0,0.0,0.0,0.0,0.02173913043478261,0.0,0.0,0.08695652173913045,0.0,0.0,0.0,0.0,0.0,0.0,0.0,0.0,0.0,0.0,0.0,0.0,0.0,0.0,0.0,0.0,0.0,0.0,0.0,0.0,0.0,0.0,0.0,0.0,0.0,0.0,0.16304347826086957,0.0,0.0,0.0,0.0,0.0,0.0,0.0,0.0,0.0,0.6521739130434783,0.0,2.814673913043478,0.98,3.44,2.46,0.9107885392518474,33.46618619565217,6.941,178.49,171.549,46.3594138935811,0.838586956521739,0.6,1.8,1.2000000000000002,0.3659489793428062,86.34782608695652,12.0,101.0,89.0,27.5584102142154,2.576086956521739,2.0,6.0,4.0,1.1908500403180577,13.369565217391301,1.0,16.0,15.0,5.153549623706708,1.1439065688043475,0.17807,1.461112979,1.283042979,0.4567104819316771,0.25467391304347825,0.0,1.04,1.04,0.3639112740853561,-0.5434782608695649,-2.0,4.0,6.0,2.104582871051081
Li5.70La3Ta1.65Sm0.35O12,-4.6675615400844,415,train,298.0,5,1.2063201957854948,0.5286343612334802,0.015418502202643172,0.5286343612334802,0.0,0.0,0.0,0.0,0.2511013215859031,0.0,0.13215859030837004,0.0,0.0,0.0,0.015418502202643172,0.0,0.0,0.0,0.0,0.0,0.0,0.0,0.0,0.07268722466960352,0.0,0.0,0.0,0.0,0.0,0.0,0.0,0.0,0.0,0.0,0.0,0.0,0.0,0.0,0.0,0.0,0.0,0.0,0.0,0.0,0.0,0.0,0.0,0.0,0.0,0.0,0.0,0.0,0.0,0.0,0.0,0.0,0.5286343612334802,0.0,2.337026431718061,0.98,3.44,2.46,1.1745966461895292,44.02920317180617,6.941,180.94788,174.00688,59.05361671320709,1.072907488986784,0.6,1.95,1.35,0.524639087429113,64.97797356828194,12.0,101.0,89.0,39.48639925708662,2.881057268722467,2.0,6.0,4.0,1.6576993587865003,9.515418502202643,1.0,16.0,15.0,6.941446749391343,1.0276736842070484,0.162,1.461112979,1.299112979,0.466591403286122,0.4594339207048458,0.0,1.229,1.229,0.4959910239649414,-5.551115123125783e-17,-2.0,5.0,7.0,2.3475547311743408
(Li2O)50(LiF)20(P2O5)30,-4.649751982,416,test,361.0,4,1.1421200429883351,0.5,0.05,0.55,0.0,0.0,0.0,0.0,0.3,0.0,0.0,0.0,0.0,0.0,0.0,0.0,0.0,0.0,0.0,0.0,0.0,0.0,0.0,0.0,0.0,0.0,0.0,0.0,0.0,0.0,0.0,0.0,0.0,0.0,0.0,0.0,0.0,0.0,0.0,0.0,0.0,0.0,0.0,0.0,0.0,0.0,0.15,0.0,0.0,0.0,0.0,0.0,0.0,0.0,0.0,0.0,0.5,0.05,2.5415,0.98,3.98,3.0,1.1212193139613675,15.677984460000001,6.941,30.973762,24.032762,7.654900641052346,0.91,0.5,1.45,0.95,0.3809855640309748,72.7,12.0,102.0,90.0,39.92004509015489,2.15,2.0,3.0,1.0,0.3570714214271425,11.4,1.0,17.0,16.0,6.822023160324216,1.1980221132,0.61804922,3.401189824,2.7831406039999997,0.6393609480583112,0.36350000000000005,0.0,0.9,0.9,0.3983249301763574,-0.5,-2.0,1.6666666666666667,3.666666666666667,1.5864005379054391
Li6BaLa2Ta2O12,-4.647817482,417,train,290.0,5,1.2510583317959272,0.5217391304347826,0.043478260869565216,0.5217391304347826,0.0,0.043478260869565216,0.0,0.0,0.2608695652173913,0.0,0.08695652173913043,0.0,0.0,0.0,0.0,0.0,0.0,0.0,0.0,0.0,0.0,0.0,0.0,0.08695652173913043,0.0,0.0,0.0,0.0,0.0,0.0,0.0,0.0,0.0,0.0,0.0,0.0,0.0,0.0,0.0,0.0,0.0,0.0,0.0,0.0,0.0,0.0,0.0,0.0,0.0,0.0,0.0,0.0,0.0,0.0,0.0,0.0,0.5217391304347826,0.0,2.315217391304348,0.89,3.44,2.55,1.1830758348482528,43.94228260869565,6.941,180.94788,174.00688,59.66646882401103,1.0804347826086955,0.6,2.15,1.5499999999999998,0.5323735061913937,63.826086956521735,12.0,101.0,89.0,40.3039022535288,2.869565217391304,2.0,6.0,4.0,1.6498839966095893,9.391304347826086,1.0,16.0,15.0,6.982830685734351,1.0069168664347825,0.144626,1.461112979,1.316486979,0.4867717717776901,0.47278260869565214,0.0,1.49,1.49,0.5120729360857256,5.551115123125783e-17,-2.0,5.0,7.0,2.3405684928164816
Li2.7Cr1.7Hf0.3(PO4)3,-4.647817482,418,test,444.0,5,1.1360819537086124,0.6091370558375635,0.015228426395939087,0.6091370558375635,0.0,0.0,0.0,0.0,0.1370558375634518,0.0,0.0,0.0,0.0,0.0,0.0,0.0,0.0,0.0,0.0,0.015228426395939087,0.0,0.0,0.0,0.0,0.0,0.0,0.0,0.0,0.0,0.0,0.08629441624365482,0.0,0.0,0.0,0.0,0.0,0.0,0.0,0.0,0.0,0.0,0.0,0.0,0.0,0.0,0.0,0.15228426395939088,0.0,0.0,0.0,0.0,0.0,0.0,0.0,0.0,0.0,0.6091370558375635,0.0,2.7262944162436553,0.98,3.44,2.46,0.9492791679478625,22.619043451776648,6.941,178.49,171.549,22.70395316626884,0.8609137055837564,0.6,1.55,0.9500000000000001,0.35253998968900463,82.55329949238579,12.0,101.0,89.0,31.15188682191059,2.3857868020304567,2.0,6.0,4.0,0.7696007371671032,12.746192893401016,1.0,16.0,15.0,5.587926453897071,1.1494626919289341,0.17807,1.461112979,1.283042979,0.395350192709916,0.30116751269035535,0.0,0.94,0.94,0.39195871190467974,-0.37817258883248733,-2.0,4.5,6.5,2.2010720455201183
Li(Ti1.4Sn0.6)(PO4)3,-4.64206515299955,419,test,298.0,5,1.041522734536696,0.6666666666666666,0.03333333333333333,0.6666666666666666,0.0,0.0,0.0,0.0,0.05555555555555555,0.0,0.0,0.0,0.0,0.0,0.0,0.0,0.0,0.0,0.0,0.0,0.0,0.0,0.0,0.0,0.07777777777777778,0.0,0.0,0.0,0.0,0.0,0.0,0.0,0.0,0.0,0.0,0.0,0.0,0.0,0.0,0.03333333333333333,0.0,0.0,0.0,0.0,0.0,0.0,0.16666666666666666,0.0,0.0,0.0,0.0,0.0,0.0,0.0,0.0,0.0,0.6666666666666666,0.0,2.8978888888888883,0.98,3.44,2.46,0.8102612671155238,23.894160333333332,6.941,118.71,111.76899999999999,20.25435583136955,0.8044444444444444,0.6,1.45,0.85,0.3144346288220639,89.73333333333333,12.0,101.0,89.0,23.20622521843845,2.4222222222222225,2.0,5.0,3.0,0.7742778395637487,14.0,1.0,16.0,15.0,4.472135954999579,1.1757909676666667,0.075545,1.461112979,1.385567979,0.4433311232156168,0.23557407407407407,0.0,0.9,0.9,0.34539815646343597,-0.6666666666666665,-2.0,4.0,6.0,1.9999999999999998
(Ag0.5Li0.5)0.27La0.57TiO3,-4.63827216398241,420,test,298.0,5,1.0738652687636623,0.6198347107438017,0.02789256198347108,0.6198347107438017,0.0,0.0,0.0,0.0,0.02789256198347108,0.0,0.11776859504132231,0.0,0.0,0.0,0.0,0.0,0.0,0.0,0.0,0.0,0.0,0.0,0.0,0.0,0.2066115702479339,0.0,0.0,0.0,0.0,0.0,0.0,0.0,0.0,0.0,0.0,0.0,0.0,0.0,0.02789256198347108,0.0,0.0,0.0,0.0,0.0,0.0,0.0,0.0,0.0,0.0,0.0,0.0,0.0,0.0,0.0,0.0,0.0,0.6198347107438017,0.0,2.6611260330578514,0.98,3.44,2.46,1.0082010166136475,39.367884276859506,6.941,138.90547,131.96447,40.9931264763876,0.9758780991735536,0.6,1.95,1.35,0.5036122139103585,79.34194214876034,12.0,101.0,89.0,28.949261276576006,2.96797520661157,2.0,6.0,4.0,1.422954974301513,11.431818181818183,1.0,16.0,15.0,5.9799510072898405,1.040542514607438,0.075545,1.461112979,1.385567979,0.5800279693674906,0.3694022038567493,0.0,1.172,1.172,0.48031203875952194,-0.004132231404958775,-2.0,4.0,6.0,2.626939163921503
Li1.6Al0.6Ti1.4(PO4)3,-4.63827216398241,421,train,298.0,5,1.0935224287157355,0.6451612903225806,0.03225806451612903,0.6451612903225806,0.0,0.0,0.0,0.0,0.08602150537634408,0.0,0.0,0.0,0.0,0.0,0.0,0.0,0.0,0.0,0.0,0.0,0.0,0.0,0.0,0.0,0.07526881720430106,0.0,0.0,0.03225806451612903,0.0,0.0,0.0,0.0,0.0,0.0,0.0,0.0,0.0,0.0,0.0,0.0,0.0,0.0,0.0,0.0,0.0,0.0,0.16129032258064516,0.0,0.0,0.0,0.0,0.0,0.0,0.0,0.0,0.0,0.6451612903225806,0.0,2.8247311827956985,0.98,3.44,2.46,0.879646301594768,20.388301567741934,6.941,47.867,40.925999999999995,10.212332181672714,0.8188172043010752,0.6,1.45,0.85,0.31918191618259095,87.12903225806451,12.0,101.0,89.0,26.662456310003215,2.344086021505376,2.0,4.0,2.0,0.6133746536323295,13.548387096774194,1.0,16.0,15.0,4.963341159245384,1.135888485483871,0.075545,1.461112979,1.385567979,0.4651019723251667,0.25200716845878135,0.0,0.9,0.9,0.3524952493083182,-0.5376344086021505,-2.0,4.0,6.0,2.078525496380255
La0.313Li0.06NbO3,-4.632644079,422,test,298.0,4,0.8435109190540659,0.686027898467871,0.013720557969357419,0.686027898467871,0.0,0.0,0.0,0.0,0.013720557969357419,0.0,0.07157557740681454,0.0,0.0,0.0,0.0,0.0,0.0,0.0,0.0,0.0,0.0,0.0,0.0,0.0,0.0,0.0,0.228675966155957,0.0,0.0,0.0,0.0,0.0,0.0,0.0,0.0,0.0,0.0,0.0,0.0,0.0,0.0,0.0,0.0,0.0,0.0,0.0,0.0,0.0,0.0,0.0,0.0,0.0,0.0,0.0,0.0,0.0,0.686027898467871,0.0,2.8179967985364742,0.98,3.44,2.46,0.928583829625979,42.2589645803796,6.941,138.90547,131.96447,41.77703609108385,0.9026640750057169,0.6,1.95,1.35,0.4625715471204352,83.93528470157787,12.0,101.0,89.0,25.986745225432006,2.972330208095129,2.0,6.0,4.0,1.502620011958555,12.348273496455523,1.0,16.0,15.0,5.433054718391736,1.26053986983764,0.5575462,1.461112979,0.9035667789999999,0.3091268022155152,0.28374937114109305,0.0,1.172,1.172,0.427406988586103,-0.00022867596615583352,-2.0,5.0,7.0,3.0197535412858447
Li1.7Fe0.7Ge1.3(PO4)3,-4.625251654,423,train,298.0,5,1.1045563702072443,0.6417112299465241,0.0374331550802139,0.6417112299465241,0.0,0.0,0.0,0.0,0.09090909090909091,0.0,0.0,0.0,0.0,0.0,0.0,0.0,0.0,0.0,0.0,0.0,0.0,0.0,0.0,0.0,0.0,0.0,0.0,0.0,0.0,0.0,0.0,0.0,0.0,0.0,0.0374331550802139,0.0,0.0,0.0,0.0,0.0,0.06951871657754011,0.0,0.0,0.0,0.0,0.0,0.16042780748663102,0.0,0.0,0.0,0.0,0.0,0.0,0.0,0.0,0.0,0.6417112299465241,0.0,2.856149732620321,0.98,3.44,2.46,0.8361352006923443,23.007341497326205,6.941,72.64,65.699,16.636700382650776,0.8165775401069518,0.6,1.45,0.85,0.31268724551258625,88.46524064171123,12.0,101.0,89.0,25.736480700473304,2.374331550802139,2.0,4.0,2.0,0.6694110726539506,14.037433155080214,1.0,16.0,15.0,4.408752820548861,1.205005964379679,0.15323635,1.461112979,1.307876629,0.38546468326540906,0.2554946524064171,0.0,0.9,0.9,0.3539924921003013,-0.7852049910873442,-2.0,2.5,4.5,1.6588231846281323
Li5.5La3Nb1.75In0.25O12,-4.619788758,424,train,298.0,5,1.1969115221268771,0.5333333333333333,0.011111111111111112,0.5333333333333333,0.0,0.0,0.0,0.0,0.24444444444444444,0.0,0.13333333333333333,0.0,0.0,0.0,0.0,0.0,0.0,0.0,0.0,0.0,0.0,0.0,0.0,0.0,0.0,0.0,0.07777777777777778,0.0,0.0,0.0,0.0,0.0,0.011111111111111112,0.0,0.0,0.0,0.0,0.0,0.0,0.0,0.0,0.0,0.0,0.0,0.0,0.0,0.0,0.0,0.0,0.0,0.0,0.0,0.0,0.0,0.0,0.0,0.5333333333333333,0.0,2.365111111111111,0.98,3.44,2.46,1.1609978892166135,37.2522388888889,6.941,138.90547,131.96447,46.379167040831966,1.0644444444444443,0.6,1.95,1.35,0.5197352127362785,66.2,12.0,101.0,89.0,39.068088711319824,2.8,2.0,6.0,4.0,1.514375558880073,9.71111111111111,1.0,16.0,15.0,6.891612364871832,1.0802981692444444,0.383926,1.461112979,1.077186979,0.41648916908575756,0.4504888888888889,0.0,1.172,1.172,0.4902242852782216,0.0,-2.0,5.0,7.0,2.3711225658371653
Li1.7Ga0.7Ge1.3(PO4)3,-4.614393726,425,train,298.0,5,1.1045563702072443,0.6417112299465241,0.0374331550802139,0.6417112299465241,0.0,0.0,0.0,0.0,0.09090909090909091,0.0,0.0,0.0,0.0,0.0,0.0,0.0,0.0,0.0,0.0,0.0,0.0,0.0,0.0,0.0,0.0,0.0,0.0,0.0,0.0,0.0,0.0,0.0,0.0,0.0374331550802139,0.0,0.0,0.0,0.0,0.0,0.0,0.06951871657754011,0.0,0.0,0.0,0.0,0.0,0.16042780748663102,0.0,0.0,0.0,0.0,0.0,0.0,0.0,0.0,0.0,0.6417112299465241,0.0,2.8554010695187166,0.98,3.44,2.46,0.837062104915452,23.526838823529413,6.941,72.64,65.699,17.828002064870713,0.8128342245989304,0.6,1.45,0.85,0.3062119592085957,89.21390374331551,12.0,101.0,89.0,25.212195064054892,2.374331550802139,2.0,4.0,2.0,0.6694110726539506,14.224598930481283,1.0,16.0,15.0,4.251811092512926,1.210543443524064,0.30116615,1.461112979,1.159946829,0.3711107812275331,0.2520320855614973,0.0,0.9,0.9,0.3485464684683331,-0.7664884135472372,-2.0,3.0,5.0,1.6981395479337742
Li6MgLa2Ta2O12,-4.610833916,426,train,373.0,5,1.2510583317959272,0.5217391304347826,0.043478260869565216,0.5217391304347826,0.0,0.0,0.0,0.0,0.2608695652173913,0.0,0.08695652173913043,0.0,0.0,0.0,0.0,0.0,0.0,0.0,0.0,0.0,0.043478260869565216,0.0,0.0,0.08695652173913043,0.0,0.0,0.0,0.0,0.0,0.0,0.0,0.0,0.0,0.0,0.0,0.0,0.0,0.0,0.0,0.0,0.0,0.0,0.0,0.0,0.0,0.0,0.0,0.0,0.0,0.0,0.0,0.0,0.0,0.0,0.0,0.0,0.5217391304347826,0.0,2.3334782608695654,0.98,3.44,2.46,1.1640245354341237,39.02828260869565,6.941,180.94788,174.00688,56.33422770753977,1.0521739130434782,0.6,1.95,1.35,0.4904475021477313,66.39130434782608,12.0,101.0,89.0,38.90427396933768,2.739130434782609,2.0,6.0,4.0,1.5098917699291599,9.391304347826086,1.0,16.0,15.0,6.982830685734351,0.9823679099130433,-0.42,1.461112979,1.8811129789999999,0.540871304135031,0.44539130434782614,0.0,1.172,1.172,0.47222781340204073,5.551115123125783e-17,-2.0,5.0,7.0,2.3405684928164816
Li1.1Sc0.1Hf1.9(PO4)3,-4.610833916,427,test,298.0,5,1.0059217871296122,0.6629834254143646,0.0055248618784530384,0.6629834254143646,0.0,0.0,0.0,0.0,0.06077348066298342,0.0,0.0,0.0,0.0,0.0,0.0,0.0,0.0,0.0,0.0,0.10497237569060772,0.0,0.0,0.0055248618784530384,0.0,0.0,0.0,0.0,0.0,0.0,0.0,0.0,0.0,0.0,0.0,0.0,0.0,0.0,0.0,0.0,0.0,0.0,0.0,0.0,0.0,0.0,0.0,0.16574585635359115,0.0,0.0,0.0,0.0,0.0,0.0,0.0,0.0,0.0,0.6629834254143646,0.0,2.8471823204419895,0.98,3.44,2.46,0.8831512605888633,35.14783299447513,6.941,178.49,171.549,49.51493008332684,0.8232044198895029,0.6,1.6,1.0,0.3476641981518908,87.96132596685084,12.0,101.0,89.0,25.330165590646004,2.5966850828729284,2.0,6.0,4.0,1.2293779836950285,13.591160220994476,1.0,16.0,15.0,4.90785020976716,1.149685538287293,0.17807,1.461112979,1.283042979,0.46120047507982087,0.23997237569060773,0.0,0.9,0.9,0.34921003875976875,-0.552486187845304,-2.0,4.0,6.0,2.1440972736921617
(LiCl)0.25((Li2O)0.6(P2O5)0.4)0.75,-4.603800653,428,test,326.63,4,1.1686713901245764,0.4936708860759494,0.06329113924050633,0.5569620253164558,0.0,0.0,0.0,0.0,0.2911392405063291,0.0,0.0,0.0,0.0,0.0,0.0,0.0,0.0,0.0,0.0,0.0,0.0,0.0,0.0,0.0,0.0,0.0,0.0,0.0,0.0,0.0,0.0,0.0,0.0,0.0,0.0,0.0,0.0,0.0,0.0,0.0,0.0,0.0,0.0,0.0,0.0,0.0,0.15189873417721522,0.0,0.0,0.0,0.0,0.0,0.0,0.0,0.0,0.06329113924050633,0.4936708860759494,0.0,2.5162025316455696,0.98,3.44,2.46,1.0727349452583341,16.867971443037977,6.941,35.453,28.512000000000004,9.008187642490599,0.9335443037974683,0.6,1.45,0.85,0.365413024421572,73.29113924050634,12.0,101.0,89.0,39.4584068463747,2.2151898734177218,2.0,3.0,1.0,0.41095400204425137,11.544303797468356,1.0,17.0,16.0,6.772613257678815,1.2433097969746836,0.61804922,3.61272528,2.9946760599999998,0.7280383431005083,0.36677215189873424,0.0,0.9,0.9,0.3928780836233702,-0.2531645569620253,-2.0,3.0,5.0,1.786978363982885
Li1.5Sc0.5Ge1.5(PO4)3,-4.600326279,429,train,298.0,5,1.0807686565434764,0.6486486486486487,0.02702702702702703,0.6486486486486487,0.0,0.0,0.0,0.0,0.08108108108108109,0.0,0.0,0.0,0.0,0.0,0.0,0.0,0.0,0.0,0.0,0.0,0.0,0.0,0.02702702702702703,0.0,0.0,0.0,0.0,0.0,0.0,0.0,0.0,0.0,0.0,0.0,0.0,0.0,0.0,0.0,0.0,0.0,0.08108108108108109,0.0,0.0,0.0,0.0,0.0,0.16216216216216217,0.0,0.0,0.0,0.0,0.0,0.0,0.0,0.0,0.0,0.6486486486486487,0.0,2.8656756756756763,0.98,3.44,2.46,0.834824922705647,23.068299567567568,6.941,72.64,65.699,16.608073262514818,0.8135135135135135,0.6,1.6,1.0,0.3165798325192644,88.40540540540542,12.0,101.0,89.0,26.61584516833602,2.378378378378378,2.0,4.0,2.0,0.6718812375489759,14.108108108108109,1.0,16.0,15.0,4.440500238339259,1.2237276563513515,0.17938023,1.461112979,1.281732749,0.3642740477842326,0.24851351351351356,0.0,0.9,0.9,0.34958830007183406,-0.810810810810811,-2.0,3.0,5.0,1.6577066189400709
Li5.4La3Nb1.8Y0.75O12,-4.599980365,430,train,298.0,5,1.2569115985882733,0.5228758169934641,0.032679738562091505,0.5228758169934641,0.0,0.0,0.0,0.0,0.23529411764705885,0.0,0.13071895424836602,0.0,0.0,0.0,0.0,0.0,0.032679738562091505,0.0,0.0,0.0,0.0,0.0,0.0,0.0,0.0,0.0,0.07843137254901962,0.0,0.0,0.0,0.0,0.0,0.0,0.0,0.0,0.0,0.0,0.0,0.0,0.0,0.0,0.0,0.0,0.0,0.0,0.0,0.0,0.0,0.0,0.0,0.0,0.0,0.0,0.0,0.0,0.0,0.5228758169934641,0.0,2.338431372549019,0.98,3.44,2.46,1.1631049934044775,38.348648431372546,6.941,138.90547,131.96447,46.17409223458742,1.0823529411764703,0.6,1.95,1.35,0.5284850276518094,64.92156862745097,12.0,101.0,89.0,39.19209094078357,2.856209150326797,2.0,6.0,4.0,1.5357112876027574,9.483660130718953,1.0,16.0,15.0,6.898048009546266,1.064412282614379,0.3112922,1.461112979,1.149820779,0.42776127404571224,0.4632679738562091,0.0,1.172,1.172,0.49356675726418897,0.0718954248366014,-2.0,5.0,7.0,2.398541428145048
Li0.25La0.25TaO3,-4.58335949266172,431,train,298.0,4,0.9257019111219666,0.6666666666666666,0.05555555555555555,0.6666666666666666,0.0,0.0,0.0,0.0,0.05555555555555555,0.0,0.05555555555555555,0.0,0.0,0.0,0.0,0.0,0.0,0.0,0.0,0.0,0.0,0.0,0.0,0.2222222222222222,0.0,0.0,0.0,0.0,0.0,0.0,0.0,0.0,0.0,0.0,0.0,0.0,0.0,0.0,0.0,0.0,0.0,0.0,0.0,0.0,0.0,0.0,0.0,0.0,0.0,0.0,0.0,0.0,0.0,0.0,0.0,0.0,0.6666666666666666,0.0,2.7422222222222223,0.98,3.44,2.46,0.9949179505843995,58.979488333333336,6.941,180.94788,174.00688,71.01204005664034,0.9111111111111111,0.6,1.95,1.35,0.4529396438684235,81.3888888888889,12.0,101.0,89.0,29.08443434188904,3.111111111111111,2.0,6.0,4.0,1.7916128329552334,12.0,1.0,16.0,15.0,5.725188012439223,1.112466004888889,0.32885923,1.461112979,1.132253749,0.4981743786805121,0.2973333333333334,0.0,1.172,1.172,0.426995706457727,0.0,-2.0,5.0,7.0,2.96273147243853
Li6PS5Br0.5I0.5,-4.58169870868025,432,train,298.0,5,1.1722878807708532,0.46153846153846156,0.038461538461538464,0.46153846153846156,0.0,0.0,0.0,0.0,0.46153846153846156,0.0,0.0,0.0,0.0,0.0,0.0,0.0,0.0,0.0,0.0,0.0,0.0,0.0,0.0,0.0,0.0,0.0,0.0,0.0,0.0,0.0,0.0,0.0,0.0,0.0,0.0,0.0,0.0,0.0,0.0,0.0,0.0,0.0,0.0,0.0,0.0,0.0,0.07692307692307693,0.0,0.0,0.0,0.0,0.38461538461538464,0.038461538461538464,0.038461538461538464,0.0,0.0,0.0,0.0,1.8292307692307692,0.98,2.96,1.98,0.7971097939861479,25.872999769230766,6.941,126.90447,119.96347,26.21156421631944,1.228846153846154,1.0,1.45,0.44999999999999996,0.2193403909465644,56.11538461538461,12.0,98.0,86.0,40.86970565390319,2.653846153846154,2.0,5.0,3.0,0.7307692307692307,9.076923076923077,1.0,17.0,16.0,7.488057553007974,1.3885956268076924,0.61804922,3.3635883,2.74553908,0.8633708143172518,0.6942307692307693,0.47,0.9,0.43000000000000005,0.20591583562452587,1.7435897435897436,1.0,3.0,2.0,0.7341352975497645
Li4Nd3TeSbO12,-4.578396073,433,train,473.0,5,1.2035750992500949,0.5714285714285714,0.047619047619047616,0.5714285714285714,0.0,0.0,0.0,0.0,0.19047619047619047,0.0,0.0,0.0,0.0,0.14285714285714285,0.0,0.0,0.0,0.0,0.0,0.0,0.0,0.0,0.0,0.0,0.0,0.0,0.0,0.0,0.0,0.0,0.0,0.0,0.0,0.0,0.0,0.0,0.0,0.0,0.0,0.0,0.0,0.0,0.0,0.047619047619047616,0.047619047619047616,0.0,0.0,0.0,0.0,0.0,0.0,0.0,0.0,0.0,0.0,0.0,0.5714285714285714,0.0,2.512857142857143,0.98,3.44,2.46,1.107391369958473,42.944895238095235,6.941,144.242,137.301,52.58075705095811,1.019047619047619,0.6,1.85,1.25,0.5001133658329951,72.85714285714285,12.0,101.0,89.0,38.062962517994556,2.857142857142857,2.0,6.0,4.0,1.5518257844571735,11.238095238095237,1.0,16.0,15.0,6.6612222666840815,1.1103004484761902,0.0974933,1.9708757,1.8733824,0.5463279717428177,0.43640476190476185,0.0,1.2765,1.2765,0.51809404871187,-0.32539682539682535,-2.0,3.0,5.0,2.0213648477750397
Li0.5La0.5TiO3,-4.576754126,434,train,343.0,4,1.0888999753452238,0.6,0.1,0.6,0.0,0.0,0.0,0.0,0.1,0.0,0.1,0.0,0.0,0.0,0.0,0.0,0.0,0.0,0.0,0.0,0.0,0.0,0.0,0.0,0.2,0.0,0.0,0.0,0.0,0.0,0.0,0.0,0.0,0.0,0.0,0.0,0.0,0.0,0.0,0.0,0.0,0.0,0.0,0.0,0.0,0.0,0.0,0.0,0.0,0.0,0.0,0.0,0.0,0.0,0.0,0.0,0.6,0.0,2.58,0.98,3.44,2.46,1.0654201049351377,33.757687000000004,6.941,138.90547,131.96447,37.50396904486405,0.98,0.6,1.95,1.35,0.48795491595023405,75.3,12.0,101.0,89.0,33.0758219852508,2.8,2.0,6.0,4.0,1.3266499161421599,10.8,1.0,16.0,15.0,6.4156059729381765,1.0093363294,0.075545,1.461112979,1.385567979,0.5766944826746587,0.37753333333333333,0.0,1.172,1.172,0.4699938344749263,1.1102230246251565e-16,-2.0,4.0,6.0,2.569046515733026
Li1.7Fe0.7Hf1.3(PO4)3,-4.571865206,435,train,444.0,5,1.1045563702072443,0.6417112299465241,0.0374331550802139,0.6417112299465241,0.0,0.0,0.0,0.0,0.09090909090909091,0.0,0.0,0.0,0.0,0.0,0.0,0.0,0.0,0.0,0.0,0.06951871657754011,0.0,0.0,0.0,0.0,0.0,0.0,0.0,0.0,0.0,0.0,0.0,0.0,0.0,0.0,0.0374331550802139,0.0,0.0,0.0,0.0,0.0,0.0,0.0,0.0,0.0,0.0,0.0,0.16042780748663102,0.0,0.0,0.0,0.0,0.0,0.0,0.0,0.0,0.0,0.6417112299465241,0.0,2.8067914438502672,0.98,3.44,2.46,0.9029170636797222,30.365897647058826,6.941,178.49,171.549,41.61711220600706,0.8374331550802139,0.6,1.55,0.9500000000000001,0.34881746689479454,86.10160427807486,12.0,101.0,89.0,27.536370651489975,2.5133689839572195,2.0,6.0,4.0,1.0765278349206122,13.342245989304812,1.0,16.0,15.0,5.094873304898288,1.1316910800534759,0.15323635,1.461112979,1.307876629,0.465262276012357,0.2610561497326203,0.0,0.9,0.9,0.36255691170750926,-0.553475935828877,-2.0,4.0,6.0,2.0355117003396197
Li6.25Ba1.25La1.75Ta2O12,-4.568636236,436,test,291.0,5,1.257399094397555,0.5161290322580645,0.053763440860215055,0.5161290322580645,0.0,0.053763440860215055,0.0,0.0,0.26881720430107525,0.0,0.07526881720430108,0.0,0.0,0.0,0.0,0.0,0.0,0.0,0.0,0.0,0.0,0.0,0.0,0.08602150537634409,0.0,0.0,0.0,0.0,0.0,0.0,0.0,0.0,0.0,0.0,0.0,0.0,0.0,0.0,0.0,0.0,0.0,0.0,0.0,0.0,0.0,0.0,0.0,0.0,0.0,0.0,0.0,0.0,0.0,0.0,0.0,0.0,0.5161290322580645,0.0,2.298602150537634,0.89,3.44,2.55,1.1872128663819737,43.52744655913978,6.941,180.94788,174.00688,59.4403866272137,1.0865591397849461,0.6,2.15,1.5499999999999998,0.534766544629686,63.064516129032256,12.0,101.0,89.0,40.641312328425386,2.8602150537634405,2.0,6.0,4.0,1.643438552648843,9.29032258064516,1.0,16.0,15.0,7.009334245319479,0.9982954917419353,0.144626,1.461112979,1.316486979,0.4917055985283417,0.4807956989247312,0.0,1.49,1.49,0.516881562506267,1.1102230246251565e-16,-2.0,5.0,7.0,2.3186944788008415
Li7La3Ta2O13,-4.559090918,437,train,363.0,4,1.152962068167745,0.52,0.08,0.52,0.0,0.0,0.0,0.0,0.28,0.0,0.12,0.0,0.0,0.0,0.0,0.0,0.0,0.0,0.0,0.0,0.0,0.0,0.0,0.08,0.0,0.0,0.0,0.0,0.0,0.0,0.0,0.0,0.0,0.0,0.0,0.0,0.0,0.0,0.0,0.0,0.0,0.0,0.0,0.0,0.0,0.0,0.0,0.0,0.0,0.0,0.0,0.0,0.0,0.0,0.0,0.0,0.52,0.0,2.3152,0.98,3.44,2.46,1.1778934417000546,41.4076548,6.941,180.94788,174.00688,58.023652146872806,1.068,0.6,1.95,1.35,0.5096822539582873,64.0,12.0,101.0,89.0,39.94796615598847,2.8000000000000003,2.0,6.0,4.0,1.6,9.360000000000001,1.0,16.0,15.0,6.990736727985113,1.02604681308,0.32885923,1.461112979,1.132253749,0.45854235008568883,0.45824000000000004,0.0,1.172,1.172,0.48521972589745355,0.0,-2.0,5.0,7.0,2.3323807579381204
Li0.5La0.5TiO3,-4.555955204,438,train,288.0,4,1.0888999753452238,0.6,0.1,0.6,0.0,0.0,0.0,0.0,0.1,0.0,0.1,0.0,0.0,0.0,0.0,0.0,0.0,0.0,0.0,0.0,0.0,0.0,0.0,0.0,0.2,0.0,0.0,0.0,0.0,0.0,0.0,0.0,0.0,0.0,0.0,0.0,0.0,0.0,0.0,0.0,0.0,0.0,0.0,0.0,0.0,0.0,0.0,0.0,0.0,0.0,0.0,0.0,0.0,0.0,0.0,0.0,0.6,0.0,2.58,0.98,3.44,2.46,1.0654201049351377,33.757687000000004,6.941,138.90547,131.96447,37.50396904486405,0.98,0.6,1.95,1.35,0.48795491595023405,75.3,12.0,101.0,89.0,33.0758219852508,2.8,2.0,6.0,4.0,1.3266499161421599,10.8,1.0,16.0,15.0,6.4156059729381765,1.0093363294,0.075545,1.461112979,1.385567979,0.5766944826746587,0.37753333333333333,0.0,1.172,1.172,0.4699938344749263,1.1102230246251565e-16,-2.0,4.0,6.0,2.569046515733026
Li0.3Sr0.6Ti0.35Fe0.15Ta0.5O3,-4.552841969,439,test,298.0,6,1.2566698339207523,0.6122448979591837,0.030612244897959186,0.6122448979591837,0.0,0.0,0.0,0.12244897959183675,0.06122448979591837,0.0,0.0,0.0,0.0,0.0,0.0,0.0,0.0,0.0,0.0,0.0,0.0,0.0,0.0,0.10204081632653063,0.07142857142857144,0.0,0.0,0.0,0.0,0.0,0.0,0.0,0.0,0.0,0.030612244897959186,0.0,0.0,0.0,0.0,0.0,0.0,0.0,0.0,0.0,0.0,0.0,0.0,0.0,0.0,0.0,0.0,0.0,0.0,0.0,0.0,0.0,0.6122448979591837,0.0,2.6015306122448973,0.95,3.44,2.49,1.0714098589230847,44.542171428571436,6.941,180.94788,174.00688,52.11434493304749,0.9918367346938776,0.6,2.0,1.4,0.5193546759844268,75.22448979591836,12.0,101.0,89.0,34.62319931580762,2.979591836734694,2.0,6.0,4.0,1.4775848457059553,11.142857142857142,1.0,16.0,15.0,6.226998490772391,0.9824181878571429,0.052066,1.461112979,1.409046979,0.6146438034399422,0.38733843537414975,0.0,1.32,1.32,0.505554628782805,-0.045918367346938604,-2.0,5.0,7.0,2.6235654337509566
Li3.75Si0.75P0.25O4,-4.536107011,440,train,422.36,4,1.0331192203930142,0.45714285714285713,0.02857142857142857,0.45714285714285713,0.0,0.0,0.0,0.0,0.42857142857142855,0.0,0.0,0.0,0.0,0.0,0.0,0.0,0.0,0.0,0.0,0.0,0.0,0.0,0.0,0.0,0.0,0.0,0.0,0.0,0.0,0.0,0.0,0.0,0.0,0.0,0.0,0.0,0.08571428571428572,0.0,0.0,0.0,0.0,0.0,0.0,0.0,0.0,0.0,0.02857142857142857,0.0,0.0,0.0,0.0,0.0,0.0,0.0,0.0,0.0,0.45714285714285713,0.0,2.218,0.98,3.44,2.46,1.1611122746253757,13.581018914285714,6.941,30.973762,24.032762,6.94585645790994,1.0185714285714285,0.6,1.45,0.85,0.400550641400723,61.17142857142857,12.0,101.0,89.0,42.82288154332295,2.114285714285714,2.0,3.0,1.0,0.318157963590287,9.37142857142857,1.0,16.0,15.0,7.270628639693168,1.0732491118285712,0.61804922,1.461112979,0.843063759,0.41133566890592943,0.44771428571428573,0.0,0.9,0.9,0.424655058096977,-0.4380952380952381,-2.0,1.6666666666666667,3.666666666666667,1.46443862925908
Li1.3Sc0.3Ge1.7(PO4)3,-4.525783736,441,train,298.0,5,1.0491597269087969,0.6557377049180328,0.01639344262295082,0.6557377049180328,0.0,0.0,0.0,0.0,0.07103825136612023,0.0,0.0,0.0,0.0,0.0,0.0,0.0,0.0,0.0,0.0,0.0,0.0,0.0,0.01639344262295082,0.0,0.0,0.0,0.0,0.0,0.0,0.0,0.0,0.0,0.0,0.0,0.0,0.0,0.0,0.0,0.0,0.0,0.09289617486338798,0.0,0.0,0.0,0.0,0.0,0.1639344262295082,0.0,0.0,0.0,0.0,0.0,0.0,0.0,0.0,0.0,0.6557377049180328,0.0,2.893387978142077,0.98,3.44,2.46,0.8050750888291658,23.54711254644809,6.941,72.64,65.699,17.245041315179687,0.8027322404371585,0.6,1.6,1.0,0.303473820944749,89.95081967213115,12.0,101.0,89.0,24.4442666377882,2.382513661202186,2.0,4.0,2.0,0.6743709625781368,14.371584699453551,1.0,16.0,15.0,4.078955882978513,1.2418585265081967,0.17938023,1.461112979,1.281732749,0.34334953810317953,0.24013661202185796,0.0,0.9,0.9,0.3426126840654191,-0.8561020036429872,-2.0,3.0,5.0,1.6140879805712334
Li6La2CaNb2O12,-4.522878745,442,test,372.0,5,1.2510583317959272,0.5217391304347826,0.043478260869565216,0.5217391304347826,0.0,0.0,0.0,0.0,0.2608695652173913,0.043478260869565216,0.08695652173913043,0.0,0.0,0.0,0.0,0.0,0.0,0.0,0.0,0.0,0.0,0.0,0.0,0.0,0.0,0.0,0.08695652173913043,0.0,0.0,0.0,0.0,0.0,0.0,0.0,0.0,0.0,0.0,0.0,0.0,0.0,0.0,0.0,0.0,0.0,0.0,0.0,0.0,0.0,0.0,0.0,0.0,0.0,0.0,0.0,0.0,0.0,0.5217391304347826,0.0,2.328695652173913,0.98,3.44,2.46,1.1717816399484278,32.05828260869565,6.941,138.90547,131.96447,40.206997296995375,1.0652173913043477,0.6,1.95,1.35,0.5059289309535514,64.0,12.0,101.0,89.0,40.17353660655558,2.6956521739130435,2.0,6.0,4.0,1.365245084183268,9.391304347826086,1.0,16.0,15.0,6.982830685734351,1.0528742812173912,0.024551,1.461112979,1.436561979,0.45297059943572593,0.45756521739130435,0.0,1.172,1.172,0.48616295586946495,0.0,-2.0,5.0,7.0,2.3405684928164816
Li1.1Al0.1Ti1.9(PO4)3,-4.522878745,443,train,298.0,5,1.0059217871296122,0.6629834254143646,0.0055248618784530384,0.6629834254143646,0.0,0.0,0.0,0.0,0.06077348066298342,0.0,0.0,0.0,0.0,0.0,0.0,0.0,0.0,0.0,0.0,0.0,0.0,0.0,0.0,0.0,0.10497237569060772,0.0,0.0,0.0055248618784530384,0.0,0.0,0.0,0.0,0.0,0.0,0.0,0.0,0.0,0.0,0.0,0.0,0.0,0.0,0.0,0.0,0.0,0.0,0.16574585635359115,0.0,0.0,0.0,0.0,0.0,0.0,0.0,0.0,0.0,0.6629834254143646,0.0,2.8737569060773485,0.98,3.44,2.46,0.8387943376688619,21.336720434254143,6.941,47.867,40.925999999999995,10.99707223327492,0.8055248618784531,0.6,1.45,0.85,0.31257684260203644,88.40331491712708,12.0,101.0,89.0,24.650211301084624,2.38121546961326,2.0,4.0,2.0,0.667708758907667,13.646408839779006,1.0,16.0,15.0,4.844185536538423,1.1403235480662985,0.075545,1.461112979,1.385567979,0.4819468109341804,0.23898710865561698,0.0,0.9,0.9,0.347717302893164,-0.552486187845304,-2.0,4.0,6.0,2.1440972736921617
Li1.2Al0.2Ge0.8Ti(PO4)3,-4.522878745,444,train,298.0,6,1.0974051046280855,0.6593406593406593,0.01098901098901099,0.6593406593406593,0.0,0.0,0.0,0.0,0.06593406593406594,0.0,0.0,0.0,0.0,0.0,0.0,0.0,0.0,0.0,0.0,0.0,0.0,0.0,0.0,0.0,0.054945054945054944,0.0,0.0,0.01098901098901099,0.0,0.0,0.0,0.0,0.0,0.0,0.0,0.0,0.0,0.0,0.0,0.0,0.04395604395604396,0.0,0.0,0.0,0.0,0.0,0.16483516483516483,0.0,0.0,0.0,0.0,0.0,0.0,0.0,0.0,0.0,0.6593406593406593,0.0,2.8843956043956047,0.98,3.44,2.46,0.8203071105293884,22.231790863736265,6.941,72.64,65.699,14.20109591363913,0.8016483516483516,0.6,1.45,0.85,0.3028663932621323,89.59340659340658,12.0,101.0,89.0,23.811982403351866,2.3736263736263736,2.0,4.0,2.0,0.6571391818780683,14.065934065934066,1.0,16.0,15.0,4.409784818956459,1.190279960021978,0.075545,1.461112979,1.385567979,0.4207849777996577,0.23805860805860807,0.0,0.9,0.9,0.34281098140297067,-0.6959706959706959,-2.0,4.0,6.0,1.916860701532645
Li1.2Al0.2Ge1.0Ti0.8(PO4)3,-4.522878745,445,train,298.0,6,1.0974051046280855,0.6593406593406593,0.01098901098901099,0.6593406593406593,0.0,0.0,0.0,0.0,0.06593406593406594,0.0,0.0,0.0,0.0,0.0,0.0,0.0,0.0,0.0,0.0,0.0,0.0,0.0,0.0,0.0,0.04395604395604396,0.0,0.0,0.01098901098901099,0.0,0.0,0.0,0.0,0.0,0.0,0.0,0.0,0.0,0.0,0.0,0.0,0.054945054945054944,0.0,0.0,0.0,0.0,0.0,0.16483516483516483,0.0,0.0,0.0,0.0,0.0,0.0,0.0,0.0,0.0,0.6593406593406593,0.0,2.88956043956044,0.98,3.44,2.46,0.8132757153660759,22.50402163296704,6.941,72.64,65.699,14.90967383304978,0.8,0.6,1.45,0.85,0.30000000000000004,89.95604395604398,12.0,101.0,89.0,23.47030487069443,2.373626373626374,2.0,4.0,2.0,0.6571391818780683,14.175824175824177,1.0,16.0,15.0,4.280272679496495,1.202995689835165,0.075545,1.461112979,1.385567979,0.40405784367257297,0.2371611721611722,0.0,0.9,0.9,0.3413070558603599,-0.7326007326007327,-2.0,4.0,6.0,1.8577099220230424
Li1.8Al0.8Ge1.0Ti0.2(PO4)3,-4.522878745,446,train,298.0,6,1.14277547426431,0.6382978723404256,0.010638297872340427,0.6382978723404256,0.0,0.0,0.0,0.0,0.09574468085106384,0.0,0.0,0.0,0.0,0.0,0.0,0.0,0.0,0.0,0.0,0.0,0.0,0.0,0.0,0.0,0.010638297872340427,0.0,0.0,0.04255319148936171,0.0,0.0,0.0,0.0,0.0,0.0,0.0,0.0,0.0,0.0,0.0,0.0,0.053191489361702135,0.0,0.0,0.0,0.0,0.0,0.1595744680851064,0.0,0.0,0.0,0.0,0.0,0.0,0.0,0.0,0.0,0.6382978723404256,0.0,2.830851063829787,0.98,3.44,2.46,0.8645016515181401,21.340772174468086,6.941,72.64,65.699,14.20176845773276,0.8159574468085105,0.6,1.45,0.85,0.308756321837031,88.39361702127658,12.0,101.0,89.0,26.067513851660628,2.3297872340425525,2.0,4.0,2.0,0.5904974079309752,14.042553191489358,1.0,16.0,15.0,4.471933499717328,1.1957300578191488,0.075545,1.461112979,1.385567979,0.3837724508342391,0.252677304964539,0.0,0.9,0.9,0.34730465180216397,-0.7092198581560282,-2.0,4.0,6.0,1.7793363722628903
Li6.5Ba1.5La1.5Ta2O12,-4.51144928349956,447,train,298.0,5,1.2596266495432737,0.5106382978723404,0.06382978723404255,0.5106382978723404,0.0,0.06382978723404255,0.0,0.0,0.2765957446808511,0.0,0.06382978723404255,0.0,0.0,0.0,0.0,0.0,0.0,0.0,0.0,0.0,0.0,0.0,0.0,0.0851063829787234,0.0,0.0,0.0,0.0,0.0,0.0,0.0,0.0,0.0,0.0,0.0,0.0,0.0,0.0,0.0,0.0,0.0,0.0,0.0,0.0,0.0,0.0,0.0,0.0,0.0,0.0,0.0,0.0,0.0,0.0,0.0,0.0,0.5106382978723404,0.0,2.2823404255319146,0.89,3.44,2.55,1.1910235411610548,43.12143680851064,6.941,180.94788,174.00688,59.21546492550466,1.0925531914893618,0.6,2.15,1.5499999999999998,0.5370307177913722,62.319148936170215,12.0,101.0,89.0,40.95514223966796,2.8510638297872335,2.0,6.0,4.0,1.6370539626954337,9.191489361702127,1.0,16.0,15.0,7.033773533618157,0.9898575505531914,0.144626,1.461112979,1.316486979,0.4963419912178646,0.4886382978723405,0.0,1.49,1.49,0.5214257224813404,5.551115123125783e-17,-2.0,5.0,7.0,2.2970841831941753
Li6La2SrNb2O12,-4.504455662,448,train,320.0,5,1.2510583317959272,0.5217391304347826,0.043478260869565216,0.5217391304347826,0.0,0.0,0.0,0.043478260869565216,0.2608695652173913,0.0,0.08695652173913043,0.0,0.0,0.0,0.0,0.0,0.0,0.0,0.0,0.0,0.0,0.0,0.0,0.0,0.0,0.0,0.08695652173913043,0.0,0.0,0.0,0.0,0.0,0.0,0.0,0.0,0.0,0.0,0.0,0.0,0.0,0.0,0.0,0.0,0.0,0.0,0.0,0.0,0.0,0.0,0.0,0.0,0.0,0.0,0.0,0.0,0.0,0.5217391304347826,0.0,2.3265217391304347,0.95,3.44,2.49,1.1742883458046527,34.12532608695652,6.941,138.90547,131.96447,41.75829921112008,1.0739130434782607,0.6,2.0,1.4,0.5200061799836344,63.95652173913043,12.0,101.0,89.0,40.22596853306879,2.7391304347826084,2.0,6.0,4.0,1.4208812729015818,9.391304347826088,1.0,16.0,15.0,6.982830685734352,1.0540705855652173,0.052066,1.461112979,1.409046979,0.4502815495871626,0.4653913043478261,0.0,1.32,1.32,0.49838083387762766,5.551115123125783e-17,-2.0,5.0,7.0,2.340568492816482
Li1.2Y0.2Hf1.8(PO4)3,-4.496209317,449,test,298.0,5,1.0294638497997788,0.6593406593406593,0.01098901098901099,0.6593406593406593,0.0,0.0,0.0,0.0,0.06593406593406594,0.0,0.0,0.0,0.0,0.0,0.0,0.0,0.01098901098901099,0.0,0.0,0.09890109890109891,0.0,0.0,0.0,0.0,0.0,0.0,0.0,0.0,0.0,0.0,0.0,0.0,0.0,0.0,0.0,0.0,0.0,0.0,0.0,0.0,0.0,0.0,0.0,0.0,0.0,0.0,0.16483516483516483,0.0,0.0,0.0,0.0,0.0,0.0,0.0,0.0,0.0,0.6593406593406593,0.0,2.8357142857142863,0.98,3.44,2.46,0.8935804542722814,34.74211296703297,6.941,178.49,171.549,48.588039650893755,0.8291208791208792,0.6,1.8,1.2000000000000002,0.3558047629589606,87.43956043956045,12.0,101.0,89.0,26.058349062262998,2.5934065934065935,2.0,6.0,4.0,1.2223021152953262,13.516483516483518,1.0,16.0,15.0,4.993099936412551,1.1482212407692312,0.17807,1.461112979,1.283042979,0.4587506237204629,0.24549450549450555,0.0,1.04,1.04,0.3554482195524367,-0.5494505494505495,-2.0,4.0,6.0,2.130867179389493
Li1.3Y0.3Hf1.7(PO4)3,-4.496209317,450,train,298.0,5,1.0491597269087969,0.6557377049180328,0.01639344262295082,0.6557377049180328,0.0,0.0,0.0,0.0,0.07103825136612023,0.0,0.0,0.0,0.0,0.0,0.0,0.0,0.01639344262295082,0.0,0.0,0.09289617486338798,0.0,0.0,0.0,0.0,0.0,0.0,0.0,0.0,0.0,0.0,0.0,0.0,0.0,0.0,0.0,0.0,0.0,0.0,0.0,0.0,0.0,0.0,0.0,0.0,0.0,0.0,0.1639344262295082,0.0,0.0,0.0,0.0,0.0,0.0,0.0,0.0,0.0,0.6557377049180328,0.0,2.825136612021858,0.98,3.44,2.46,0.9023338639894786,34.10066344262295,6.941,178.49,171.549,47.48500040532203,0.8338797814207651,0.6,1.8,1.2000000000000002,0.36097125625536336,86.89071038251366,12.0,101.0,89.0,26.828519835140686,2.584699453551913,2.0,6.0,4.0,1.2066237013528154,13.442622950819672,1.0,16.0,15.0,5.0749290236947,1.146052116065574,0.17807,1.461112979,1.283042979,0.4577311990348798,0.25010928961748635,0.0,1.04,1.04,0.35975703560570066,-0.5464480874316939,-2.0,4.0,6.0,2.117696093964934
Li3.6Ge0.6V0.4O4,-4.496209317,451,train,303.0,4,1.0490264333601902,0.46511627906976744,0.046511627906976744,0.46511627906976744,0.0,0.0,0.0,0.0,0.4186046511627907,0.0,0.0,0.0,0.0,0.0,0.0,0.0,0.0,0.0,0.0,0.0,0.0,0.0,0.0,0.0,0.0,0.0,0.0,0.0,0.046511627906976744,0.0,0.0,0.0,0.0,0.0,0.0,0.0,0.0,0.0,0.0,0.0,0.06976744186046512,0.0,0.0,0.0,0.0,0.0,0.0,0.0,0.0,0.0,0.0,0.0,0.0,0.0,0.0,0.0,0.46511627906976744,0.0,2.2262790697674415,0.98,3.44,2.46,1.164110646175298,17.784395348837208,6.941,72.64,65.699,17.65716761964813,1.036046511627907,0.6,1.45,0.85,0.4098107307599092,60.37209302325581,12.0,101.0,89.0,42.28531179137352,2.2325581395348837,2.0,4.0,2.0,0.6411185466088475,9.069767441860465,1.0,16.0,15.0,7.215601149309509,1.0488488088139536,0.527662,1.461112979,0.933450979,0.4144055200463578,0.4666279069767442,0.0,0.9,0.9,0.43681786813141593,-0.23255813953488366,-2.0,5.0,7.0,1.8489956540755679
Li6.2P0.8Ge0.2S5I,-4.49620931694282,452,train,298.0,5,1.1515052576719618,0.4696969696969697,0.015151515151515154,0.45454545454545453,0.0,0.0,0.0,0.0,0.4696969696969697,0.0,0.0,0.0,0.0,0.0,0.0,0.0,0.0,0.0,0.0,0.0,0.0,0.0,0.0,0.0,0.0,0.0,0.0,0.0,0.0,0.0,0.0,0.0,0.0,0.0,0.0,0.0,0.0,0.0,0.0,0.0,0.015151515151515154,0.0,0.0,0.0,0.0,0.0,0.060606060606060615,0.0,0.0,0.0,0.0,0.3787878787878788,0.07575757575757576,0.0,0.0,0.0,0.0,0.0,1.8022727272727275,0.98,2.66,1.6800000000000002,0.7824259001695933,27.99777875757576,6.941,126.90447,119.96347,31.40633133958929,1.2454545454545456,1.0,1.45,0.44999999999999996,0.218938083250769,55.31818181818182,12.0,97.0,85.0,40.80595585276556,2.6969696969696972,2.0,5.0,3.0,0.8342969635112851,8.93939393939394,1.0,17.0,16.0,7.485093849493194,1.3727496645151516,0.61804922,3.059046537,2.440997317,0.8336252945817816,0.7124242424242424,0.47,0.9,0.43000000000000005,0.20631000949630507,1.7550505050505052,0.6666666666666666,3.0,2.3333333333333335,0.7834674809751431
LiSr2Ti2TaO9,-4.494850022,453,train,303.0,5,1.2048762065511598,0.6,0.06666666666666667,0.6,0.0,0.0,0.0,0.13333333333333333,0.06666666666666667,0.0,0.0,0.0,0.0,0.0,0.0,0.0,0.0,0.0,0.0,0.0,0.0,0.0,0.0,0.06666666666666667,0.13333333333333333,0.0,0.0,0.0,0.0,0.0,0.0,0.0,0.0,0.0,0.0,0.0,0.0,0.0,0.0,0.0,0.0,0.0,0.0,0.0,0.0,0.0,0.0,0.0,0.0,0.0,0.0,0.0,0.0,0.0,0.0,0.0,0.6,0.0,2.5613333333333337,0.95,3.44,2.49,1.0910109481067956,40.19049866666667,6.941,180.94788,174.00688,45.31521112724687,1.006666666666667,0.6,2.0,1.4,0.5268986830712544,73.66666666666667,12.0,101.0,89.0,35.5033644728058,2.9333333333333336,2.0,6.0,4.0,1.3888444437333107,10.800000000000002,1.0,16.0,15.0,6.431174076325411,0.9568098174,0.052066,1.461112979,1.409046979,0.631841430465259,0.4042222222222223,0.0,1.32,1.32,0.5142592179143478,-1.1102230246251568e-16,-2.0,5.0,7.0,2.6076809620810595
Li6CoCl8,-4.476253533,454,train,588.0,3,0.8823109245150756,0.5333333333333333,0.06666666666666667,0.5333333333333333,0.0,0.0,0.0,0.0,0.4,0.0,0.0,0.0,0.0,0.0,0.0,0.0,0.0,0.0,0.0,0.0,0.0,0.0,0.0,0.0,0.0,0.0,0.0,0.0,0.0,0.0,0.0,0.0,0.0,0.0,0.0,0.06666666666666667,0.0,0.0,0.0,0.0,0.0,0.0,0.0,0.0,0.0,0.0,0.0,0.0,0.0,0.0,0.0,0.0,0.0,0.0,0.0,0.5333333333333333,0.0,0.0,2.2026666666666666,0.98,3.16,2.18,1.0458009158322419,25.613546333333336,6.941,58.933195,51.992194999999995,16.282304698374908,1.2033333333333331,1.0,1.45,0.44999999999999996,0.2186829262247563,61.86666666666666,12.0,99.0,87.0,41.597863192984114,2.666666666666667,2.0,4.0,2.0,0.5962847939999439,10.066666666666666,1.0,17.0,16.0,7.6547733836839065,2.2181568686666666,0.61804922,3.61272528,2.9946760599999998,1.490893792716582,0.5898888888888889,0.33499999999999996,0.9,0.5650000000000001,0.27429942187235135,2.166666666666667,1.0,3.0,2.0,0.960324019392529
LiSr2Ti2NbO9,-4.474955193,455,train,478.0,5,1.2048762065511598,0.6,0.06666666666666667,0.6,0.0,0.0,0.0,0.13333333333333333,0.06666666666666667,0.0,0.0,0.0,0.0,0.0,0.0,0.0,0.0,0.0,0.0,0.0,0.0,0.0,0.0,0.0,0.13333333333333333,0.0,0.06666666666666667,0.0,0.0,0.0,0.0,0.0,0.0,0.0,0.0,0.0,0.0,0.0,0.0,0.0,0.0,0.0,0.0,0.0,0.0,0.0,0.0,0.0,0.0,0.0,0.0,0.0,0.0,0.0,0.0,0.0,0.6,0.0,2.5680000000000005,0.95,3.44,2.49,1.0847930678244584,34.321065333333344,6.941,92.90638,85.96538,29.72271345028958,1.006666666666667,0.6,2.0,1.4,0.5268986830712544,73.73333333333333,12.0,101.0,89.0,35.46353369621001,2.8666666666666667,2.0,5.0,3.0,1.2578641509408806,10.800000000000002,1.0,16.0,15.0,6.43117407632541,0.9960463354000001,0.052066,1.461112979,1.409046979,0.6095075594509258,0.4042222222222223,0.0,1.32,1.32,0.5142592179143478,-1.1102230246251568e-16,-2.0,5.0,7.0,2.6076809620810595
La0.303Li0.09NbO3,-4.453457337,456,train,298.0,4,0.8614526218196357,0.6829046209879354,0.020487138629638062,0.6829046209879354,0.0,0.0,0.0,0.0,0.020487138629638062,0.0,0.06897336671978148,0.0,0.0,0.0,0.0,0.0,0.0,0.0,0.0,0.0,0.0,0.0,0.0,0.0,0.0,0.0,0.22763487366264512,0.0,0.0,0.0,0.0,0.0,0.0,0.0,0.0,0.0,0.0,0.0,0.0,0.0,0.0,0.0,0.0,0.0,0.0,0.0,0.0,0.0,0.0,0.0,0.0,0.0,0.0,0.0,0.0,0.0,0.6829046209879354,0.0,2.8093557933075344,0.98,3.44,2.46,0.9352106969979735,41.79777541770999,6.941,138.90547,131.96447,41.52611297790354,0.9040177555201456,0.6,1.95,1.35,0.461026375662466,83.5599817892101,12.0,101.0,89.0,26.486373600847735,2.958798087867061,2.0,6.0,4.0,1.4943205670748085,12.292055542909173,1.0,16.0,15.0,5.482797897389718,1.2577525302526746,0.5575462,1.461112979,0.9035667789999999,0.3111439807754962,0.28593580696562715,0.0,1.172,1.172,0.4273613208844588,-0.00022763487366272983,-2.0,5.0,7.0,3.0106042105876196
Li1.3Cr0.3Ti1.7(PO4)3,-4.452225295,457,train,298.0,5,1.049159726908797,0.6557377049180328,0.01639344262295082,0.6557377049180328,0.0,0.0,0.0,0.0,0.07103825136612023,0.0,0.0,0.0,0.0,0.0,0.0,0.0,0.0,0.0,0.0,0.0,0.0,0.0,0.0,0.0,0.09289617486338798,0.0,0.0,0.0,0.0,0.0,0.01639344262295082,0.0,0.0,0.0,0.0,0.0,0.0,0.0,0.0,0.0,0.0,0.0,0.0,0.0,0.0,0.0,0.1639344262295082,0.0,0.0,0.0,0.0,0.0,0.0,0.0,0.0,0.0,0.6557377049180328,0.0,2.8546448087431693,0.98,3.44,2.46,0.8548088077944019,21.361208524590165,6.941,51.9961,45.055099999999996,11.376354589453674,0.8133879781420763,0.6,1.45,0.85,0.3193204828764304,87.50819672131148,12.0,101.0,89.0,25.777498734564627,2.3825136612021853,2.0,4.0,2.0,0.6743709625781368,13.491803278688522,1.0,16.0,15.0,4.987272163561146,1.142505576229508,0.075545,1.461112979,1.385567979,0.4702340753866356,0.24862477231329688,0.0,0.94,0.94,0.35662734926992323,-0.5218579234972677,-2.0,4.5,6.5,2.166871661138105
Li1.3Lu0.3Hf1.7(PO4)3,-4.448550002,458,train,298.0,5,1.049159726908797,0.6557377049180328,0.01639344262295082,0.6557377049180328,0.0,0.0,0.0,0.0,0.07103825136612023,0.0,0.0,0.0,0.0,0.0,0.0,0.0,0.0,0.0,0.01639344262295082,0.09289617486338798,0.0,0.0,0.0,0.0,0.0,0.0,0.0,0.0,0.0,0.0,0.0,0.0,0.0,0.0,0.0,0.0,0.0,0.0,0.0,0.0,0.0,0.0,0.0,0.0,0.0,0.0,0.1639344262295082,0.0,0.0,0.0,0.0,0.0,0.0,0.0,0.0,0.0,0.6557377049180328,0.0,2.8259562841530057,0.98,3.44,2.46,0.9008969654467818,35.51150196721312,6.941,178.49,171.549,50.28812703935687,0.8330601092896175,0.6,1.75,1.15,0.3588269164231062,86.80874316939892,12.0,101.0,89.0,27.02440771009753,2.6010928961748636,2.0,6.0,4.0,1.2454941333378668,13.442622950819672,1.0,16.0,15.0,5.0749290236947,1.144864866885246,0.17807,1.461112979,1.283042979,0.4599832173668067,0.2494699453551913,0.0,1.001,1.001,0.35838474597267483,-0.5464480874316939,-2.0,4.0,6.0,2.117696093964934
Li6CaLa2Ta2O12,-4.446116973,459,train,373.0,5,1.2510583317959272,0.5217391304347826,0.043478260869565216,0.5217391304347826,0.0,0.0,0.0,0.0,0.2608695652173913,0.043478260869565216,0.08695652173913043,0.0,0.0,0.0,0.0,0.0,0.0,0.0,0.0,0.0,0.0,0.0,0.0,0.08695652173913043,0.0,0.0,0.0,0.0,0.0,0.0,0.0,0.0,0.0,0.0,0.0,0.0,0.0,0.0,0.0,0.0,0.0,0.0,0.0,0.0,0.0,0.0,0.0,0.0,0.0,0.0,0.0,0.0,0.0,0.0,0.0,0.0,0.5217391304347826,0.0,2.3200000000000003,0.98,3.44,2.46,1.177513961885286,39.71406521739131,6.941,180.94788,174.00688,56.2467583100893,1.0652173913043477,0.6,1.95,1.35,0.5059289309535514,63.91304347826086,12.0,101.0,89.0,40.198326856246,2.7826086956521743,2.0,6.0,4.0,1.53102755318774,9.391304347826086,1.0,16.0,15.0,6.982830685734351,1.0016962142608694,0.024551,1.461112979,1.436561979,0.4965378271320821,0.45756521739130435,0.0,1.172,1.172,0.48616295586946495,5.551115123125783e-17,-2.0,5.0,7.0,2.3405684928164816
Li0.3Sr0.6Ti0.40Fe0.10Ta0.5O3,-4.443697499,460,train,298.0,6,1.2453982136639454,0.6122448979591837,0.020408163265306124,0.6122448979591837,0.0,0.0,0.0,0.12244897959183673,0.061224489795918366,0.0,0.0,0.0,0.0,0.0,0.0,0.0,0.0,0.0,0.0,0.0,0.0,0.0,0.0,0.10204081632653061,0.0816326530612245,0.0,0.0,0.0,0.0,0.0,0.0,0.0,0.0,0.0,0.020408163265306124,0.0,0.0,0.0,0.0,0.0,0.0,0.0,0.0,0.0,0.0,0.0,0.0,0.0,0.0,0.0,0.0,0.0,0.0,0.0,0.0,0.0,0.6122448979591837,0.0,2.5985714285714283,0.95,3.44,2.49,1.0739342130119287,44.46076326530613,6.941,180.94788,174.00688,52.102855102294846,0.9918367346938776,0.6,2.0,1.4,0.5193546759844266,75.12244897959184,12.0,101.0,89.0,34.67966095276044,2.9795918367346936,2.0,6.0,4.0,1.4775848457059553,11.10204081632653,1.0,16.0,15.0,6.260484749957984,0.9816254189795918,0.052066,1.461112979,1.409046979,0.6157618590159083,0.38732993197278914,0.0,1.32,1.32,0.5055468116669481,-0.030612244897959107,-2.0,5.0,7.0,2.642679845916514
Li6SrLa2Ta2O12,-4.436518915,461,train,323.0,5,1.2510583317959272,0.5217391304347826,0.043478260869565216,0.5217391304347826,0.0,0.0,0.0,0.043478260869565216,0.2608695652173913,0.0,0.08695652173913043,0.0,0.0,0.0,0.0,0.0,0.0,0.0,0.0,0.0,0.0,0.0,0.0,0.08695652173913043,0.0,0.0,0.0,0.0,0.0,0.0,0.0,0.0,0.0,0.0,0.0,0.0,0.0,0.0,0.0,0.0,0.0,0.0,0.0,0.0,0.0,0.0,0.0,0.0,0.0,0.0,0.0,0.0,0.0,0.0,0.0,0.0,0.5217391304347826,0.0,2.3178260869565217,0.95,3.44,2.49,1.1799924705792908,41.78110869565217,6.941,180.94788,174.00688,57.089412947882586,1.0739130434782607,0.6,2.0,1.4,0.5200061799836344,63.8695652173913,12.0,101.0,89.0,40.250632560869086,2.8260869565217392,2.0,6.0,4.0,1.5784465096235956,9.391304347826088,1.0,16.0,15.0,6.982830685734351,1.0028925186086954,0.052066,1.461112979,1.409046979,0.49420984693400416,0.4653913043478261,0.0,1.32,1.32,0.49838083387762766,0.0,-2.0,5.0,7.0,2.3405684928164816
Li1.3Fe0.3Ge1.7(PO4)3,-4.435333936,462,train,298.0,5,1.049159726908797,0.6557377049180328,0.01639344262295082,0.6557377049180328,0.0,0.0,0.0,0.0,0.07103825136612023,0.0,0.0,0.0,0.0,0.0,0.0,0.0,0.0,0.0,0.0,0.0,0.0,0.0,0.0,0.0,0.0,0.0,0.0,0.0,0.0,0.0,0.0,0.0,0.0,0.0,0.01639344262295082,0.0,0.0,0.0,0.0,0.0,0.09289617486338798,0.0,0.0,0.0,0.0,0.0,0.1639344262295082,0.0,0.0,0.0,0.0,0.0,0.0,0.0,0.0,0.0,0.6557377049180328,0.0,2.901092896174864,0.98,3.44,2.46,0.7925140926183686,23.725622185792353,6.941,72.64,65.699,17.519895706912124,0.7994535519125683,0.6,1.45,0.85,0.29582657520357014,90.63934426229508,12.0,101.0,89.0,22.983980727058825,2.382513661202186,2.0,4.0,2.0,0.6743709625781368,14.453551912568306,1.0,16.0,15.0,3.895741819449515,1.2414299383114755,0.15323635,1.461112979,1.307876629,0.3446892192983715,0.23960382513661205,0.0,0.9,0.9,0.34163333192567163,-0.8642987249544627,-2.0,2.5,4.5,1.595649208471284
Li1.3Cr0.3Ge1.7(PO4)3,-4.432973634,463,train,298.0,5,1.049159726908797,0.6557377049180328,0.01639344262295082,0.6557377049180328,0.0,0.0,0.0,0.0,0.07103825136612023,0.0,0.0,0.0,0.0,0.0,0.0,0.0,0.0,0.0,0.0,0.0,0.0,0.0,0.0,0.0,0.0,0.0,0.0,0.0,0.0,0.0,0.01639344262295082,0.0,0.0,0.0,0.0,0.0,0.0,0.0,0.0,0.0,0.09289617486338798,0.0,0.0,0.0,0.0,0.0,0.1639344262295082,0.0,0.0,0.0,0.0,0.0,0.0,0.0,0.0,0.0,0.6557377049180328,0.0,2.898306010928962,0.98,3.44,2.46,0.796564257759426,23.662525464480876,6.941,72.64,65.699,17.410696783707746,0.7994535519125683,0.6,1.45,0.85,0.29582657520357014,90.57377049180329,12.0,101.0,89.0,23.073978684673538,2.382513661202186,2.0,4.0,2.0,0.6743709625781368,14.420765027322405,1.0,16.0,15.0,3.9578386584633773,1.2499986583114755,0.61804922,1.461112979,0.843063759,0.3233684946291957,0.24103825136612025,0.0,0.94,0.94,0.3443763884146077,-0.831511839708561,-2.0,4.5,6.5,1.6826184771357828
Li1.7Al0.7Ti1.3(PO4)3,-4.431798276,464,train,298.0,5,1.1045563702072443,0.6417112299465241,0.0374331550802139,0.6417112299465241,0.0,0.0,0.0,0.0,0.09090909090909091,0.0,0.0,0.0,0.0,0.0,0.0,0.0,0.0,0.0,0.0,0.0,0.0,0.0,0.0,0.0,0.06951871657754011,0.0,0.0,0.0374331550802139,0.0,0.0,0.0,0.0,0.0,0.0,0.0,0.0,0.0,0.0,0.0,0.0,0.0,0.0,0.0,0.0,0.0,0.0,0.16042780748663102,0.0,0.0,0.0,0.0,0.0,0.0,0.0,0.0,0.0,0.6417112299465241,0.0,2.8152406417112297,0.98,3.44,2.46,0.8870242994794267,20.204703904812835,6.941,47.867,40.925999999999995,10.043003771473296,0.8213903743315507,0.6,1.45,0.85,0.32038111081028325,86.88235294117646,12.0,101.0,89.0,27.027754774555493,2.336898395721925,2.0,4.0,2.0,0.6020259959810693,13.529411764705882,1.0,16.0,15.0,4.9858560565409515,1.1350299332620322,0.075545,1.461112979,1.385567979,0.46176519409953215,0.2545276292335116,0.0,0.9,0.9,0.3533572953443137,-0.5347593582887702,-2.0,4.0,6.0,2.0655791195096627
Li0.8La0.066Zr2(PO4)3,-4.428291168,465,train,350.03,5,0.9718336672224561,0.6716668532407926,0.0036941676928243595,0.6716668532407926,0.0,0.0,0.0,0.0,0.04477779021605284,0.0,0.0036941676928243595,0.0,0.0,0.0,0.0,0.0,0.0,0.0,0.0,0.0,0.0,0.1119444755401321,0.0,0.0,0.0,0.0,0.0,0.0,0.0,0.0,0.0,0.0,0.0,0.0,0.0,0.0,0.0,0.0,0.0,0.0,0.0,0.0,0.0,0.0,0.0,0.0,0.16791671331019814,0.0,0.0,0.0,0.0,0.0,0.0,0.0,0.0,0.0,0.6716668532407926,0.0,2.875103548639875,0.98,3.44,2.46,0.8560694616854632,26.983244543826267,6.941,138.90547,131.96447,24.69716723089003,0.8165621851561627,0.6,1.95,1.35,0.3465284365189378,89.0953766931602,12.0,101.0,89.0,23.517279515417428,2.5185268107018923,2.0,6.0,4.0,0.9826767641701422,13.769058546960709,1.0,16.0,15.0,4.691496409771552,1.184988162050823,0.433289,1.461112979,1.0278239789999999,0.403214563591039,0.23325601701556034,0.0,1.172,1.172,0.34716686207504965,-0.5598343221762007,-2.0,4.0,6.0,2.169982757424773
Li6.75La3Zr1.875Te0.125O12,-4.424235019,466,test,303.0,5,1.1918840203696075,0.5052631578947369,0.005263157894736842,0.5052631578947369,0.0,0.0,0.0,0.0,0.28421052631578947,0.0,0.12631578947368421,0.0,0.0,0.0,0.0,0.0,0.0,0.0,0.0,0.0,0.0,0.07894736842105263,0.0,0.0,0.0,0.0,0.0,0.0,0.0,0.0,0.0,0.0,0.0,0.0,0.0,0.0,0.0,0.0,0.0,0.0,0.0,0.0,0.0,0.0,0.005263157894736842,0.0,0.0,0.0,0.0,0.0,0.0,0.0,0.0,0.0,0.0,0.0,0.5052631578947369,0.0,2.2716315789473684,0.98,3.44,2.46,1.1863517588998953,35.47604042105263,6.941,138.90547,131.96447,45.435546564046504,1.0913157894736842,0.6,1.95,1.35,0.5184398206594757,62.96315789473685,12.0,101.0,89.0,40.03016902453653,2.7578947368421054,2.0,6.0,4.0,1.484770331158354,9.147368421052633,1.0,16.0,15.0,7.0501488167236674,1.0289095966526316,0.433289,1.9708757,1.5375866999999999,0.4506689541002933,0.4764894736842106,0.0,1.172,1.172,0.48925840486526334,-0.01842105263157895,-2.0,4.0,6.0,2.1766530636637493
Li3.70Ge0.85W0.15O4,-4.42021640338319,467,train,298.0,4,1.0181161533180976,0.4597701149425287,0.017241379310344824,0.4597701149425287,0.0,0.0,0.0,0.0,0.425287356321839,0.0,0.0,0.0,0.0,0.0,0.0,0.0,0.0,0.0,0.0,0.0,0.0,0.0,0.0,0.0,0.0,0.0,0.0,0.0,0.0,0.0,0.0,0.0,0.0,0.0,0.0,0.0,0.0,0.0,0.0,0.0,0.09770114942528733,0.0,0.0,0.0,0.0,0.0,0.0,0.0,0.0,0.017241379310344824,0.0,0.0,0.0,0.0,0.0,0.0,0.4597701149425287,0.0,2.2354597701149426,0.98,3.44,2.46,1.1587282793619265,20.574632183908047,6.941,183.84,176.899,28.514950953303586,1.0379310344827586,0.6,1.45,0.85,0.40799943072710587,60.695402298850574,12.0,101.0,89.0,42.53185799348984,2.264367816091954,2.0,6.0,4.0,0.7725129930826001,9.252873563218392,1.0,16.0,15.0,7.230552022303147,1.069136103913793,0.61804922,1.461112979,0.843063759,0.40111403522403155,0.4712068965517241,0.0,0.9,0.9,0.4364721415782381,-0.3429118773946361,-2.0,5.0,7.0,1.619023309365917
La0.273Li0.18NbO3,-4.417936637,468,train,298.0,4,0.9023492462202856,0.6737031214911295,0.04042218728946777,0.6737031214911295,0.0,0.0,0.0,0.0,0.04042218728946777,0.0,0.06130698405569279,0.0,0.0,0.0,0.0,0.0,0.0,0.0,0.0,0.0,0.0,0.0,0.0,0.0,0.0,0.0,0.22456770716370986,0.0,0.0,0.0,0.0,0.0,0.0,0.0,0.0,0.0,0.0,0.0,0.0,0.0,0.0,0.0,0.0,0.0,0.0,0.0,0.0,0.0,0.0,0.0,0.0,0.0,0.0,0.0,0.0,0.0,0.6737031214911295,0.0,2.783898495396362,0.98,3.44,2.46,0.9540118843738756,40.43906429598024,6.941,138.90547,131.96447,40.747562628309915,0.9080058387603862,0.6,1.95,1.35,0.45642039883580127,82.45430047159218,12.0,101.0,89.0,27.877027569319498,2.918931057713901,2.0,6.0,4.0,1.468872635912755,12.126431619133168,1.0,16.0,15.0,5.623524963143663,1.2495407386481023,0.5575462,1.461112979,0.9035667789999999,0.3168697053242074,0.292377273748035,0.0,1.172,1.172,0.42716170261877257,-0.00022456770716372532,-2.0,5.0,7.0,2.9834862423710473
La0.283Li0.15NbO3,-4.41453927,469,test,298.0,4,0.8903768949570201,0.6767426122264832,0.03383713061132416,0.6767426122264832,0.0,0.0,0.0,0.0,0.03383713061132416,0.0,0.06383938642003158,0.0,0.0,0.0,0.0,0.0,0.0,0.0,0.0,0.0,0.0,0.0,0.0,0.0,0.0,0.0,0.22558087074216107,0.0,0.0,0.0,0.0,0.0,0.0,0.0,0.0,0.0,0.0,0.0,0.0,0.0,0.0,0.0,0.0,0.0,0.0,0.0,0.0,0.0,0.0,0.0,0.0,0.0,0.0,0.0,0.0,0.0,0.6767426122264832,0.0,2.7923076923076926,0.98,3.44,2.46,0.9479182424818544,40.8878813467178,6.941,138.90547,131.96447,41.01135180732042,0.9066884728175051,0.6,1.95,1.35,0.457950836192344,82.81953530340627,12.0,101.0,89.0,27.430389424584785,2.9321001579066097,2.0,6.0,4.0,1.4774462139213151,12.181141439205955,1.0,16.0,15.0,5.577975918286561,1.2522533035416197,0.5575462,1.461112979,0.9035667789999999,0.31501354158949374,0.29024949244304077,0.0,1.172,1.172,0.42723839384485507,-0.0002255808707423146,-2.0,5.0,7.0,2.9924711819773364
Li2(OH)0.9F0.1Cl,-4.41341269532824,470,test,298.0,5,1.3920133839662954,0.4081632653061224,0.02040816326530612,0.4081632653061224,0.0,0.0,0.0,0.0,0.4081632653061224,0.0,0.0,0.0,0.0,0.0,0.0,0.0,0.0,0.0,0.0,0.0,0.0,0.0,0.0,0.0,0.0,0.0,0.0,0.0,0.0,0.0,0.0,0.0,0.0,0.0,0.0,0.0,0.0,0.0,0.0,0.0,0.0,0.0,0.0,0.0,0.0,0.0,0.0,0.18367346938775508,0.0,0.0,0.0,0.0,0.0,0.0,0.0,0.2040816326530612,0.18367346938775508,0.02040816326530612,2.162040816326531,0.98,3.98,3.0,1.068282962575902,13.579887004081634,1.00794,35.453,34.445060000000005,12.096852773062661,0.9622448979591837,0.25,1.45,1.2,0.468010401533296,64.6530612244898,12.0,103.0,91.0,43.743944663353545,2.0204081632653064,1.0,3.0,2.0,0.6223653339582411,7.346938775510204,1.0,17.0,16.0,7.649332424942191,1.465861235612245,0.61804922,3.61272528,2.9946760599999998,1.1846800414507381,0.44020408163265307,0.0,0.9,0.9,0.4009032648138979,0.6326530612244897,-2.0,3.0,5.0,1.6123740583758106
Li3.09BO2.53N0.52,-4.413412695,471,train,383.0,4,1.1961887225993753,0.43277310924369755,0.07282913165266108,0.427170868347339,0.0,0.0,0.0,0.0,0.43277310924369755,0.0,0.0,0.0,0.0,0.0,0.0,0.0,0.0,0.0,0.0,0.0,0.0,0.0,0.0,0.0,0.0,0.0,0.0,0.0,0.0,0.0,0.0,0.0,0.0,0.0,0.0,0.0,0.0,0.0,0.0,0.0,0.0,0.0,0.14005602240896362,0.0,0.0,0.0,0.0,0.0,0.0,0.0,0.0,0.0,0.0,0.0,0.07282913165266108,0.0,0.3543417366946779,0.0,2.1501680672268906,0.98,3.44,2.46,1.1142108409470532,11.207374789915967,6.941,15.9994,9.058399999999999,4.075163120184903,1.0065126050420168,0.6,1.45,0.85,0.39542590658708304,60.3095238095238,12.0,101.0,89.0,42.47194815269588,2.0,2.0,2.0,0.0,0.0,9.015406162464986,1.0,16.0,15.0,7.065602015244926,0.8192872796456581,-0.07,1.461112979,1.531112979,0.5117260389530705,0.4676750700280112,0.0,0.9,0.9,0.40160330046841497,0.26563958916900093,-2.0,3.0,5.0,1.800661825509948
Li1.3Al0.3Ge1.7(PO4)3,-4.4089353929735,472,train,298.0,5,1.049159726908797,0.6557377049180328,0.01639344262295082,0.6557377049180328,0.0,0.0,0.0,0.0,0.07103825136612023,0.0,0.0,0.0,0.0,0.0,0.0,0.0,0.0,0.0,0.0,0.0,0.0,0.0,0.0,0.0,0.0,0.0,0.0,0.01639344262295082,0.0,0.0,0.0,0.0,0.0,0.0,0.0,0.0,0.0,0.0,0.0,0.0,0.09289617486338798,0.0,0.0,0.0,0.0,0.0,0.1639344262295082,0.0,0.0,0.0,0.0,0.0,0.0,0.0,0.0,0.0,0.6557377049180328,0.0,2.8974863387978145,0.98,3.44,2.46,0.7978627315133612,23.252450687431697,6.941,72.64,65.699,17.02892460900596,0.7969945355191257,0.6,1.45,0.85,0.29141492956320075,90.95081967213116,12.0,101.0,89.0,22.707279275928737,2.366120218579235,2.0,4.0,2.0,0.6464275317879833,14.535519125683061,1.0,16.0,15.0,3.8107692708200744,1.246013522737705,0.432835,1.461112979,1.0282779789999998,0.3318065073259544,0.23669398907103828,0.0,0.9,0.9,0.33712684178244773,-0.8561020036429874,-2.0,3.0,5.0,1.6140879805712334
Nd3Zr2Al0.5Li5.5O12,-4.4089353929735,473,test,298.0,5,1.2428615228156024,0.5217391304347826,0.021739130434782608,0.5217391304347826,0.0,0.0,0.0,0.0,0.2391304347826087,0.0,0.0,0.0,0.0,0.13043478260869565,0.0,0.0,0.0,0.0,0.0,0.0,0.0,0.08695652173913043,0.0,0.0,0.0,0.0,0.0,0.021739130434782608,0.0,0.0,0.0,0.0,0.0,0.0,0.0,0.0,0.0,0.0,0.0,0.0,0.0,0.0,0.0,0.0,0.0,0.0,0.0,0.0,0.0,0.0,0.0,0.0,0.0,0.0,0.0,0.0,0.5217391304347826,0.0,2.328478260869565,0.98,3.44,2.46,1.166868658812428,37.34056823043478,6.941,144.242,137.301,46.94693242915751,1.0630434782608695,0.6,1.85,1.25,0.49982983871999703,65.47826086956522,12.0,101.0,89.0,39.17393717125156,2.8043478260869565,2.0,6.0,4.0,1.4981084481756568,9.608695652173912,1.0,16.0,15.0,6.907709180673699,0.9699174720869564,0.0974933,1.461112979,1.363619679,0.5348619940992041,0.4711739130434783,0.0,1.2765,1.2765,0.5083758261599567,0.0,-2.0,4.0,6.0,2.255428234668337
Li6.15P0.85Ge0.15S5I,-4.40560744962457,474,train,298.0,5,1.1470939428406681,0.467680608365019,0.011406844106463877,0.4562737642585551,0.0,0.0,0.0,0.0,0.467680608365019,0.0,0.0,0.0,0.0,0.0,0.0,0.0,0.0,0.0,0.0,0.0,0.0,0.0,0.0,0.0,0.0,0.0,0.0,0.0,0.0,0.0,0.0,0.0,0.0,0.0,0.0,0.0,0.0,0.0,0.0,0.0,0.011406844106463877,0.0,0.0,0.0,0.0,0.0,0.06463878326996197,0.0,0.0,0.0,0.0,0.38022813688212925,0.07604562737642585,0.0,0.0,0.0,0.0,0.0,1.806083650190114,0.98,2.66,1.6800000000000002,0.7825216773432871,27.9194157946768,6.941,126.90447,119.96347,31.31887662768207,1.243726235741445,1.0,1.45,0.44999999999999996,0.2195064312089833,55.50570342205323,12.0,97.0,85.0,40.8133906604783,2.6958174904942966,2.0,5.0,3.0,0.8311094770774781,8.97338403041825,1.0,17.0,16.0,7.486061493550548,1.3737710833041825,0.61804922,3.059046537,2.440997317,0.8347591422313317,0.7108745247148289,0.47,0.9,0.43000000000000005,0.2065845637374293,1.7617237008871989,0.6666666666666666,3.0,2.3333333333333335,0.7806846970705439
La0.29Li0.12NbO3,-4.37161107,475,train,298.0,4,0.875615805463324,0.6802721088435374,0.027210884353741496,0.6802721088435374,0.0,0.0,0.0,0.0,0.027210884353741496,0.0,0.06575963718820861,0.0,0.0,0.0,0.0,0.0,0.0,0.0,0.0,0.0,0.0,0.0,0.0,0.0,0.0,0.0,0.22675736961451246,0.0,0.0,0.0,0.0,0.0,0.0,0.0,0.0,0.0,0.0,0.0,0.0,0.0,0.0,0.0,0.0,0.0,0.0,0.0,0.0,0.0,0.0,0.0,0.0,0.0,0.0,0.0,0.0,0.0,0.6802721088435374,0.0,2.801950113378685,0.98,3.44,2.46,0.9409277070488876,41.27439598639455,6.941,138.90547,131.96447,41.20635974211655,0.9046485260770973,0.6,1.95,1.35,0.4588336058165593,83.22222222222221,12.0,101.0,89.0,26.944564835974813,2.943310657596372,2.0,6.0,4.0,1.4842963062700958,12.242630385487528,1.0,16.0,15.0,5.527715890645385,1.2554649073469386,0.5575462,1.461112979,0.9035667789999999,0.31268301280813066,0.28750113378684805,0.0,1.172,1.172,0.42682778168030955,-0.0022675736961450532,-2.0,5.0,7.0,3.0015104785581066
Li0.20La0.66Ti0.80Al0.20O3,-4.368556231,476,train,298.0,5,1.1285062019114513,0.6172839506172839,0.0411522633744856,0.6172839506172839,0.0,0.0,0.0,0.0,0.0411522633744856,0.0,0.13580246913580246,0.0,0.0,0.0,0.0,0.0,0.0,0.0,0.0,0.0,0.0,0.0,0.0,0.0,0.1646090534979424,0.0,0.0,0.0411522633744856,0.0,0.0,0.0,0.0,0.0,0.0,0.0,0.0,0.0,0.0,0.0,0.0,0.0,0.0,0.0,0.0,0.0,0.0,0.0,0.0,0.0,0.0,0.0,0.0,0.0,0.0,0.0,0.0,0.6172839506172839,0.0,2.632921810699588,0.98,3.44,2.46,1.036009329752871,38.015209448559666,6.941,138.90547,131.96447,41.74003658907273,0.9767489711934155,0.6,1.95,1.35,0.5079658930550082,79.0082304526749,12.0,101.0,89.0,29.999175814405287,2.9135802469135803,2.0,6.0,4.0,1.427515014277754,11.518518518518519,1.0,16.0,15.0,6.016666381678687,1.0333193977366253,0.075545,1.461112979,1.385567979,0.5627115675502344,0.3641673525377229,0.0,1.172,1.172,0.4747614792317397,-0.004115226337448541,-2.0,4.0,6.0,2.595497751745411
Li4.4Al0.4Ge0.6S4,-4.36653154442041,477,test,298.0,4,1.0288771618784205,0.46808510638297873,0.0425531914893617,0.425531914893617,0.0,0.0,0.0,0.0,0.46808510638297873,0.0,0.0,0.0,0.0,0.0,0.0,0.0,0.0,0.0,0.0,0.0,0.0,0.0,0.0,0.0,0.0,0.0,0.0,0.0425531914893617,0.0,0.0,0.0,0.0,0.0,0.0,0.0,0.0,0.0,0.0,0.0,0.0,0.06382978723404255,0.0,0.0,0.0,0.0,0.0,0.0,0.0,0.0,0.0,0.0,0.425531914893617,0.0,0.0,0.0,0.0,0.0,0.0,1.753404255319149,0.98,2.58,1.6,0.7588240527030069,22.678405897872338,6.941,72.64,65.699,17.707030885835,1.2372340425531916,1.0,1.45,0.44999999999999996,0.21249983356849125,54.38297872340426,12.0,94.0,82.0,39.90763441679083,2.595744680851064,2.0,4.0,2.0,0.6070358560717918,8.72340425531915,1.0,16.0,15.0,7.280700596577446,1.270273771893617,0.432835,2.07710426,1.64426926,0.7113829483467566,0.6991489361702128,0.47,0.9,0.43000000000000005,0.20389379575081923,1.702127659574468,0.6666666666666666,3.0,2.3333333333333335,0.8011045641550953
Li4.4Al0.4Ge0.6S4,-4.363512104,478,test,303.0,4,1.0288771618784205,0.46808510638297873,0.0425531914893617,0.425531914893617,0.0,0.0,0.0,0.0,0.46808510638297873,0.0,0.0,0.0,0.0,0.0,0.0,0.0,0.0,0.0,0.0,0.0,0.0,0.0,0.0,0.0,0.0,0.0,0.0,0.0425531914893617,0.0,0.0,0.0,0.0,0.0,0.0,0.0,0.0,0.0,0.0,0.0,0.0,0.06382978723404255,0.0,0.0,0.0,0.0,0.0,0.0,0.0,0.0,0.0,0.0,0.425531914893617,0.0,0.0,0.0,0.0,0.0,0.0,1.753404255319149,0.98,2.58,1.6,0.7588240527030069,22.678405897872338,6.941,72.64,65.699,17.707030885835,1.2372340425531916,1.0,1.45,0.44999999999999996,0.21249983356849125,54.38297872340426,12.0,94.0,82.0,39.90763441679083,2.595744680851064,2.0,4.0,2.0,0.6070358560717918,8.72340425531915,1.0,16.0,15.0,7.280700596577446,1.270273771893617,0.432835,2.07710426,1.64426926,0.7113829483467566,0.6991489361702128,0.47,0.9,0.43000000000000005,0.20389379575081923,1.702127659574468,0.6666666666666666,3.0,2.3333333333333335,0.8011045641550953
Li8SiP4,-4.34678748622466,479,train,298.0,3,0.8587409130062867,0.6153846153846154,0.07692307692307693,0.0,0.0,0.0,0.0,0.0,0.6153846153846154,0.0,0.0,0.0,0.0,0.0,0.0,0.0,0.0,0.0,0.0,0.0,0.0,0.0,0.0,0.0,0.0,0.0,0.0,0.0,0.0,0.0,0.0,0.0,0.0,0.0,0.0,0.0,0.07692307692307693,0.0,0.0,0.0,0.0,0.0,0.0,0.0,0.0,0.0,0.3076923076923077,0.0,0.0,0.0,0.0,0.0,0.0,0.0,0.0,0.0,0.0,0.0,1.423076923076923,0.98,2.19,1.21,0.5650511837317805,15.962196000000002,6.941,30.973762,24.032762,11.433482453300744,1.2846153846153847,1.0,1.45,0.44999999999999996,0.21066252211737155,41.61538461538462,12.0,90.0,78.0,37.48135631225099,2.384615384615385,2.0,3.0,1.0,0.4865042554105199,6.307692307692308,1.0,15.0,14.0,6.718340172584015,0.7169501138461538,0.61804922,1.38952128,0.7714720600000001,0.20269751851949735,0.7646153846153847,0.54,0.9,0.36,0.1712674644487336,1.1282051282051282,0.0,1.6666666666666667,1.6666666666666667,0.44411559168432757
Li1.4S2.2P0.6,-4.333482019,480,train,298.0,3,0.9829007277151565,0.5238095238095238,0.14285714285714285,0.5238095238095238,0.0,0.0,0.0,0.0,0.3333333333333333,0.0,0.0,0.0,0.0,0.0,0.0,0.0,0.0,0.0,0.0,0.0,0.0,0.0,0.0,0.0,0.0,0.0,0.0,0.0,0.0,0.0,0.0,0.0,0.0,0.0,0.0,0.0,0.0,0.0,0.0,0.0,0.0,0.0,0.0,0.0,0.0,0.0,0.14285714285714285,0.0,0.0,0.0,0.0,0.5238095238095238,0.0,0.0,0.0,0.0,0.0,0.0,1.9909523809523808,0.98,2.58,1.6,0.7266944387128856,23.53444219047619,6.941,32.065,25.124,11.739029905859121,1.15,1.0,1.45,0.44999999999999996,0.21213203435596423,66.0952380952381,12.0,94.0,82.0,38.27457786387195,2.666666666666667,2.0,3.0,1.0,0.4714045207910317,10.857142857142858,1.0,16.0,15.0,6.978099852468465,1.4006818442857143,0.61804922,2.07710426,1.45905504,0.710601700997476,0.6247619047619047,0.47,0.9,0.43000000000000005,0.19645959350992806,1.880952380952381,1.0,2.5,1.5,0.6826319612776881
LiSr1.65Ti1.3Ta1.7O9,-4.30980392,481,train,298.0,5,1.19335214490369,0.6143344709897611,0.06825938566552901,0.6143344709897611,0.0,0.0,0.0,0.11262798634812286,0.06825938566552901,0.0,0.0,0.0,0.0,0.0,0.0,0.0,0.0,0.0,0.0,0.0,0.0,0.0,0.0,0.11604095563139931,0.08873720136518772,0.0,0.0,0.0,0.0,0.0,0.0,0.0,0.0,0.0,0.0,0.0,0.0,0.0,0.0,0.0,0.0,0.0,0.0,0.0,0.0,0.0,0.0,0.0,0.0,0.0,0.0,0.0,0.0,0.0,0.0,0.0,0.6143344709897611,0.0,2.5979180887372015,0.95,3.44,2.49,1.0767331929113944,45.41618402730376,6.941,180.94788,174.00688,54.4549281992783,0.9853242320819112,0.6,2.0,1.4,0.5120789928063414,75.11604095563139,12.0,101.0,89.0,34.700968040686995,2.9795221843003414,2.0,6.0,4.0,1.5052548831210393,11.0580204778157,1.0,16.0,15.0,6.311053646521593,0.9905286090102389,0.052066,1.461112979,1.409046979,0.6081127849223792,0.3808304891922639,0.0,1.32,1.32,0.4988902478694993,-1.6653345369377348e-16,-2.0,5.0,7.0,2.7012827189402167
Li6Sr0.5Ba0.5La2Ta2O12,-4.304518324,482,train,323.0,6,1.2811951657333163,0.5217391304347826,0.021739130434782608,0.5217391304347826,0.0,0.021739130434782608,0.0,0.021739130434782608,0.2608695652173913,0.0,0.08695652173913043,0.0,0.0,0.0,0.0,0.0,0.0,0.0,0.0,0.0,0.0,0.0,0.0,0.08695652173913043,0.0,0.0,0.0,0.0,0.0,0.0,0.0,0.0,0.0,0.0,0.0,0.0,0.0,0.0,0.0,0.0,0.0,0.0,0.0,0.0,0.0,0.0,0.0,0.0,0.0,0.0,0.0,0.0,0.0,0.0,0.0,0.0,0.5217391304347826,0.0,2.316521739130435,0.89,3.44,2.55,1.181535878480254,42.861695652173914,6.941,180.94788,174.00688,58.40215710486109,1.077173913043478,0.6,2.15,1.5499999999999998,0.5262362795628656,63.847826086956516,12.0,101.0,89.0,40.27728208054562,2.847826086956522,2.0,6.0,4.0,1.6147067482356454,9.391304347826086,1.0,16.0,15.0,6.982830685734351,1.004904692521739,0.052066,1.461112979,1.409046979,0.4905090357444173,0.46908695652173915,0.0,1.49,1.49,0.5052867815102609,5.551115123125783e-17,-2.0,5.0,7.0,2.3405684928164816
Li6.25Ba1.25La1.75Ta2O12,-4.30189945437661,483,test,298.0,5,1.257399094397555,0.5161290322580645,0.053763440860215055,0.5161290322580645,0.0,0.053763440860215055,0.0,0.0,0.26881720430107525,0.0,0.07526881720430108,0.0,0.0,0.0,0.0,0.0,0.0,0.0,0.0,0.0,0.0,0.0,0.0,0.08602150537634409,0.0,0.0,0.0,0.0,0.0,0.0,0.0,0.0,0.0,0.0,0.0,0.0,0.0,0.0,0.0,0.0,0.0,0.0,0.0,0.0,0.0,0.0,0.0,0.0,0.0,0.0,0.0,0.0,0.0,0.0,0.0,0.0,0.5161290322580645,0.0,2.298602150537634,0.89,3.44,2.55,1.1872128663819737,43.52744655913978,6.941,180.94788,174.00688,59.4403866272137,1.0865591397849461,0.6,2.15,1.5499999999999998,0.534766544629686,63.064516129032256,12.0,101.0,89.0,40.641312328425386,2.8602150537634405,2.0,6.0,4.0,1.643438552648843,9.29032258064516,1.0,16.0,15.0,7.009334245319479,0.9982954917419353,0.144626,1.461112979,1.316486979,0.4917055985283417,0.4807956989247312,0.0,1.49,1.49,0.516881562506267,1.1102230246251565e-16,-2.0,5.0,7.0,2.3186944788008415
Li5La3Ta2O12,-4.301029996,484,train,352.0,4,1.1570333357787375,0.5454545454545454,0.09090909090909091,0.5454545454545454,0.0,0.0,0.0,0.0,0.22727272727272727,0.0,0.13636363636363635,0.0,0.0,0.0,0.0,0.0,0.0,0.0,0.0,0.0,0.0,0.0,0.0,0.09090909090909091,0.0,0.0,0.0,0.0,0.0,0.0,0.0,0.0,0.0,0.0,0.0,0.0,0.0,0.0,0.0,0.0,0.0,0.0,0.0,0.0,0.0,0.0,0.0,0.0,0.0,0.0,0.0,0.0,0.0,0.0,0.0,0.0,0.5454545454545454,0.0,2.3854545454545453,0.98,3.44,2.46,1.1628051008141211,45.695907727272726,6.941,180.94788,174.00688,60.58148709257196,1.0545454545454545,0.6,1.95,1.35,0.5213420380720866,67.04545454545455,12.0,101.0,89.0,38.679895262534785,2.9090909090909087,2.0,6.0,4.0,1.6762808104168887,9.818181818181818,1.0,16.0,15.0,6.853243184708997,1.0433617685454544,0.32885923,1.461112979,1.132253749,0.4635693907499046,0.43890909090909086,0.0,1.172,1.172,0.4897794410001774,1.1102230246251565e-16,-2.0,5.0,7.0,2.4308621740219887
Li1.6Al0.6Ge1.0Ti0.4(PO4)3,-4.301029996,485,train,298.0,6,1.1385534730178515,0.6451612903225806,0.02150537634408602,0.6451612903225806,0.0,0.0,0.0,0.0,0.08602150537634408,0.0,0.0,0.0,0.0,0.0,0.0,0.0,0.0,0.0,0.0,0.0,0.0,0.0,0.0,0.0,0.02150537634408602,0.0,0.0,0.03225806451612903,0.0,0.0,0.0,0.0,0.0,0.0,0.0,0.0,0.0,0.0,0.0,0.0,0.05376344086021505,0.0,0.0,0.0,0.0,0.0,0.16129032258064516,0.0,0.0,0.0,0.0,0.0,0.0,0.0,0.0,0.0,0.6451612903225806,0.0,2.85,0.98,3.44,2.46,0.8485800917079135,21.720183288172045,6.941,72.64,65.699,14.446773958849752,0.8107526881720432,0.6,1.45,0.85,0.30601931402656574,88.90322580645162,12.0,101.0,89.0,25.260392098085326,2.3440860215053765,2.0,4.0,2.0,0.6133746536323296,14.086021505376346,1.0,16.0,15.0,4.4107783771133455,1.1980998517741934,0.075545,1.461112979,1.385567979,0.39051950374756467,0.24761648745519713,0.0,0.9,0.9,0.3454364888838716,-0.7168458781362008,-2.0,4.0,6.0,1.8053062876575845
Li1.1In0.1Hf1.9(PO4)3,-4.28988263488818,486,train,298.0,5,1.0059217871296124,0.6629834254143646,0.0055248618784530384,0.6629834254143646,0.0,0.0,0.0,0.0,0.06077348066298342,0.0,0.0,0.0,0.0,0.0,0.0,0.0,0.0,0.0,0.0,0.10497237569060772,0.0,0.0,0.0,0.0,0.0,0.0,0.0,0.0,0.0,0.0,0.0,0.0,0.0055248618784530384,0.0,0.0,0.0,0.0,0.0,0.0,0.0,0.0,0.0,0.0,0.0,0.0,0.0,0.16574585635359115,0.0,0.0,0.0,0.0,0.0,0.0,0.0,0.0,0.0,0.6629834254143646,0.0,2.849502762430939,0.98,3.44,2.46,0.8797860590284874,35.53381138121546,6.941,178.49,171.549,49.860966606007686,0.8229281767955801,0.6,1.55,0.9500000000000001,0.34706622090352734,88.292817679558,12.0,101.0,89.0,24.81283314629276,2.602209944751381,2.0,6.0,4.0,1.237889658552785,13.646408839779005,1.0,16.0,15.0,4.844185536538422,1.1508156254143647,0.17807,1.461112979,1.283042979,0.4590672026861229,0.24027624309392265,0.0,0.94,0.94,0.34979462157230673,-0.5524861878453038,-2.0,4.0,6.0,2.1440972736921613
La0.55Li0.36Ti0.95Ru0.05O3,-4.283996656,487,test,298.0,5,1.102329578643221,0.6109979633401221,0.010183299389002037,0.6109979633401221,0.0,0.0,0.0,0.0,0.07331975560081466,0.0,0.1120162932790224,0.0,0.0,0.0,0.0,0.0,0.0,0.0,0.0,0.0,0.0,0.0,0.0,0.0,0.1934826883910387,0.0,0.0,0.0,0.0,0.0,0.0,0.0,0.0,0.0,0.0,0.0,0.0,0.0,0.0,0.0,0.0,0.0,0.0,0.0,0.0,0.0,0.0,0.0,0.010183299389002037,0.0,0.0,0.0,0.0,0.0,0.0,0.0,0.6109979633401221,0.0,2.6172708757637473,0.98,3.44,2.46,1.0460905232522344,36.13485101832995,6.941,138.90547,131.96447,39.53319830556737,0.9754582484725052,0.6,1.95,1.35,0.494947531408574,76.78615071283096,12.0,101.0,89.0,31.805882259147985,2.865580448065173,2.0,6.0,4.0,1.3815251096005552,11.04073319755601,1.0,16.0,15.0,6.272687593505733,1.0257776815071282,0.075545,1.461112979,1.385567979,0.5720574582832219,0.36878479293957916,0.0,1.172,1.172,0.4712110406577561,-0.0030549898167006044,-2.0,4.0,6.0,2.59729038562915
Li4GeS4,-4.280006174,488,train,400.0,3,0.9649629230074277,0.4444444444444444,0.1111111111111111,0.4444444444444444,0.0,0.0,0.0,0.0,0.4444444444444444,0.0,0.0,0.0,0.0,0.0,0.0,0.0,0.0,0.0,0.0,0.0,0.0,0.0,0.0,0.0,0.0,0.0,0.0,0.0,0.0,0.0,0.0,0.0,0.0,0.0,0.0,0.0,0.0,0.0,0.0,0.0,0.1111111111111111,0.0,0.0,0.0,0.0,0.0,0.0,0.0,0.0,0.0,0.0,0.4444444444444444,0.0,0.0,0.0,0.0,0.0,0.0,1.8055555555555556,0.98,2.58,1.6,0.7577028310933737,25.40711111111111,6.941,72.64,65.699,20.47286759724492,1.2277777777777776,1.0,1.45,0.44999999999999996,0.2122774797171422,56.44444444444444,12.0,94.0,82.0,39.86396621598428,2.6666666666666665,2.0,4.0,2.0,0.6666666666666666,9.11111111111111,1.0,16.0,15.0,7.279261935181866,1.334810037,0.61804922,2.07710426,1.45905504,0.688752366908141,0.6944444444444444,0.47,0.9,0.43000000000000005,0.20445652138242615,1.6296296296296298,0.6666666666666666,2.5,1.8333333333333335,0.7848007444598922
La0.51Sr0.15Li0.15TiO3,-4.27572413039921,489,test,298.0,5,1.0752095272831492,0.6237006237006237,0.031185031185031183,0.6237006237006237,0.0,0.0,0.0,0.031185031185031183,0.031185031185031183,0.0,0.10602910602910603,0.0,0.0,0.0,0.0,0.0,0.0,0.0,0.0,0.0,0.0,0.0,0.0,0.0,0.2079002079002079,0.0,0.0,0.0,0.0,0.0,0.0,0.0,0.0,0.0,0.0,0.0,0.0,0.0,0.0,0.0,0.0,0.0,0.0,0.0,0.0,0.0,0.0,0.0,0.0,0.0,0.0,0.0,0.0,0.0,0.0,0.0,0.6237006237006237,0.0,2.6425155925155925,0.95,3.44,2.49,1.0378733014591008,37.60730555093555,6.941,138.90547,131.96447,38.838361407747804,0.9796257796257797,0.6,2.0,1.4,0.5155892671415339,77.93762993762994,12.0,101.0,89.0,30.916295311639878,2.9334719334719335,2.0,6.0,4.0,1.3918915037286415,11.222453222453222,1.0,16.0,15.0,6.17741805075546,1.0070165866943868,0.052066,1.461112979,1.409046979,0.6029666614670389,0.37055855855855857,0.0,1.32,1.32,0.4885902579351013,-0.004158004158004158,-2.0,4.0,6.0,2.632750584919573
Li0.15La0.51Sr0.15TiO3,-4.27572413,490,train,298.0,5,1.0752095272831492,0.6237006237006237,0.031185031185031183,0.6237006237006237,0.0,0.0,0.0,0.031185031185031183,0.031185031185031183,0.0,0.10602910602910603,0.0,0.0,0.0,0.0,0.0,0.0,0.0,0.0,0.0,0.0,0.0,0.0,0.0,0.2079002079002079,0.0,0.0,0.0,0.0,0.0,0.0,0.0,0.0,0.0,0.0,0.0,0.0,0.0,0.0,0.0,0.0,0.0,0.0,0.0,0.0,0.0,0.0,0.0,0.0,0.0,0.0,0.0,0.0,0.0,0.0,0.0,0.6237006237006237,0.0,2.6425155925155925,0.95,3.44,2.49,1.0378733014591008,37.60730555093555,6.941,138.90547,131.96447,38.838361407747804,0.9796257796257797,0.6,2.0,1.4,0.5155892671415339,77.93762993762994,12.0,101.0,89.0,30.916295311639878,2.9334719334719335,2.0,6.0,4.0,1.3918915037286415,11.222453222453222,1.0,16.0,15.0,6.17741805075546,1.0070165866943868,0.052066,1.461112979,1.409046979,0.6029666614670389,0.37055855855855857,0.0,1.32,1.32,0.4885902579351013,-0.004158004158004158,-2.0,4.0,6.0,2.632750584919573
Li1.3Fe0.3Hf1.7(PO4)3,-4.26760624,491,train,298.0,5,1.049159726908797,0.6557377049180328,0.01639344262295082,0.6557377049180328,0.0,0.0,0.0,0.0,0.07103825136612023,0.0,0.0,0.0,0.0,0.0,0.0,0.0,0.0,0.0,0.0,0.09289617486338798,0.0,0.0,0.0,0.0,0.0,0.0,0.0,0.0,0.0,0.0,0.0,0.0,0.0,0.0,0.01639344262295082,0.0,0.0,0.0,0.0,0.0,0.0,0.0,0.0,0.0,0.0,0.0,0.1639344262295082,0.0,0.0,0.0,0.0,0.0,0.0,0.0,0.0,0.0,0.6557377049180328,0.0,2.8351366120218584,0.98,3.44,2.46,0.8877520317418292,33.55868229508197,6.941,178.49,171.549,47.042992268218796,0.8273224043715848,0.6,1.55,0.9500000000000001,0.3467128067613902,87.48087431693989,12.0,101.0,89.0,25.838261443580656,2.568306010928962,2.0,6.0,4.0,1.1802013694609619,13.524590163934427,1.0,16.0,15.0,4.944301430466502,1.1434610365573772,0.15323635,1.461112979,1.307876629,0.46286772492423756,0.24703551912568308,0.0,0.9,0.9,0.35374584528349107,-0.5546448087431695,-2.0,4.0,6.0,2.1048822835430094
Li1.5Y0.5Ti1.5(PO4)3,-4.2644011,492,train,298.0,5,1.0807686565434764,0.6486486486486487,0.02702702702702703,0.6486486486486487,0.0,0.0,0.0,0.0,0.08108108108108109,0.0,0.0,0.0,0.0,0.0,0.0,0.0,0.02702702702702703,0.0,0.0,0.0,0.0,0.0,0.0,0.0,0.08108108108108109,0.0,0.0,0.0,0.0,0.0,0.0,0.0,0.0,0.0,0.0,0.0,0.0,0.0,0.0,0.0,0.0,0.0,0.0,0.0,0.0,0.0,0.16216216216216217,0.0,0.0,0.0,0.0,0.0,0.0,0.0,0.0,0.0,0.6486486486486487,0.0,2.823783783783784,0.98,3.44,2.46,0.8889482134655095,22.24751410810811,6.941,88.90585,81.96485,15.164944257042826,0.8310810810810811,0.6,1.8,1.2000000000000002,0.34919818413651105,85.89189189189189,12.0,101.0,89.0,28.149968828924013,2.4054054054054053,2.0,5.0,3.0,0.7519150131483003,13.297297297297296,1.0,16.0,15.0,5.22915354043579,1.1334713788108108,0.075545,1.461112979,1.385567979,0.473769649888896,0.25932432432432434,0.0,1.04,1.04,0.3681359708204713,-0.5405405405405406,-2.0,4.0,6.0,2.0915263781981825
Li0.5La0.5TiO3,-4.251037139,493,train,292.0,4,1.0888999753452238,0.6,0.1,0.6,0.0,0.0,0.0,0.0,0.1,0.0,0.1,0.0,0.0,0.0,0.0,0.0,0.0,0.0,0.0,0.0,0.0,0.0,0.0,0.0,0.2,0.0,0.0,0.0,0.0,0.0,0.0,0.0,0.0,0.0,0.0,0.0,0.0,0.0,0.0,0.0,0.0,0.0,0.0,0.0,0.0,0.0,0.0,0.0,0.0,0.0,0.0,0.0,0.0,0.0,0.0,0.0,0.6,0.0,2.58,0.98,3.44,2.46,1.0654201049351377,33.757687000000004,6.941,138.90547,131.96447,37.50396904486405,0.98,0.6,1.95,1.35,0.48795491595023405,75.3,12.0,101.0,89.0,33.0758219852508,2.8,2.0,6.0,4.0,1.3266499161421599,10.8,1.0,16.0,15.0,6.4156059729381765,1.0093363294,0.075545,1.461112979,1.385567979,0.5766944826746587,0.37753333333333333,0.0,1.172,1.172,0.4699938344749263,1.1102230246251565e-16,-2.0,4.0,6.0,2.569046515733026
Li1.2Sc0.2Hf1.8(PO4)3,-4.232102384,494,test,298.0,5,1.0294638497997788,0.6593406593406593,0.01098901098901099,0.6593406593406593,0.0,0.0,0.0,0.0,0.06593406593406594,0.0,0.0,0.0,0.0,0.0,0.0,0.0,0.0,0.0,0.0,0.09890109890109891,0.0,0.0,0.01098901098901099,0.0,0.0,0.0,0.0,0.0,0.0,0.0,0.0,0.0,0.0,0.0,0.0,0.0,0.0,0.0,0.0,0.0,0.0,0.0,0.0,0.0,0.0,0.0,0.16483516483516483,0.0,0.0,0.0,0.0,0.0,0.0,0.0,0.0,0.0,0.6593406593406593,0.0,2.837252747252748,0.98,3.44,2.46,0.8909139225747388,34.25914661538462,6.941,178.49,171.549,48.26460563288718,0.826923076923077,0.6,1.6,1.0,0.35037716666187757,87.3736263736264,12.0,101.0,89.0,26.2233217029256,2.5824175824175826,2.0,6.0,4.0,1.204989025219587,13.516483516483518,1.0,16.0,15.0,4.993099936412551,1.146771658681319,0.17807,1.461112979,1.283042979,0.4615925101182669,0.24379120879120886,0.0,0.9,0.9,0.35199146207438625,-0.5494505494505495,-2.0,4.0,6.0,2.130867179389493
Li1.1Lu0.1Hf1.9(PO4)3,-4.230622674,495,train,298.0,5,1.0059217871296124,0.6629834254143646,0.0055248618784530384,0.6629834254143646,0.0,0.0,0.0,0.0,0.06077348066298342,0.0,0.0,0.0,0.0,0.0,0.0,0.0,0.0,0.0,0.0055248618784530384,0.10497237569060772,0.0,0.0,0.0,0.0,0.0,0.0,0.0,0.0,0.0,0.0,0.0,0.0,0.0,0.0,0.0,0.0,0.0,0.0,0.0,0.0,0.0,0.0,0.0,0.0,0.0,0.0,0.16574585635359115,0.0,0.0,0.0,0.0,0.0,0.0,0.0,0.0,0.0,0.6629834254143646,0.0,2.846685082872928,0.98,3.44,2.46,0.8840133590954647,35.866126298342536,6.941,178.49,171.549,50.58348154063955,0.8240331491712707,0.6,1.75,1.15,0.34968775180582307,87.96685082872928,12.0,101.0,89.0,25.31522821515703,2.6077348066298343,2.0,6.0,4.0,1.2507438036101404,13.591160220994475,1.0,16.0,15.0,4.907850209767159,1.1500142110497238,0.17807,1.461112979,1.283042979,0.4605295832006426,0.24061325966850827,0.0,1.001,1.001,0.350497302014165,-0.5524861878453038,-2.0,4.0,6.0,2.1440972736921613
Li6.8La3Zr1.8Sb0.2O12,-4.22914798835786,496,train,298.0,5,1.1996889907347676,0.5042016806722689,0.008403361344537815,0.5042016806722689,0.0,0.0,0.0,0.0,0.2857142857142857,0.0,0.12605042016806722,0.0,0.0,0.0,0.0,0.0,0.0,0.0,0.0,0.0,0.0,0.07563025210084033,0.0,0.0,0.0,0.0,0.0,0.0,0.0,0.0,0.0,0.0,0.0,0.0,0.0,0.0,0.0,0.0,0.0,0.0,0.0,0.0,0.0,0.008403361344537815,0.0,0.0,0.0,0.0,0.0,0.0,0.0,0.0,0.0,0.0,0.0,0.0,0.5042016806722689,0.0,2.2709243697478994,0.98,3.44,2.46,1.1855133920304006,35.4816474789916,6.941,138.90547,131.96447,45.496787019942715,1.0920168067226892,0.6,1.95,1.35,0.5180759164251114,62.95798319327731,12.0,101.0,89.0,40.05907296761781,2.7563025210084033,2.0,6.0,4.0,1.4836157657607352,9.15966386554622,1.0,16.0,15.0,7.049623857034437,1.0251314908403362,0.433289,1.461112979,1.0278239789999999,0.44411812766644476,0.47689075630252103,0.0,1.172,1.172,0.4887431108485817,-0.028011204481792732,-2.0,4.0,6.0,2.1609296301255125
Li6.8La3Zr1.8Sb0.2O12,-4.229147988,497,train,303.0,5,1.1996889907347676,0.5042016806722689,0.008403361344537815,0.5042016806722689,0.0,0.0,0.0,0.0,0.2857142857142857,0.0,0.12605042016806722,0.0,0.0,0.0,0.0,0.0,0.0,0.0,0.0,0.0,0.0,0.07563025210084033,0.0,0.0,0.0,0.0,0.0,0.0,0.0,0.0,0.0,0.0,0.0,0.0,0.0,0.0,0.0,0.0,0.0,0.0,0.0,0.0,0.0,0.008403361344537815,0.0,0.0,0.0,0.0,0.0,0.0,0.0,0.0,0.0,0.0,0.0,0.0,0.5042016806722689,0.0,2.2709243697478994,0.98,3.44,2.46,1.1855133920304006,35.4816474789916,6.941,138.90547,131.96447,45.496787019942715,1.0920168067226892,0.6,1.95,1.35,0.5180759164251114,62.95798319327731,12.0,101.0,89.0,40.05907296761781,2.7563025210084033,2.0,6.0,4.0,1.4836157657607352,9.15966386554622,1.0,16.0,15.0,7.049623857034437,1.0251314908403362,0.433289,1.461112979,1.0278239789999999,0.44411812766644476,0.47689075630252103,0.0,1.172,1.172,0.4887431108485817,-0.028011204481792732,-2.0,4.0,6.0,2.1609296301255125
Li1.3Eu0.3Ti1.7(PO4)3,-4.22184875,498,train,298.0,5,1.049159726908797,0.6557377049180328,0.01639344262295082,0.6557377049180328,0.0,0.0,0.0,0.0,0.07103825136612023,0.0,0.0,0.0,0.0,0.0,0.0,0.01639344262295082,0.0,0.0,0.0,0.0,0.0,0.0,0.0,0.0,0.09289617486338798,0.0,0.0,0.0,0.0,0.0,0.0,0.0,0.0,0.0,0.0,0.0,0.0,0.0,0.0,0.0,0.0,0.0,0.0,0.0,0.0,0.0,0.1639344262295082,0.0,0.0,0.0,0.0,0.0,0.0,0.0,0.0,0.0,0.6557377049180328,0.0,2.847103825136612,0.98,3.44,2.46,0.8672529491128473,23.00002655737705,6.941,151.964,145.023,19.773086293873646,0.8207650273224043,0.6,1.85,1.25,0.3374696334946452,86.8688524590164,12.0,101.0,89.0,26.981763975095102,2.415300546448087,2.0,6.0,4.0,0.7907842080935817,13.442622950819668,1.0,16.0,15.0,5.0749290236947,1.1333285554098358,0.075545,1.461112979,1.385567979,0.4844963649282782,0.25286247723132965,0.0,1.1985000000000001,1.1985000000000001,0.3662243072637027,-0.5546448087431693,-2.0,4.0,6.0,2.104882283543009
Li1.4Al0.4Ge0.8Ti0.8(PO4)3,-4.22184875,499,train,298.0,6,1.1263598048389816,0.6521739130434783,0.02173913043478261,0.6521739130434783,0.0,0.0,0.0,0.0,0.07608695652173914,0.0,0.0,0.0,0.0,0.0,0.0,0.0,0.0,0.0,0.0,0.0,0.0,0.0,0.0,0.0,0.04347826086956522,0.0,0.0,0.02173913043478261,0.0,0.0,0.0,0.0,0.0,0.0,0.0,0.0,0.0,0.0,0.0,0.0,0.04347826086956522,0.0,0.0,0.0,0.0,0.0,0.16304347826086957,0.0,0.0,0.0,0.0,0.0,0.0,0.0,0.0,0.0,0.6521739130434783,0.0,2.8644565217391302,0.98,3.44,2.46,0.8382245264875594,21.838570730434785,6.941,72.64,65.699,13.963092500021178,0.8070652173913043,0.6,1.45,0.85,0.3058826787152163,89.06521739130436,12.0,101.0,89.0,24.71481000631794,2.358695652173913,2.0,4.0,2.0,0.6355675611323356,14.021739130434783,1.0,16.0,15.0,4.472083117542422,1.1879436476304348,0.075545,1.461112979,1.385567979,0.4140270740961948,0.24333333333333335,0.0,0.9,0.9,0.3449050313873785,-0.6884057971014491,-2.0,4.0,6.0,1.8906101230187782
Li0.3Sr0.6Ti0.45Fe0.05Ta0.5O3,-4.22184875,500,train,303.0,6,1.2275084738530535,0.6122448979591837,0.010204081632653062,0.6122448979591837,0.0,0.0,0.0,0.12244897959183673,0.061224489795918366,0.0,0.0,0.0,0.0,0.0,0.0,0.0,0.0,0.0,0.0,0.0,0.0,0.0,0.0,0.10204081632653061,0.09183673469387756,0.0,0.0,0.0,0.0,0.0,0.0,0.0,0.0,0.0,0.010204081632653062,0.0,0.0,0.0,0.0,0.0,0.0,0.0,0.0,0.0,0.0,0.0,0.0,0.0,0.0,0.0,0.0,0.0,0.0,0.0,0.0,0.0,0.6122448979591837,0.0,2.595612244897959,0.95,3.44,2.49,1.0764445124675452,44.37935510204082,6.941,180.94788,174.00688,52.09123551273015,0.9918367346938776,0.6,2.0,1.4,0.5193546759844266,75.0204081632653,12.0,101.0,89.0,34.73573105720247,2.979591836734694,2.0,6.0,4.0,1.4775848457059553,11.061224489795917,1.0,16.0,15.0,6.2935281408609285,0.9808326501020408,0.052066,1.461112979,1.409046979,0.6168768693713115,0.3873214285714286,0.0,1.32,1.32,0.5055389942871845,-0.015306122448979498,-2.0,5.0,7.0,2.6615689726334284
La0.385Sr0.275Li0.275TiO3,-4.21896306137887,501,test,298.0,5,1.1468474109658011,0.60790273556231,0.05572441742654508,0.60790273556231,0.0,0.0,0.0,0.05572441742654508,0.05572441742654508,0.0,0.07801418439716311,0.0,0.0,0.0,0.0,0.0,0.0,0.0,0.0,0.0,0.0,0.0,0.0,0.0,0.20263424518743667,0.0,0.0,0.0,0.0,0.0,0.0,0.0,0.0,0.0,0.0,0.0,0.0,0.0,0.0,0.0,0.0,0.0,0.0,0.0,0.0,0.0,0.0,0.0,0.0,0.0,0.0,0.0,0.0,0.0,0.0,0.0,0.60790273556231,0.0,2.5966058763931104,0.95,3.44,2.49,1.063056579144272,35.531526028368795,6.941,138.90547,131.96447,35.96061844466833,0.992806484295846,0.6,2.0,1.4,0.5167693717952272,75.8115501519757,12.0,101.0,89.0,32.96052332104314,2.884498480243161,2.0,6.0,4.0,1.3333964625687291,10.938196555217832,1.0,16.0,15.0,6.340493205822265,0.9843608732522796,0.052066,1.461112979,1.409046979,0.612911265987231,0.3877176629517055,0.0,1.32,1.32,0.4960272046147922,-0.004052684903748771,-2.0,4.0,6.0,2.5796302424379527
Li0.1Na0.1La0.6TiO3,-4.211124884,502,train,307.0,5,1.041777486008444,0.625,0.020833333333333336,0.625,0.0,0.0,0.020833333333333336,0.0,0.020833333333333336,0.0,0.125,0.0,0.0,0.0,0.0,0.0,0.0,0.0,0.0,0.0,0.0,0.0,0.0,0.0,0.20833333333333334,0.0,0.0,0.0,0.0,0.0,0.0,0.0,0.0,0.0,0.0,0.0,0.0,0.0,0.0,0.0,0.0,0.0,0.0,0.0,0.0,0.0,0.0,0.0,0.0,0.0,0.0,0.0,0.0,0.0,0.0,0.0,0.625,0.0,2.648125,0.93,3.44,2.51,1.03285739627582,37.95865811,6.941,138.90547,131.96447,40.253296610418374,0.9781249999999999,0.6,1.95,1.35,0.5130491214705144,78.35416666666667,11.0,101.0,90.0,30.327716684669085,2.9375,2.0,6.0,4.0,1.4054395812935776,11.25,1.0,16.0,15.0,6.15934249737746,1.0229185841666666,0.075545,1.461112979,1.385567979,0.5849601582746207,0.3668472222222222,0.0,1.172,1.172,0.48284691020652465,0.0,-2.0,4.0,6.0,2.6457513110645907
Li1.4Sc0.4Hf1.6(PO4)3,-4.209714836,503,train,298.0,5,1.0660861369642038,0.6521739130434783,0.02173913043478261,0.6521739130434783,0.0,0.0,0.0,0.0,0.07608695652173914,0.0,0.0,0.0,0.0,0.0,0.0,0.0,0.0,0.0,0.0,0.08695652173913045,0.0,0.0,0.02173913043478261,0.0,0.0,0.0,0.0,0.0,0.0,0.0,0.0,0.0,0.0,0.0,0.0,0.0,0.0,0.0,0.0,0.0,0.0,0.0,0.0,0.0,0.0,0.0,0.16304347826086957,0.0,0.0,0.0,0.0,0.0,0.0,0.0,0.0,0.0,0.6521739130434783,0.0,2.8177173913043476,0.98,3.44,2.46,0.9056742663088446,32.51075276086956,6.941,178.49,171.549,45.654526904857086,0.8342391304347825,0.6,1.6,1.0,0.3555407201519966,86.21739130434783,12.0,101.0,89.0,27.861000515352025,2.554347826086956,2.0,6.0,4.0,1.154990404955276,13.369565217391301,1.0,16.0,15.0,5.153549623706708,1.1410389172826085,0.17807,1.461112979,1.283042979,0.46230921920935997,0.2513043478260869,0.0,0.9,0.9,0.357281302493611,-0.5434782608695649,-2.0,4.0,6.0,2.104582871051081
Li4PS4I,-4.203425667,504,train,298.0,4,1.1935496040981333,0.4,0.1,0.5,0.0,0.0,0.0,0.0,0.4,0.0,0.0,0.0,0.0,0.0,0.0,0.0,0.0,0.0,0.0,0.0,0.0,0.0,0.0,0.0,0.0,0.0,0.0,0.0,0.0,0.0,0.0,0.0,0.0,0.0,0.0,0.0,0.0,0.0,0.0,0.0,0.0,0.0,0.0,0.0,0.0,0.0,0.1,0.0,0.0,0.0,0.0,0.4,0.1,0.0,0.0,0.0,0.0,0.0,1.909,0.98,2.66,1.6800000000000002,0.7678600132836714,31.3902232,6.941,126.90447,119.96347,33.93526799209837,1.22,1.0,1.45,0.44999999999999996,0.220454076850486,61.1,12.0,97.0,85.0,40.120942162416874,2.8000000000000003,2.0,5.0,3.0,0.8717797887081347,10.0,1.0,17.0,16.0,7.362064927722384,1.4586269567,0.61804922,3.059046537,2.440997317,0.8616642427047018,0.6910000000000001,0.47,0.9,0.43000000000000005,0.20632256299299892,1.8666666666666667,1.0,3.0,2.0,0.7702813338860897
Li0.5Sr0.5Cr0.25Ta0.75O3,-4.200039473,505,train,298.0,5,1.2013670042689852,0.6,0.05,0.6,0.0,0.0,0.0,0.1,0.1,0.0,0.0,0.0,0.0,0.0,0.0,0.0,0.0,0.0,0.0,0.0,0.0,0.0,0.0,0.15,0.0,0.0,0.0,0.0,0.0,0.0,0.05,0.0,0.0,0.0,0.0,0.0,0.0,0.0,0.0,0.0,0.0,0.0,0.0,0.0,0.0,0.0,0.0,0.0,0.0,0.0,0.0,0.0,0.0,0.0,0.0,0.0,0.6,0.0,2.5650000000000004,0.95,3.44,2.49,1.0874304575465965,48.797726999999995,6.941,180.94788,174.00688,59.928411627408664,0.9924999999999999,0.6,2.0,1.4,0.5045480651038114,73.94999999999999,12.0,101.0,89.0,35.45345540282357,3.0,2.0,6.0,4.0,1.5811388300841898,10.95,1.0,16.0,15.0,6.304561840445377,1.0268046074,0.052066,1.461112979,1.409046979,0.5514696379820324,0.392,0.0,1.32,1.32,0.4966044703785902,0.07499999999999996,-2.0,5.0,7.0,2.767105888830422
Li4.275Ge0.61Ga0.25S4,-4.197910742,506,train,298.0,4,0.9961596993423545,0.46798029556650245,0.027367268746579087,0.4378762999452654,0.0,0.0,0.0,0.0,0.46798029556650245,0.0,0.0,0.0,0.0,0.0,0.0,0.0,0.0,0.0,0.0,0.0,0.0,0.0,0.0,0.0,0.0,0.0,0.0,0.0,0.0,0.0,0.0,0.0,0.0,0.027367268746579087,0.0,0.0,0.0,0.0,0.0,0.0,0.06677613574165298,0.0,0.0,0.0,0.0,0.0,0.0,0.0,0.0,0.0,0.0,0.4378762999452654,0.0,0.0,0.0,0.0,0.0,0.0,1.7720963327859878,0.98,2.58,1.6,0.7637033725830383,24.047501368363434,6.941,72.64,65.699,19.490045618596383,1.235495347564313,1.0,1.45,0.44999999999999996,0.21434671399120056,54.60207991242473,12.0,94.0,82.0,40.072510305127295,2.6261631089217294,2.0,4.0,2.0,0.6498997452866618,8.764641488779418,1.0,16.0,15.0,7.311536341854342,1.2893050470640393,0.30116615,2.07710426,1.77593811,0.713833857237215,0.6992008757525998,0.47,0.9,0.43000000000000005,0.20568897569588812,1.689290275497172,0.6666666666666666,3.0,2.3333333333333335,0.7918265192617369
Li5.2La3Nb1.9Y0.1O12,-4.1944991418416,507,train,298.0,5,1.1777046586555822,0.5405405405405406,0.0045045045045045045,0.5405405405405406,0.0,0.0,0.0,0.0,0.23423423423423426,0.0,0.13513513513513514,0.0,0.0,0.0,0.0,0.0,0.0045045045045045045,0.0,0.0,0.0,0.0,0.0,0.0,0.0,0.0,0.0,0.08558558558558559,0.0,0.0,0.0,0.0,0.0,0.0,0.0,0.0,0.0,0.0,0.0,0.0,0.0,0.0,0.0,0.0,0.0,0.0,0.0,0.0,0.0,0.0,0.0,0.0,0.0,0.0,0.0,0.0,0.0,0.5405405405405406,0.0,2.3800900900900905,0.98,3.44,2.46,1.160166961808154,37.39707734234234,6.941,138.90547,131.96447,46.182812758621154,1.0596846846846846,0.6,1.95,1.35,0.5220441367896321,66.51351351351352,12.0,101.0,89.0,38.91174233131725,2.810810810810811,2.0,6.0,4.0,1.5216960281361351,9.729729729729732,1.0,16.0,15.0,6.880506405448835,1.0898221987387389,0.3112922,1.461112979,1.149820779,0.4125666859527357,0.44405405405405407,0.0,1.172,1.172,0.4904946544939794,-8.326672684688674e-17,-2.0,5.0,7.0,2.406822135678661
Li4.2Ge0.8Ga0.2S4,-4.187086643,508,train,298.0,4,1.0157110897988502,0.4565217391304348,0.02173913043478261,0.4347826086956522,0.0,0.0,0.0,0.0,0.4565217391304348,0.0,0.0,0.0,0.0,0.0,0.0,0.0,0.0,0.0,0.0,0.0,0.0,0.0,0.0,0.0,0.0,0.0,0.0,0.0,0.0,0.0,0.0,0.0,0.0,0.02173913043478261,0.0,0.0,0.0,0.0,0.0,0.0,0.08695652173913045,0.0,0.0,0.0,0.0,0.0,0.0,0.0,0.0,0.0,0.0,0.4347826086956522,0.0,0.0,0.0,0.0,0.0,0.0,1.7832608695652175,0.98,2.58,1.6,0.7583163683818025,24.942260869565217,6.941,72.64,65.699,20.283444402886573,1.233695652173913,1.0,1.45,0.44999999999999996,0.21265770307409176,55.413043478260875,12.0,94.0,82.0,39.91326252663204,2.6521739130434785,2.0,4.0,2.0,0.6665091181198214,8.913043478260871,1.0,16.0,15.0,7.282576249116558,1.2989780570000002,0.30116615,2.07710426,1.77593811,0.7049478194051109,0.698695652173913,0.47,0.9,0.43000000000000005,0.20436123915276336,1.666666666666667,0.6666666666666666,3.0,2.3333333333333335,0.7939992333804207
Li6CaLa2Ta2O12,-4.179798541,509,train,360.0,5,1.2510583317959272,0.5217391304347826,0.043478260869565216,0.5217391304347826,0.0,0.0,0.0,0.0,0.2608695652173913,0.043478260869565216,0.08695652173913043,0.0,0.0,0.0,0.0,0.0,0.0,0.0,0.0,0.0,0.0,0.0,0.0,0.08695652173913043,0.0,0.0,0.0,0.0,0.0,0.0,0.0,0.0,0.0,0.0,0.0,0.0,0.0,0.0,0.0,0.0,0.0,0.0,0.0,0.0,0.0,0.0,0.0,0.0,0.0,0.0,0.0,0.0,0.0,0.0,0.0,0.0,0.5217391304347826,0.0,2.3200000000000003,0.98,3.44,2.46,1.177513961885286,39.71406521739131,6.941,180.94788,174.00688,56.2467583100893,1.0652173913043477,0.6,1.95,1.35,0.5059289309535514,63.91304347826086,12.0,101.0,89.0,40.198326856246,2.7826086956521743,2.0,6.0,4.0,1.53102755318774,9.391304347826086,1.0,16.0,15.0,6.982830685734351,1.0016962142608694,0.024551,1.461112979,1.436561979,0.4965378271320821,0.45756521739130435,0.0,1.172,1.172,0.48616295586946495,5.551115123125783e-17,-2.0,5.0,7.0,2.3405684928164816
(Li2S)0.5((Ga2S3)0.1(GeS2)0.9)0.5,-4.173925197,510,train,301.0,4,1.1024639920246848,0.5000000000000001,0.03225806451612904,0.5000000000000001,0.0,0.0,0.0,0.0,0.32258064516129037,0.0,0.0,0.0,0.0,0.0,0.0,0.0,0.0,0.0,0.0,0.0,0.0,0.0,0.0,0.0,0.0,0.0,0.0,0.0,0.0,0.0,0.0,0.0,0.0,0.03225806451612904,0.0,0.0,0.0,0.0,0.0,0.0,0.14516129032258068,0.0,0.0,0.0,0.0,0.0,0.0,0.0,0.0,0.0,0.0,0.5000000000000001,0.0,0.0,0.0,0.0,0.0,0.0,1.956290322580645,0.98,2.58,1.6,0.7092823130346385,31.065177419354836,6.941,72.64,65.699,22.07595212977833,1.1911290322580645,1.0,1.45,0.44999999999999996,0.20191106984231924,65.6774193548387,12.0,94.0,82.0,37.24018562787161,2.8548387096774195,2.0,4.0,2.0,0.6920463855782237,10.774193548387098,1.0,16.0,15.0,6.792831503394352,1.4265747818870969,0.30116615,2.07710426,1.77593811,0.6846776580610269,0.6616129032258066,0.47,0.9,0.43000000000000005,0.19674113947656963,1.7661290322580645,0.6666666666666666,3.0,2.3333333333333335,0.8265637278842463
Li5.4La3Nb1.8Y0.2O12,-4.17134010346468,511,train,298.0,5,1.191319913009362,0.5357142857142857,0.00892857142857143,0.5357142857142857,0.0,0.0,0.0,0.0,0.2410714285714286,0.0,0.13392857142857142,0.0,0.0,0.0,0.0,0.0,0.00892857142857143,0.0,0.0,0.0,0.0,0.0,0.0,0.0,0.0,0.0,0.08035714285714286,0.0,0.0,0.0,0.0,0.0,0.0,0.0,0.0,0.0,0.0,0.0,0.0,0.0,0.0,0.0,0.0,0.0,0.0,0.0,0.0,0.0,0.0,0.0,0.0,0.0,0.0,0.0,0.0,0.0,0.5357142857142857,0.0,2.3658928571428572,0.98,3.44,2.46,1.1638563926903192,37.107288571428576,6.941,138.90547,131.96447,46.0444948062827,1.0647321428571428,0.6,1.95,1.35,0.5226835969669081,65.90178571428572,12.0,101.0,89.0,39.16174331753334,2.8035714285714284,2.0,6.0,4.0,1.5168063589701373,9.642857142857142,1.0,16.0,15.0,6.906075408726755,1.0829040703571426,0.3112922,1.461112979,1.149820779,0.41617788260147565,0.44910714285714287,0.0,1.172,1.172,0.49114362456310023,9.71445146547012e-17,-2.0,5.0,7.0,2.3829753310874686
Li7La3Ta2O13,-4.164309429,512,train,394.0,4,1.152962068167745,0.52,0.08,0.52,0.0,0.0,0.0,0.0,0.28,0.0,0.12,0.0,0.0,0.0,0.0,0.0,0.0,0.0,0.0,0.0,0.0,0.0,0.0,0.08,0.0,0.0,0.0,0.0,0.0,0.0,0.0,0.0,0.0,0.0,0.0,0.0,0.0,0.0,0.0,0.0,0.0,0.0,0.0,0.0,0.0,0.0,0.0,0.0,0.0,0.0,0.0,0.0,0.0,0.0,0.0,0.0,0.52,0.0,2.3152,0.98,3.44,2.46,1.1778934417000546,41.4076548,6.941,180.94788,174.00688,58.023652146872806,1.068,0.6,1.95,1.35,0.5096822539582873,64.0,12.0,101.0,89.0,39.94796615598847,2.8000000000000003,2.0,6.0,4.0,1.6,9.360000000000001,1.0,16.0,15.0,6.990736727985113,1.02604681308,0.32885923,1.461112979,1.132253749,0.45854235008568883,0.45824000000000004,0.0,1.172,1.172,0.48521972589745355,0.0,-2.0,5.0,7.0,2.3323807579381204
Li1.3Al0.23Sc0.07Ti1.7(PO4)3,-4.15490196,513,test,413.0,6,1.0580658380782544,0.6557377049180328,0.003825136612021859,0.6557377049180328,0.0,0.0,0.0,0.0,0.07103825136612023,0.0,0.0,0.0,0.0,0.0,0.0,0.0,0.0,0.0,0.0,0.0,0.0,0.0,0.003825136612021859,0.0,0.09289617486338798,0.0,0.0,0.012568306010928964,0.0,0.0,0.0,0.0,0.0,0.0,0.0,0.0,0.0,0.0,0.0,0.0,0.0,0.0,0.0,0.0,0.0,0.0,0.1639344262295082,0.0,0.0,0.0,0.0,0.0,0.0,0.0,0.0,0.0,0.6557377049180328,0.0,2.8528688524590162,0.98,3.44,2.46,0.8575044611155731,21.019888181311476,6.941,47.867,40.925999999999995,10.791026613038229,0.8122677595628415,0.6,1.6,1.0,0.31793999571164755,87.651912568306,12.0,101.0,89.0,25.843024111918215,2.369945355191257,2.0,4.0,2.0,0.6530914272247732,13.568306010928959,1.0,16.0,15.0,4.936701059308763,1.137550941535519,0.075545,1.461112979,1.385567979,0.47686981316168686,0.24508378870673952,0.0,0.9,0.9,0.35095357430267293,-0.5464480874316938,-2.0,4.0,6.0,2.117696093964934
Li1.8Al0.8Ge0.8Ti0.4(PO4)3,-4.15490196,514,train,298.0,6,1.1546448121001722,0.6382978723404256,0.021276595744680854,0.6382978723404256,0.0,0.0,0.0,0.0,0.09574468085106384,0.0,0.0,0.0,0.0,0.0,0.0,0.0,0.0,0.0,0.0,0.0,0.0,0.0,0.0,0.0,0.021276595744680854,0.0,0.0,0.04255319148936171,0.0,0.0,0.0,0.0,0.0,0.0,0.0,0.0,0.0,0.0,0.0,0.0,0.04255319148936171,0.0,0.0,0.0,0.0,0.0,0.1595744680851064,0.0,0.0,0.0,0.0,0.0,0.0,0.0,0.0,0.0,0.6382978723404256,0.0,2.8258510638297873,0.98,3.44,2.46,0.8705725794647391,21.077229621276597,6.941,72.64,65.699,13.45772838796125,0.8175531914893618,0.6,1.45,0.85,0.3113720022198691,88.04255319148936,12.0,101.0,89.0,26.34505682311443,2.3297872340425534,2.0,4.0,2.0,0.5904974079309753,13.936170212765958,1.0,16.0,15.0,4.589090928004772,1.1834201491702128,0.075545,1.461112979,1.385567979,0.4005799915657832,0.2535460992907802,0.0,0.9,0.9,0.3486970202640815,-0.673758865248227,-2.0,4.0,6.0,1.8386311098014418
Li3.5Ge0.5V0.5O4,-4.15490196,515,train,298.0,4,1.0533954983605762,0.47058823529411764,0.058823529411764705,0.47058823529411764,0.0,0.0,0.0,0.0,0.4117647058823529,0.0,0.0,0.0,0.0,0.0,0.0,0.0,0.0,0.0,0.0,0.0,0.0,0.0,0.0,0.0,0.0,0.0,0.0,0.0,0.058823529411764705,0.0,0.0,0.0,0.0,0.0,0.0,0.0,0.0,0.0,0.0,0.0,0.058823529411764705,0.0,0.0,0.0,0.0,0.0,0.0,0.0,0.0,0.0,0.0,0.0,0.0,0.0,0.0,0.0,0.47058823529411764,0.0,2.236470588235294,0.98,3.44,2.46,1.1646253685777876,17.656688235294116,6.941,72.64,65.699,17.07560682183738,1.0323529411764705,0.6,1.45,0.85,0.41050226640865645,60.58823529411765,12.0,101.0,89.0,42.1357174511258,2.235294117647059,2.0,4.0,2.0,0.6443794794178425,9.058823529411766,1.0,16.0,15.0,7.198615783895696,1.0456227520588235,0.527662,1.461112979,0.933450979,0.4175603738971158,0.4616176470588235,0.0,0.9,0.9,0.43689154426846855,-0.19607843137254904,-2.0,5.0,7.0,1.9371120055260342
Li1.55Al0.55Ge0.2Ti1.25(PO4)3,-4.153662888,516,train,298.0,6,1.1187316050834184,0.6469002695417789,0.01078167115902965,0.6469002695417789,0.0,0.0,0.0,0.0,0.08355795148247978,0.0,0.0,0.0,0.0,0.0,0.0,0.0,0.0,0.0,0.0,0.0,0.0,0.0,0.0,0.0,0.0673854447439353,0.0,0.0,0.029649595687331536,0.0,0.0,0.0,0.0,0.0,0.0,0.0,0.0,0.0,0.0,0.0,0.0,0.01078167115902965,0.0,0.0,0.0,0.0,0.0,0.16172506738544473,0.0,0.0,0.0,0.0,0.0,0.0,0.0,0.0,0.0,0.6469002695417789,0.0,2.8345822102425875,0.98,3.44,2.46,0.8697277980508572,20.747937047439354,6.941,72.64,65.699,11.276954700663499,0.8159029649595688,0.6,1.45,0.85,0.3159769537927351,87.60916442048519,12.0,101.0,89.0,26.206330835347252,2.347708894878706,2.0,4.0,2.0,0.6189843706482944,13.665768194070084,1.0,16.0,15.0,4.8504745248354135,1.1487970432129382,0.075545,1.461112979,1.385567979,0.4535312396050997,0.24985624438454632,0.0,0.9,0.9,0.3506483666413454,-0.5750224618149146,-2.0,4.0,6.0,2.034588368021458
Li1.15Y0.15Zr1.85(PO4)3,-4.148741651,517,train,298.0,5,1.0182866305854708,0.6611570247933884,0.008264462809917356,0.6611570247933884,0.0,0.0,0.0,0.0,0.06336088154269973,0.0,0.0,0.0,0.0,0.0,0.0,0.0,0.008264462809917356,0.0,0.0,0.0,0.0,0.1019283746556474,0.0,0.0,0.0,0.0,0.0,0.0,0.0,0.0,0.0,0.0,0.0,0.0,0.0,0.0,0.0,0.0,0.0,0.0,0.0,0.0,0.0,0.0,0.0,0.0,0.1652892561983471,0.0,0.0,0.0,0.0,0.0,0.0,0.0,0.0,0.0,0.6611570247933884,0.0,2.8441046831955927,0.98,3.44,2.46,0.8838177641805453,26.170606804407715,6.941,91.224,84.283,23.65424692557095,0.8267217630853995,0.6,1.8,1.2000000000000002,0.353147199653044,87.61432506887053,12.0,101.0,89.0,25.808043544538776,2.4958677685950414,2.0,5.0,3.0,0.9545365102797296,13.553719008264462,1.0,16.0,15.0,4.950916791672876,1.1753288242975206,0.3112922,1.461112979,1.149820779,0.40786037474629777,0.2441873278236915,0.0,1.04,1.04,0.3549928616894081,-0.5509641873278235,-2.0,4.0,6.0,2.137474778225756
LiTi2(PO4)3,-4.142667504,518,train,298.0,4,0.9736489231972634,0.6666666666666666,0.05555555555555555,0.6666666666666666,0.0,0.0,0.0,0.0,0.05555555555555555,0.0,0.0,0.0,0.0,0.0,0.0,0.0,0.0,0.0,0.0,0.0,0.0,0.0,0.0,0.0,0.1111111111111111,0.0,0.0,0.0,0.0,0.0,0.0,0.0,0.0,0.0,0.0,0.0,0.0,0.0,0.0,0.0,0.0,0.0,0.0,0.0,0.0,0.0,0.16666666666666666,0.0,0.0,0.0,0.0,0.0,0.0,0.0,0.0,0.0,0.6666666666666666,0.0,2.8838888888888885,0.98,3.44,2.46,0.8297398446962416,21.532726999999998,6.941,47.867,40.925999999999995,11.14230746998028,0.8027777777777777,0.6,1.45,0.85,0.3111235116576258,88.66666666666667,12.0,101.0,89.0,24.205141786176114,2.388888888888889,2.0,4.0,2.0,0.6781419786518724,13.666666666666666,1.0,16.0,15.0,4.818944098266987,1.1412401276666666,0.075545,1.461112979,1.385567979,0.4853501341348729,0.23629629629629628,0.0,0.9,0.9,0.34666068173054687,-0.5555555555555555,-2.0,4.0,6.0,2.1573875376608442
Li1.3Al0.1Y0.2Ti1.7(PO4)3,-4.13667714,519,train,298.0,6,1.0595943854054333,0.6557377049180328,0.005464480874316941,0.6557377049180328,0.0,0.0,0.0,0.0,0.07103825136612023,0.0,0.0,0.0,0.0,0.0,0.0,0.0,0.010928961748633882,0.0,0.0,0.0,0.0,0.0,0.0,0.0,0.09289617486338798,0.0,0.0,0.005464480874316941,0.0,0.0,0.0,0.0,0.0,0.0,0.0,0.0,0.0,0.0,0.0,0.0,0.0,0.0,0.0,0.0,0.0,0.0,0.1639344262295082,0.0,0.0,0.0,0.0,0.0,0.0,0.0,0.0,0.0,0.6557377049180328,0.0,2.849562841530055,0.98,3.44,2.46,0.8631014257823666,21.62790217814208,6.941,88.90585,81.96485,12.80619808207103,0.8169398907103826,0.6,1.8,1.2000000000000002,0.32862094976935124,87.28415300546449,12.0,101.0,89.0,26.309343438243623,2.387978142076503,2.0,5.0,3.0,0.6991546492486101,13.497267759562842,1.0,16.0,15.0,5.015685033970814,1.137192104043716,0.075545,1.461112979,1.385567979,0.4773113999444627,0.24826958105646635,0.0,1.04,1.04,0.3566298248902088,-0.5464480874316939,-2.0,4.0,6.0,2.1176960939649336
LiTi1.75Zr0.25(PO4)3,-4.133712661,520,train,427.0,5,1.0155122744479785,0.6666666666666666,0.013888888888888888,0.6666666666666666,0.0,0.0,0.0,0.0,0.05555555555555555,0.0,0.0,0.0,0.0,0.0,0.0,0.0,0.0,0.0,0.0,0.0,0.0,0.013888888888888888,0.0,0.0,0.09722222222222222,0.0,0.0,0.0,0.0,0.0,0.0,0.0,0.0,0.0,0.0,0.0,0.0,0.0,0.0,0.0,0.0,0.0,0.0,0.0,0.0,0.0,0.16666666666666666,0.0,0.0,0.0,0.0,0.0,0.0,0.0,0.0,0.0,0.6666666666666666,0.0,2.8809722222222223,0.98,3.44,2.46,0.8348122871543942,22.134907555555557,6.941,91.224,84.283,13.47639087337165,0.8048611111111111,0.6,1.55,0.9500000000000001,0.3155858443503463,88.6388888888889,12.0,101.0,89.0,24.249459075041216,2.4027777777777786,2.0,5.0,3.0,0.7199483434830243,13.666666666666668,1.0,16.0,15.0,4.8189440982669876,1.1462087943333337,0.075545,1.461112979,1.385567979,0.4761590154863833,0.23641203703703706,0.0,0.9,0.9,0.34686744761239047,-0.5555555555555555,-2.0,4.0,6.0,2.1573875376608442
Li0.8Zr1.8Nb0.2(PO4)3,-4.13076828,521,train,473.0,5,0.987494511413435,0.6741573033707865,0.011235955056179775,0.6741573033707865,0.0,0.0,0.0,0.0,0.0449438202247191,0.0,0.0,0.0,0.0,0.0,0.0,0.0,0.0,0.0,0.0,0.0,0.0,0.10112359550561797,0.0,0.0,0.0,0.0,0.011235955056179775,0.0,0.0,0.0,0.0,0.0,0.0,0.0,0.0,0.0,0.0,0.0,0.0,0.0,0.0,0.0,0.0,0.0,0.0,0.0,0.16853932584269662,0.0,0.0,0.0,0.0,0.0,0.0,0.0,0.0,0.0,0.6741573033707865,0.0,2.8847191011235958,0.98,3.44,2.46,0.8457190144681033,26.587155168539326,6.941,92.90638,85.96538,23.8341858589412,0.8112359550561797,0.6,1.55,0.9500000000000001,0.33793430724122214,89.34831460674158,12.0,101.0,89.0,23.23698191719664,2.50561797752809,2.0,5.0,3.0,0.9613145903913455,13.820224719101123,1.0,16.0,15.0,4.631503742392255,1.1927541603370788,0.433289,1.461112979,1.0278239789999999,0.39512071150476935,0.2293258426966292,0.0,0.9,0.9,0.34226213015267903,-0.5617977528089887,-2.0,5.0,7.0,2.1892915559944286
Li0.8Zr1.8Ta0.2(PO4)3,-4.13076828,522,train,473.0,5,0.987494511413435,0.6741573033707865,0.011235955056179775,0.6741573033707865,0.0,0.0,0.0,0.0,0.0449438202247191,0.0,0.0,0.0,0.0,0.0,0.0,0.0,0.0,0.0,0.0,0.0,0.0,0.10112359550561797,0.0,0.011235955056179775,0.0,0.0,0.0,0.0,0.0,0.0,0.0,0.0,0.0,0.0,0.0,0.0,0.0,0.0,0.0,0.0,0.0,0.0,0.0,0.0,0.0,0.0,0.16853932584269662,0.0,0.0,0.0,0.0,0.0,0.0,0.0,0.0,0.0,0.6741573033707865,0.0,2.8835955056179774,0.98,3.44,2.46,0.8474896800154026,27.576385505617978,6.941,180.94788,174.00688,28.024866456243956,0.8112359550561797,0.6,1.55,0.9500000000000001,0.33793430724122214,89.33707865168539,12.0,101.0,89.0,23.25478992352054,2.51685393258427,2.0,6.0,4.0,0.9956349625562122,13.820224719101123,1.0,16.0,15.0,4.631503742392255,1.186141264044944,0.32885923,1.461112979,1.132253749,0.4044877452530889,0.2293258426966292,0.0,0.9,0.9,0.34226213015267903,-0.5617977528089888,-2.0,5.0,7.0,2.189291555994429
Li2.9Sc1.9Zr0.1(PO4)3,-4.126174447,523,train,298.0,5,1.1217930143853954,0.6030150753768845,0.0050251256281407045,0.6030150753768845,0.0,0.0,0.0,0.0,0.1457286432160804,0.0,0.0,0.0,0.0,0.0,0.0,0.0,0.0,0.0,0.0,0.0,0.0,0.0050251256281407045,0.09547738693467336,0.0,0.0,0.0,0.0,0.0,0.0,0.0,0.0,0.0,0.0,0.0,0.0,0.0,0.0,0.0,0.0,0.0,0.0,0.0,0.0,0.0,0.0,0.0,0.15075376884422112,0.0,0.0,0.0,0.0,0.0,0.0,0.0,0.0,0.0,0.6030150753768845,0.0,2.683869346733669,0.98,3.44,2.46,0.9905333840612208,20.07947833165829,6.941,91.224,84.283,11.730564173143433,0.8844221105527639,0.6,1.6,1.0,0.38539093603959507,78.2814070351759,12.0,101.0,89.0,36.22155728417269,2.35678391959799,2.0,5.0,3.0,0.6712634966631776,12.361809045226131,1.0,16.0,15.0,6.046698400902427,1.1029988519095477,0.17938023,1.461112979,1.281732749,0.46309463812256946,0.3028894472361809,0.0,0.9,0.9,0.38781188497755614,-0.5025125628140704,-2.0,4.0,6.0,1.9140869965630325
Li0.24La0.59TiO3,-4.119186408,524,train,302.0,4,1.0278432331257454,0.6211180124223603,0.04968944099378882,0.6211180124223603,0.0,0.0,0.0,0.0,0.04968944099378882,0.0,0.12215320910973085,0.0,0.0,0.0,0.0,0.0,0.0,0.0,0.0,0.0,0.0,0.0,0.0,0.0,0.2070393374741201,0.0,0.0,0.0,0.0,0.0,0.0,0.0,0.0,0.0,0.0,0.0,0.0,0.0,0.0,0.0,0.0,0.0,0.0,0.0,0.0,0.0,0.0,0.0,0.0,0.0,0.0,0.0,0.0,0.0,0.0,0.0,0.6211180124223603,0.0,2.638550724637681,0.98,3.44,2.46,1.0366551018646664,37.16051082815735,6.941,138.90547,131.96447,40.14693748808555,0.972774327122153,0.6,1.95,1.35,0.5020650572809858,77.91925465838509,12.0,101.0,89.0,30.713255105833678,2.902691511387163,2.0,6.0,4.0,1.4027675256156067,11.182194616977226,1.0,16.0,15.0,6.198905746237561,1.021980953995859,0.075545,1.461112979,1.385567979,0.5828240685308083,0.36421256038647337,0.0,1.172,1.172,0.4749299522392519,0.0020703933747411303,-2.0,4.0,6.0,2.635557907868465
La0.41Sr0.25Li0.25TiO3,-4.11690664142431,525,train,298.0,5,1.1356457429188462,0.6109979633401222,0.05091649694501019,0.6109979633401222,0.0,0.0,0.0,0.05091649694501019,0.05091649694501019,0.0,0.08350305498981671,0.0,0.0,0.0,0.0,0.0,0.0,0.0,0.0,0.0,0.0,0.0,0.0,0.0,0.20366598778004075,0.0,0.0,0.0,0.0,0.0,0.0,0.0,0.0,0.0,0.0,0.0,0.0,0.0,0.0,0.0,0.0,0.0,0.0,0.0,0.0,0.0,0.0,0.0,0.0,0.0,0.0,0.0,0.0,0.0,0.0,0.0,0.6109979633401222,0.0,2.605600814663951,0.95,3.44,2.49,1.0583265984184214,35.9382266191446,6.941,138.90547,131.96447,36.55158752640785,0.990224032586558,0.6,2.0,1.4,0.5165648626697733,76.22810590631363,12.0,101.0,89.0,32.581042684986656,2.894093686354379,2.0,6.0,4.0,1.3451980461937787,10.993890020366601,1.0,16.0,15.0,6.309883249258187,0.98879973197556,0.052066,1.461112979,1.409046979,0.6110417737215239,0.3843557365919892,0.0,1.32,1.32,0.4946258084434977,-0.004073319755600879,-2.0,4.0,6.0,2.5901237510089574
Li0.25La0.41Sr0.25TiO3,-4.116906641,526,train,298.0,5,1.1356457429188462,0.6109979633401222,0.05091649694501019,0.6109979633401222,0.0,0.0,0.0,0.05091649694501019,0.05091649694501019,0.0,0.08350305498981671,0.0,0.0,0.0,0.0,0.0,0.0,0.0,0.0,0.0,0.0,0.0,0.0,0.0,0.20366598778004075,0.0,0.0,0.0,0.0,0.0,0.0,0.0,0.0,0.0,0.0,0.0,0.0,0.0,0.0,0.0,0.0,0.0,0.0,0.0,0.0,0.0,0.0,0.0,0.0,0.0,0.0,0.0,0.0,0.0,0.0,0.0,0.6109979633401222,0.0,2.605600814663951,0.95,3.44,2.49,1.0583265984184214,35.9382266191446,6.941,138.90547,131.96447,36.55158752640785,0.990224032586558,0.6,2.0,1.4,0.5165648626697733,76.22810590631363,12.0,101.0,89.0,32.581042684986656,2.894093686354379,2.0,6.0,4.0,1.3451980461937787,10.993890020366601,1.0,16.0,15.0,6.309883249258187,0.98879973197556,0.052066,1.461112979,1.409046979,0.6110417737215239,0.3843557365919892,0.0,1.32,1.32,0.4946258084434977,-0.004073319755600879,-2.0,4.0,6.0,2.5901237510089574
Li0.25La0.66Ti0.75Al0.25O3,-4.11577123,527,train,298.0,5,1.160991266024179,0.6109979633401222,0.05091649694501019,0.6109979633401222,0.0,0.0,0.0,0.0,0.05091649694501019,0.0,0.1344195519348269,0.0,0.0,0.0,0.0,0.0,0.0,0.0,0.0,0.0,0.0,0.0,0.0,0.0,0.15274949083503056,0.0,0.0,0.05091649694501019,0.0,0.0,0.0,0.0,0.0,0.0,0.0,0.0,0.0,0.0,0.0,0.0,0.0,0.0,0.0,0.0,0.0,0.0,0.0,0.0,0.0,0.0,0.0,0.0,0.0,0.0,0.0,0.0,0.6109979633401222,0.0,2.616802443991853,0.98,3.44,2.46,1.0432831225523493,37.486088564154784,6.941,138.90547,131.96447,41.6448490804442,0.9800407331975558,0.6,1.95,1.35,0.5065646431091911,78.62118126272912,12.0,101.0,89.0,30.469360915725897,2.8940936863543785,2.0,6.0,4.0,1.4188811688311325,11.503054989816698,1.0,16.0,15.0,6.033637113528626,1.0327289682281058,0.075545,1.461112979,1.385567979,0.5563326559531571,0.3678248472505091,0.0,1.172,1.172,0.4738959175520493,-0.0040733197556007674,-2.0,4.0,6.0,2.570390641838452
Li0.7Al0.3Ti1.7(PO4)3,-4.111820506,528,test,292.74,5,0.986224504652601,0.6779661016949153,0.01694915254237288,0.6779661016949153,0.0,0.0,0.0,0.0,0.03954802259887005,0.0,0.0,0.0,0.0,0.0,0.0,0.0,0.0,0.0,0.0,0.0,0.0,0.0,0.0,0.0,0.096045197740113,0.0,0.0,0.01694915254237288,0.0,0.0,0.0,0.0,0.0,0.0,0.0,0.0,0.0,0.0,0.0,0.0,0.0,0.0,0.0,0.0,0.0,0.0,0.16949152542372883,0.0,0.0,0.0,0.0,0.0,0.0,0.0,0.0,0.0,0.6779661016949153,0.0,2.917344632768362,0.98,3.44,2.46,0.7965393084643217,21.426053535593223,6.941,47.867,40.925999999999995,10.553870434266214,0.7892655367231639,0.6,1.45,0.85,0.2974904880953302,90.45762711864408,12.0,101.0,89.0,21.6844254301063,2.378531073446328,2.0,4.0,2.0,0.6537091825591289,14.033898305084747,1.0,16.0,15.0,4.380101777684907,1.156163532881356,0.075545,1.461112979,1.385567979,0.47323531937658997,0.2220527306967985,0.0,0.9,0.9,0.33374417954877905,-0.5988700564971752,-2.0,4.0,6.0,2.13373906895301
Li3.6Si0.6P0.4S4,-4.110026362,529,train,298.0,4,1.0490264333601902,0.46511627906976744,0.046511627906976744,0.46511627906976744,0.0,0.0,0.0,0.0,0.4186046511627907,0.0,0.0,0.0,0.0,0.0,0.0,0.0,0.0,0.0,0.0,0.0,0.0,0.0,0.0,0.0,0.0,0.0,0.0,0.0,0.0,0.0,0.0,0.0,0.0,0.0,0.0,0.0,0.06976744186046512,0.0,0.0,0.0,0.0,0.0,0.0,0.0,0.0,0.0,0.046511627906976744,0.0,0.0,0.0,0.0,0.46511627906976744,0.0,0.0,0.0,0.0,0.0,0.0,1.8446511627906976,0.98,2.58,1.6,0.7551323581416715,21.219581953488373,6.941,32.065,25.124,12.155938971070205,1.1953488372093024,1.0,1.45,0.44999999999999996,0.2174947081656086,58.86046511627907,12.0,94.0,82.0,39.828458561832065,2.5813953488372094,2.0,3.0,1.0,0.49333031245573084,9.534883720930232,1.0,16.0,15.0,7.260433830363295,1.3564826330232558,0.61804922,2.07710426,1.45905504,0.6979735946316323,0.6586046511627907,0.47,0.9,0.43000000000000005,0.20607721961314154,1.6589147286821706,0.0,2.5,2.5,0.8383211107436497
Li6La2CaNb2O12,-4.106793247,530,test,427.0,5,1.2510583317959272,0.5217391304347826,0.043478260869565216,0.5217391304347826,0.0,0.0,0.0,0.0,0.2608695652173913,0.043478260869565216,0.08695652173913043,0.0,0.0,0.0,0.0,0.0,0.0,0.0,0.0,0.0,0.0,0.0,0.0,0.0,0.0,0.0,0.08695652173913043,0.0,0.0,0.0,0.0,0.0,0.0,0.0,0.0,0.0,0.0,0.0,0.0,0.0,0.0,0.0,0.0,0.0,0.0,0.0,0.0,0.0,0.0,0.0,0.0,0.0,0.0,0.0,0.0,0.0,0.5217391304347826,0.0,2.328695652173913,0.98,3.44,2.46,1.1717816399484278,32.05828260869565,6.941,138.90547,131.96447,40.206997296995375,1.0652173913043477,0.6,1.95,1.35,0.5059289309535514,64.0,12.0,101.0,89.0,40.17353660655558,2.6956521739130435,2.0,6.0,4.0,1.365245084183268,9.391304347826086,1.0,16.0,15.0,6.982830685734351,1.0528742812173912,0.024551,1.461112979,1.436561979,0.45297059943572593,0.45756521739130435,0.0,1.172,1.172,0.48616295586946495,0.0,-2.0,5.0,7.0,2.3405684928164816
Li0.10La0.63TiO3,-4.102372909,531,train,300.0,4,0.9673509916879657,0.6342494714587739,0.021141649048625796,0.6342494714587739,0.0,0.0,0.0,0.0,0.021141649048625796,0.0,0.1331923890063425,0.0,0.0,0.0,0.0,0.0,0.0,0.0,0.0,0.0,0.0,0.0,0.0,0.0,0.21141649048625794,0.0,0.0,0.0,0.0,0.0,0.0,0.0,0.0,0.0,0.0,0.0,0.0,0.0,0.0,0.0,0.0,0.0,0.0,0.0,0.0,0.0,0.0,0.0,0.0,0.0,0.0,0.0,0.0,0.0,0.0,0.0,0.6342494714587739,0.0,2.6746300211416494,0.98,3.44,2.46,1.0171879741441852,38.91537972515856,6.941,138.90547,131.96447,41.27089237903861,0.9669133192389008,0.6,1.95,1.35,0.5086247540947934,79.49048625792813,12.0,101.0,89.0,29.141493676109988,2.955602536997886,2.0,6.0,4.0,1.4365124354942826,11.414376321353068,1.0,16.0,15.0,6.056600935001941,1.0300090835095137,0.075545,1.461112979,1.385567979,0.5863409716667113,0.35518534178999295,0.0,1.172,1.172,0.4767253488140339,-0.0021141649048626032,-2.0,4.0,6.0,2.6719899726660064
Li0.067La0.64TiO2.99,-4.102372909,532,train,300.0,4,0.9490661223399479,0.6365765382158826,0.014264424100489675,0.6365765382158826,0.0,0.0,0.0,0.0,0.014264424100489675,0.0,0.1362571854375133,0.0,0.0,0.0,0.0,0.0,0.0,0.0,0.0,0.0,0.0,0.0,0.0,0.0,0.21290185224611455,0.0,0.0,0.0,0.0,0.0,0.0,0.0,0.0,0.0,0.0,0.0,0.0,0.0,0.0,0.0,0.0,0.0,0.0,0.0,0.0,0.0,0.0,0.0,0.0,0.0,0.0,0.0,0.0,0.0,0.0,0.0,0.6365765382158826,0.0,2.6815541835213965,0.98,3.44,2.46,1.01279221143468,39.4016933787524,6.941,138.90547,131.96447,41.5692435090568,0.9663934426229508,0.6,1.95,1.35,0.510536773908489,79.81988503299978,12.0,101.0,89.0,28.752375369053947,2.970832446242283,2.0,6.0,4.0,1.4454088478032425,11.459868000851609,1.0,16.0,15.0,6.023456475753704,1.030979704694486,0.075545,1.461112979,1.385567979,0.5874499416350347,0.35385281385281386,0.0,1.172,1.172,0.4774185386098794,0.0014903129657226621,-2.0,4.0,6.0,2.682035171433577
Li1.2Al0.2Ge1.8(PO4)3,-4.1001794975729,533,train,298.0,5,1.0294638497997788,0.6593406593406593,0.01098901098901099,0.6593406593406593,0.0,0.0,0.0,0.0,0.06593406593406594,0.0,0.0,0.0,0.0,0.0,0.0,0.0,0.0,0.0,0.0,0.0,0.0,0.0,0.0,0.0,0.0,0.0,0.0,0.01098901098901099,0.0,0.0,0.0,0.0,0.0,0.0,0.0,0.0,0.0,0.0,0.0,0.0,0.09890109890109891,0.0,0.0,0.0,0.0,0.0,0.16483516483516483,0.0,0.0,0.0,0.0,0.0,0.0,0.0,0.0,0.0,0.6593406593406593,0.0,2.9102197802197804,0.98,3.44,2.46,0.7841800897976922,23.592944709890112,6.941,72.64,65.699,17.4162331349754,0.7934065934065934,0.6,1.45,0.85,0.28815525340763287,91.40659340659342,12.0,101.0,89.0,21.990996170499997,2.3736263736263736,2.0,4.0,2.0,0.6571391818780683,14.615384615384615,1.0,16.0,15.0,3.684745002193759,1.253858609087912,0.432835,1.461112979,1.0282779789999998,0.3237899308279581,0.2335714285714286,0.0,0.9,0.9,0.33519986305883614,-0.879120879120879,-2.0,3.0,5.0,1.5909669336359686
(Li2O)50(LiF)20(P2O5)30,-4.097453221,534,test,379.0,4,1.1421200429883351,0.5,0.05,0.55,0.0,0.0,0.0,0.0,0.3,0.0,0.0,0.0,0.0,0.0,0.0,0.0,0.0,0.0,0.0,0.0,0.0,0.0,0.0,0.0,0.0,0.0,0.0,0.0,0.0,0.0,0.0,0.0,0.0,0.0,0.0,0.0,0.0,0.0,0.0,0.0,0.0,0.0,0.0,0.0,0.0,0.0,0.15,0.0,0.0,0.0,0.0,0.0,0.0,0.0,0.0,0.0,0.5,0.05,2.5415,0.98,3.98,3.0,1.1212193139613675,15.677984460000001,6.941,30.973762,24.032762,7.654900641052346,0.91,0.5,1.45,0.95,0.3809855640309748,72.7,12.0,102.0,90.0,39.92004509015489,2.15,2.0,3.0,1.0,0.3570714214271425,11.4,1.0,17.0,16.0,6.822023160324216,1.1980221132,0.61804922,3.401189824,2.7831406039999997,0.6393609480583112,0.36350000000000005,0.0,0.9,0.9,0.3983249301763574,-0.5,-2.0,1.6666666666666667,3.666666666666667,1.5864005379054391
Li6.8La3Zr1.9Mo0.1O12,-4.09691001300806,535,train,298.0,5,1.1890530470334586,0.5042016806722689,0.004201680672268907,0.5042016806722689,0.0,0.0,0.0,0.0,0.2857142857142857,0.0,0.12605042016806722,0.0,0.0,0.0,0.0,0.0,0.0,0.0,0.0,0.0,0.0,0.07983193277310924,0.0,0.0,0.0,0.0,0.0,0.0,0.0,0.0,0.0,0.0,0.0,0.0,0.0,0.0,0.0,0.0,0.0,0.0,0.0,0.0,0.0,0.0,0.0,0.004201680672268907,0.0,0.0,0.0,0.0,0.0,0.0,0.0,0.0,0.0,0.0,0.5042016806722689,0.0,2.268361344537815,0.98,3.44,2.46,1.1869275018467678,35.24485756302521,6.941,138.90547,131.96447,45.119406714923855,1.0924369747899159,0.6,1.95,1.35,0.5184065216199301,62.659663865546214,12.0,101.0,89.0,40.004906882492925,2.756302521008403,2.0,6.0,4.0,1.4836157657607352,9.07563025210084,1.0,16.0,15.0,7.039694970313074,1.0212899976470586,0.433289,1.461112979,1.0278239789999999,0.4461145760391328,0.47678571428571426,0.0,1.172,1.172,0.4886840762195349,-0.004201680672268893,-2.0,5.0,7.0,2.1952927087229086
Li1.4Al0.4Ge1.0Ti0.6(PO4)3,-4.096910013,536,train,298.0,6,1.123613375064898,0.6521739130434783,0.02173913043478261,0.6521739130434783,0.0,0.0,0.0,0.0,0.07608695652173914,0.0,0.0,0.0,0.0,0.0,0.0,0.0,0.0,0.0,0.0,0.0,0.0,0.0,0.0,0.0,0.03260869565217391,0.0,0.0,0.02173913043478261,0.0,0.0,0.0,0.0,0.0,0.0,0.0,0.0,0.0,0.0,0.0,0.0,0.05434782608695653,0.0,0.0,0.0,0.0,0.0,0.16304347826086957,0.0,0.0,0.0,0.0,0.0,0.0,0.0,0.0,0.0,0.6521739130434783,0.0,2.8695652173913047,0.98,3.44,2.46,0.8315424549849179,22.107842469565217,6.941,72.64,65.699,14.682763858369114,0.8054347826086957,0.6,1.45,0.85,0.30310499344458136,89.42391304347828,12.0,101.0,89.0,24.39718163322585,2.3586956521739135,2.0,4.0,2.0,0.6355675611323356,14.130434782608695,1.0,16.0,15.0,4.346956434765213,1.2005211629891304,0.075545,1.461112979,1.385567979,0.3972803042688705,0.2424456521739131,0.0,0.9,0.9,0.3434402052505584,-0.7246376811594201,-2.0,4.0,6.0,1.8314276628313757
Li6.46Al0.15La3Zr1.95O11.86,-4.080921908,537,train,298.0,5,1.2023813801387548,0.5064047822374039,0.0064047822374039285,0.5064047822374039,0.0,0.0,0.0,0.0,0.27583262169086253,0.0,0.12809564474807858,0.0,0.0,0.0,0.0,0.0,0.0,0.0,0.0,0.0,0.0,0.08326216908625107,0.0,0.0,0.0,0.0,0.0,0.0064047822374039285,0.0,0.0,0.0,0.0,0.0,0.0,0.0,0.0,0.0,0.0,0.0,0.0,0.0,0.0,0.0,0.0,0.0,0.0,0.0,0.0,0.0,0.0,0.0,0.0,0.0,0.0,0.0,0.0,0.5064047822374039,0.0,2.2743040136635355,0.98,3.44,2.46,1.1848723777140726,35.57823163065756,6.941,138.90547,131.96447,45.23532269919539,1.0906490179333903,0.6,1.95,1.35,0.5194776713408054,63.27625960717336,12.0,101.0,89.0,39.77523453958474,2.7685738684884718,2.0,6.0,4.0,1.4881494644892317,9.178906917164817,1.0,16.0,15.0,7.0164512673234,1.0206607725081127,0.432835,1.461112979,1.0282779789999998,0.4487374682446884,0.4743061485909479,0.0,1.172,1.172,0.48878124783708043,-0.00042698548249348045,-2.0,4.0,6.0,2.200943006207393
Li1.3Sc0.3Hf1.7(PO4)3,-4.079876674,538,test,298.0,5,1.0491597269087969,0.6557377049180328,0.01639344262295082,0.6557377049180328,0.0,0.0,0.0,0.0,0.07103825136612023,0.0,0.0,0.0,0.0,0.0,0.0,0.0,0.0,0.0,0.0,0.09289617486338798,0.0,0.0,0.01639344262295082,0.0,0.0,0.0,0.0,0.0,0.0,0.0,0.0,0.0,0.0,0.0,0.0,0.0,0.0,0.0,0.0,0.0,0.0,0.0,0.0,0.0,0.0,0.0,0.1639344262295082,0.0,0.0,0.0,0.0,0.0,0.0,0.0,0.0,0.0,0.6557377049180328,0.0,2.8274316939890713,0.98,3.44,2.46,0.8984178348574935,33.38017265573771,6.941,178.49,171.549,46.978701748307074,0.830601092896175,0.6,1.6,1.0,0.35300144645736425,86.79234972677595,12.0,101.0,89.0,27.065202518639296,2.5683060109289624,2.0,6.0,4.0,1.180201369460962,13.442622950819672,1.0,16.0,15.0,5.0749290236947,1.1438896247540984,0.17807,1.461112979,1.283042979,0.46196185429271175,0.247568306010929,0.0,0.9,0.9,0.35468059128886814,-0.5464480874316939,-2.0,4.0,6.0,2.117696093964934
Li1.3Al0.27Sc0.03Ti1.7(PO4)3,-4.07211659,539,train,413.0,6,1.054488955980788,0.6557377049180328,0.001639344262295082,0.6557377049180328,0.0,0.0,0.0,0.0,0.07103825136612023,0.0,0.0,0.0,0.0,0.0,0.0,0.0,0.0,0.0,0.0,0.0,0.0,0.0,0.001639344262295082,0.0,0.09289617486338798,0.0,0.0,0.01475409836065574,0.0,0.0,0.0,0.0,0.0,0.0,0.0,0.0,0.0,0.0,0.0,0.0,0.0,0.0,0.0,0.0,0.0,0.0,0.1639344262295082,0.0,0.0,0.0,0.0,0.0,0.0,0.0,0.0,0.0,0.6557377049180328,0.0,2.853415300546448,0.98,3.44,2.46,0.8566321635282146,20.980599933442623,6.941,47.867,40.925999999999995,10.736390667293104,0.811502732240437,0.6,1.6,1.0,0.3164612800893871,87.78524590163934,12.0,101.0,89.0,25.645082844862486,2.3677595628415298,2.0,4.0,2.0,0.6492946211324276,13.590163934426227,1.0,16.0,15.0,4.9119361118166145,1.1381049410327868,0.075545,1.461112979,1.385567979,0.4759025881623302,0.24462477231329688,0.0,0.9,0.9,0.3502529514501893,-0.5464480874316938,-2.0,4.0,6.0,2.1176960939649336
Li1.2Ti2Si0.2P2.8O12,-4.06550154875643,540,train,298.0,5,1.0341135274701638,0.6593406593406593,0.01098901098901099,0.6593406593406593,0.0,0.0,0.0,0.0,0.06593406593406594,0.0,0.0,0.0,0.0,0.0,0.0,0.0,0.0,0.0,0.0,0.0,0.0,0.0,0.0,0.0,0.10989010989010989,0.0,0.0,0.0,0.0,0.0,0.0,0.0,0.0,0.0,0.0,0.0,0.01098901098901099,0.0,0.0,0.0,0.0,0.0,0.0,0.0,0.0,0.0,0.15384615384615385,0.0,0.0,0.0,0.0,0.0,0.0,0.0,0.0,0.0,0.6593406593406593,0.0,2.8597802197802196,0.98,3.44,2.46,0.8517634945204883,21.34063920879121,6.941,47.867,40.925999999999995,11.161628694067746,0.8109890109890109,0.6,1.45,0.85,0.31751111409138,87.76923076923076,12.0,101.0,89.0,25.36462749538642,2.3846153846153846,2.0,4.0,2.0,0.6756231274259076,13.516483516483516,1.0,16.0,15.0,4.968831727201554,1.1425557459340658,0.075545,1.461112979,1.385567979,0.48471481195286037,0.2434798534798535,0.0,0.9,0.9,0.3515313306892354,-0.5567765567765568,-2.0,4.0,6.0,2.139833814741914
Li2Ti0.75Ta0.25O3.125,-4.045757491,541,test,573.0,4,1.0965107806814482,0.5102040816326531,0.04081632653061224,0.5102040816326531,0.0,0.0,0.0,0.0,0.32653061224489793,0.0,0.0,0.0,0.0,0.0,0.0,0.0,0.0,0.0,0.0,0.0,0.0,0.0,0.0,0.04081632653061224,0.12244897959183673,0.0,0.0,0.0,0.0,0.0,0.0,0.0,0.0,0.0,0.0,0.0,0.0,0.0,0.0,0.0,0.0,0.0,0.0,0.0,0.0,0.0,0.0,0.0,0.0,0.0,0.0,0.0,0.0,0.0,0.0,0.0,0.5102040816326531,0.0,2.3248979591836734,0.98,3.44,2.46,1.1524917502896197,23.676301224489794,6.941,180.94788,174.00688,34.68056376446138,1.0102040816326532,0.6,1.45,0.85,0.4189368945509494,63.816326530612244,12.0,101.0,89.0,40.09920019019554,2.4081632653061225,2.0,6.0,4.0,0.988058647911037,9.183673469387756,1.0,16.0,15.0,7.041200817659034,0.9699510296938775,0.075545,1.461112979,1.385567979,0.5274917528476887,0.43163265306122445,0.0,0.9,0.9,0.4409587433712436,-1.1102230246251565e-16,-2.0,5.0,7.0,2.312344865176949
Li1.1Y0.1Hf1.9(PO4)3,-4.037157319,542,train,298.0,5,1.0059217871296122,0.6629834254143646,0.0055248618784530384,0.6629834254143646,0.0,0.0,0.0,0.0,0.06077348066298342,0.0,0.0,0.0,0.0,0.0,0.0,0.0,0.0055248618784530384,0.0,0.0,0.10497237569060772,0.0,0.0,0.0,0.0,0.0,0.0,0.0,0.0,0.0,0.0,0.0,0.0,0.0,0.0,0.0,0.0,0.0,0.0,0.0,0.0,0.0,0.0,0.0,0.0,0.0,0.0,0.16574585635359115,0.0,0.0,0.0,0.0,0.0,0.0,0.0,0.0,0.0,0.6629834254143646,0.0,2.8464088397790057,0.98,3.44,2.46,0.8845136808634253,35.390650331491706,6.941,178.49,171.549,49.66995360432232,0.8243093922651934,0.6,1.8,1.2000000000000002,0.35043807370624785,87.99447513812156,12.0,101.0,89.0,25.243673730234935,2.6022099447513813,2.0,6.0,4.0,1.237889658552785,13.591160220994476,1.0,16.0,15.0,4.90785020976716,1.1504143337016577,0.17807,1.461112979,1.283042979,0.45976861114206713,0.24082872928176793,0.0,1.04,1.04,0.3509763468963482,-0.552486187845304,-2.0,4.0,6.0,2.1440972736921617
Li5.5La3Nb1.75Y0.25O12,-4.03715731879876,543,train,298.0,5,1.1969115221268771,0.5333333333333333,0.011111111111111112,0.5333333333333333,0.0,0.0,0.0,0.0,0.24444444444444444,0.0,0.13333333333333333,0.0,0.0,0.0,0.0,0.0,0.011111111111111112,0.0,0.0,0.0,0.0,0.0,0.0,0.0,0.0,0.0,0.07777777777777778,0.0,0.0,0.0,0.0,0.0,0.0,0.0,0.0,0.0,0.0,0.0,0.0,0.0,0.0,0.0,0.0,0.0,0.0,0.0,0.0,0.0,0.0,0.0,0.0,0.0,0.0,0.0,0.0,0.0,0.5333333333333333,0.0,2.358888888888889,0.98,3.44,2.46,1.1656085148438746,36.96432611111111,6.941,138.90547,131.96447,45.975431843916226,1.067222222222222,0.6,1.95,1.35,0.5229808319788442,65.6,12.0,101.0,89.0,39.280982110374424,2.8,2.0,6.0,4.0,1.514375558880073,9.6,1.0,16.0,15.0,6.9182528301748425,1.079491127022222,0.3112922,1.461112979,1.149820779,0.41790572941499404,0.45159999999999995,0.0,1.172,1.172,0.49144432938928995,1.1796119636642288e-16,-2.0,5.0,7.0,2.3711225658371653
Li0.5La0.5TiO3,-4.030118356,544,train,383.0,4,1.0888999753452238,0.6,0.1,0.6,0.0,0.0,0.0,0.0,0.1,0.0,0.1,0.0,0.0,0.0,0.0,0.0,0.0,0.0,0.0,0.0,0.0,0.0,0.0,0.0,0.2,0.0,0.0,0.0,0.0,0.0,0.0,0.0,0.0,0.0,0.0,0.0,0.0,0.0,0.0,0.0,0.0,0.0,0.0,0.0,0.0,0.0,0.0,0.0,0.0,0.0,0.0,0.0,0.0,0.0,0.0,0.0,0.6,0.0,2.58,0.98,3.44,2.46,1.0654201049351377,33.757687000000004,6.941,138.90547,131.96447,37.50396904486405,0.98,0.6,1.95,1.35,0.48795491595023405,75.3,12.0,101.0,89.0,33.0758219852508,2.8,2.0,6.0,4.0,1.3266499161421599,10.8,1.0,16.0,15.0,6.4156059729381765,1.0093363294,0.075545,1.461112979,1.385567979,0.5766944826746587,0.37753333333333333,0.0,1.172,1.172,0.4699938344749263,1.1102230246251565e-16,-2.0,4.0,6.0,2.569046515733026
Li1.2Lu0.2Hf1.8(PO4)3,-4.009217308,545,train,298.0,5,1.0294638497997788,0.6593406593406593,0.01098901098901099,0.6593406593406593,0.0,0.0,0.0,0.0,0.06593406593406594,0.0,0.0,0.0,0.0,0.0,0.0,0.0,0.0,0.0,0.01098901098901099,0.09890109890109891,0.0,0.0,0.0,0.0,0.0,0.0,0.0,0.0,0.0,0.0,0.0,0.0,0.0,0.0,0.0,0.0,0.0,0.0,0.0,0.0,0.0,0.0,0.0,0.0,0.0,0.0,0.16483516483516483,0.0,0.0,0.0,0.0,0.0,0.0,0.0,0.0,0.0,0.6593406593406593,0.0,2.8362637362637364,0.98,3.44,2.46,0.892601640534534,35.68783989010989,6.941,178.49,171.549,50.4355207470174,0.8285714285714285,0.6,1.75,1.15,0.3543406550806923,87.38461538461539,12.0,101.0,89.0,26.194861181624887,2.6043956043956045,2.0,6.0,4.0,1.2481117243517086,13.516483516483516,1.0,16.0,15.0,4.993099936412551,1.1474253924175823,0.17807,1.461112979,1.283042979,0.46026218144976155,0.2450659340659341,0.0,1.001,1.001,0.35451228848329924,-0.5494505494505494,-2.0,4.0,6.0,2.1308671793894924
Li9Ba0.5GeP2S12,-4.00086945871263,546,test,298.0,5,1.1319946781906038,0.4897959183673469,0.02040816326530612,0.4897959183673469,0.0,0.02040816326530612,0.0,0.0,0.3673469387755102,0.0,0.0,0.0,0.0,0.0,0.0,0.0,0.0,0.0,0.0,0.0,0.0,0.0,0.0,0.0,0.0,0.0,0.0,0.0,0.0,0.0,0.0,0.0,0.0,0.0,0.0,0.0,0.0,0.0,0.0,0.0,0.04081632653061224,0.0,0.0,0.0,0.0,0.0,0.08163265306122448,0.0,0.0,0.0,0.0,0.4897959183673469,0.0,0.0,0.0,0.0,0.0,0.0,1.9026530612244898,0.89,2.58,1.69,0.7520469359815253,26.5510213877551,6.941,137.327,130.386,22.246116752080283,1.1989795918367347,1.0,2.15,1.15,0.2536448175324264,61.51020408163265,12.0,94.0,82.0,39.37580446809145,2.7346938775510203,2.0,6.0,4.0,0.722114531140985,10.040816326530612,1.0,16.0,15.0,7.168409107293568,1.358608234,0.144626,2.07710426,1.9324782600000001,0.7180616897724184,0.6675510204081633,0.47,1.49,1.02,0.23307641395872028,1.7959183673469388,0.6666666666666666,2.5,1.8333333333333335,0.7278593673521228
(Ag0.33Li0.67)0.27La0.57TiO3,-4.0,547,train,298.0,5,1.0705757011791808,0.6198347107438017,0.018409090909090913,0.6198347107438017,0.0,0.0,0.0,0.0,0.03737603305785125,0.0,0.11776859504132231,0.0,0.0,0.0,0.0,0.0,0.0,0.0,0.0,0.0,0.0,0.0,0.0,0.0,0.2066115702479339,0.0,0.0,0.0,0.0,0.0,0.0,0.0,0.0,0.0,0.0,0.0,0.0,0.0,0.018409090909090913,0.0,0.0,0.0,0.0,0.0,0.0,0.0,0.0,0.0,0.0,0.0,0.0,0.0,0.0,0.0,0.0,0.0,0.6198347107438017,0.0,2.65211673553719,0.98,3.44,2.46,1.0188821418679603,38.41074409504132,6.941,138.90547,131.96447,40.55851291958522,0.9744555785123967,0.6,1.95,1.35,0.5020567337819725,78.7824173553719,12.0,101.0,89.0,29.666372717092514,2.9395247933884296,2.0,6.0,4.0,1.4119910702419967,11.336983471074381,1.0,16.0,15.0,6.064739915231008,1.0340328345450414,0.075545,1.461112979,1.385567979,0.5808805922664687,0.367631955922865,0.0,1.172,1.172,0.4780036560675002,-0.004132231404958664,-2.0,4.0,6.0,2.6269391639215036
La3Zr2Ga0.5Li5.5O12,-4.0,548,test,298.0,5,1.2428615228156024,0.5217391304347826,0.021739130434782608,0.5217391304347826,0.0,0.0,0.0,0.0,0.2391304347826087,0.0,0.13043478260869565,0.0,0.0,0.0,0.0,0.0,0.0,0.0,0.0,0.0,0.0,0.08695652173913043,0.0,0.0,0.0,0.0,0.0,0.0,0.0,0.0,0.0,0.0,0.0,0.021739130434782608,0.0,0.0,0.0,0.0,0.0,0.0,0.0,0.0,0.0,0.0,0.0,0.0,0.0,0.0,0.0,0.0,0.0,0.0,0.0,0.0,0.0,0.0,0.5217391304347826,0.0,2.3276086956521738,0.98,3.44,2.46,1.169963181848432,37.57366130434783,6.941,138.90547,131.96447,45.59952264546306,1.0771739130434783,0.6,1.95,1.35,0.5214639219813451,65.89130434782608,12.0,101.0,89.0,38.83926087421333,2.8260869565217392,2.0,6.0,4.0,1.5080126257412718,9.608695652173912,1.0,16.0,15.0,6.907709180673699,1.0270620057826085,0.30116615,1.461112979,1.159946829,0.45734757163733925,0.4593913043478261,0.0,1.172,1.172,0.4885570358880219,0.0,-2.0,4.0,6.0,2.255428234668337
LiCe(BH4)3Cl,-3.98716277529483,549,train,298.0,5,1.0506652765928128,0.6666666666666666,0.05555555555555555,0.05555555555555555,0.0,0.0,0.0,0.0,0.05555555555555555,0.0,0.0,0.05555555555555555,0.0,0.0,0.0,0.0,0.0,0.0,0.0,0.0,0.0,0.0,0.0,0.0,0.0,0.0,0.0,0.0,0.0,0.0,0.0,0.0,0.0,0.0,0.0,0.0,0.0,0.0,0.0,0.0,0.0,0.0,0.16666666666666666,0.0,0.0,0.0,0.0,0.6666666666666666,0.0,0.0,0.0,0.0,0.0,0.0,0.0,0.05555555555555555,0.0,0.0,2.098888888888889,0.98,3.16,2.18,0.43901264078091434,12.613237777777778,1.00794,140.116,139.10806000000002,32.00409940341455,0.5472222222222223,0.25,1.85,1.6,0.4744798971921847,90.94444444444444,12.0,103.0,91.0,25.37381025611999,1.6111111111111112,1.0,6.0,5.0,1.2082535094961968,3.9999999999999996,1.0,17.0,16.0,5.426273532033235,0.8178025999999999,0.27972325,3.61272528,3.33300203,0.6998413064473894,0.19694444444444442,0.0,1.08,1.08,0.3244445633561426,0.9166666666666666,0.0,3.5,3.5,1.3768926368215255
La3Li5.08Ta1.51Zr0.39O12,-3.98716277529483,550,train,298.0,5,1.1963041903520337,0.545950864422202,0.017743403093721567,0.545950864422202,0.0,0.0,0.0,0.0,0.2311191992720655,0.0,0.1364877161055505,0.0,0.0,0.0,0.0,0.0,0.0,0.0,0.0,0.0,0.0,0.017743403093721567,0.0,0.06869881710646042,0.0,0.0,0.0,0.0,0.0,0.0,0.0,0.0,0.0,0.0,0.0,0.0,0.0,0.0,0.0,0.0,0.0,0.0,0.0,0.0,0.0,0.0,0.0,0.0,0.0,0.0,0.0,0.0,0.0,0.0,0.0,0.0,0.545950864422202,0.0,2.3813512283894447,0.98,3.44,2.46,1.167392879867476,43.34750449499545,6.941,180.94788,174.00688,57.46632446003276,1.0559599636032755,0.6,1.95,1.35,0.5229544074953704,66.86032757051865,12.0,101.0,89.0,38.84869579473476,2.873976342129208,2.0,6.0,4.0,1.636716381244508,9.790263876251137,1.0,16.0,15.0,6.882951986381921,1.0469174036806186,0.32885923,1.461112979,1.132253749,0.45930477016426574,0.4395632393084622,0.0,1.172,1.172,0.49069762445792575,-0.03685168334849857,-2.0,5.0,7.0,2.3755670759854928
Li0.228La0.59TiO3,-3.974694135,551,test,487.0,4,1.02286613790596,0.6226650062266501,0.04732254047322541,0.6226650062266501,0.0,0.0,0.0,0.0,0.04732254047322541,0.0,0.12245745122457452,0.0,0.0,0.0,0.0,0.0,0.0,0.0,0.0,0.0,0.0,0.0,0.0,0.0,0.20755500207555003,0.0,0.0,0.0,0.0,0.0,0.0,0.0,0.0,0.0,0.0,0.0,0.0,0.0,0.0,0.0,0.0,0.0,0.0,0.0,0.0,0.0,0.0,0.0,0.0,0.0,0.0,0.0,0.0,0.0,0.0,0.0,0.6226650062266501,0.0,2.642681610626816,0.98,3.44,2.46,1.0346313591386733,37.23577735574927,6.941,138.90547,131.96447,40.16852990211976,0.971585720215857,0.6,1.95,1.35,0.5021239829053249,78.08343711083437,12.0,101.0,89.0,30.57456047250136,2.904939809049398,2.0,6.0,4.0,1.4037888622912744,11.20755500207555,1.0,16.0,15.0,6.185731331392993,1.0229870106185137,0.075545,1.461112979,1.385567979,0.5832002585826063,0.3628780960287809,0.0,1.172,1.172,0.4747667626696643,-0.0004151100041510646,-2.0,4.0,6.0,2.638366821974056
Li0.33La0.56Ti0.94Al0.06O2.94F0.06,-3.97469413473523,552,test,298.0,6,1.1609765611083045,0.6012269938650308,0.012269938650306749,0.6134969325153375,0.0,0.0,0.0,0.0,0.06748466257668713,0.0,0.114519427402863,0.0,0.0,0.0,0.0,0.0,0.0,0.0,0.0,0.0,0.0,0.0,0.0,0.0,0.19222903885480572,0.0,0.0,0.012269938650306749,0.0,0.0,0.0,0.0,0.0,0.0,0.0,0.0,0.0,0.0,0.0,0.0,0.0,0.0,0.0,0.0,0.0,0.0,0.0,0.0,0.0,0.0,0.0,0.0,0.0,0.0,0.0,0.0,0.6012269938650308,0.012269938650306749,2.624948875255624,0.98,3.98,3.0,1.0534514543686453,35.760655564008175,6.941,138.90547,131.96447,39.2652097053911,0.9724948875255621,0.5,1.95,1.45,0.4970414643206602,77.34969325153374,12.0,102.0,90.0,31.476066229830536,2.85480572597137,2.0,6.0,4.0,1.3721530903517638,11.167689161554192,1.0,17.0,16.0,6.244220147710418,1.0455844708179958,0.075545,3.401189824,3.325644824,0.6300763325717302,0.3696496250852079,0.0,1.172,1.172,0.47004127887347114,0.0020449897750509645,-2.0,4.0,6.0,2.5887115155728253
Li6.5La3Zr1.75Te0.25O12,-3.972242795,553,train,302.85,5,1.2032053210680838,0.5106382978723404,0.010638297872340425,0.5106382978723404,0.0,0.0,0.0,0.0,0.2765957446808511,0.0,0.1276595744680851,0.0,0.0,0.0,0.0,0.0,0.0,0.0,0.0,0.0,0.0,0.07446808510638298,0.0,0.0,0.0,0.0,0.0,0.0,0.0,0.0,0.0,0.0,0.0,0.0,0.0,0.0,0.0,0.0,0.0,0.0,0.0,0.0,0.0,0.0,0.010638297872340425,0.0,0.0,0.0,0.0,0.0,0.0,0.0,0.0,0.0,0.0,0.0,0.5106382978723404,0.0,2.2894680851063827,0.98,3.44,2.46,1.1831218773402061,35.973094042553186,6.941,138.90547,131.96447,45.89175130730681,1.0867021276595743,0.6,1.95,1.35,0.5192658243890615,63.734042553191486,12.0,101.0,89.0,39.93350204759687,2.7659574468085104,2.0,6.0,4.0,1.49057701175634,9.29787234042553,1.0,16.0,15.0,7.043677997210256,1.0414591043829786,0.433289,1.9708757,1.5375866999999999,0.4540291944840481,0.47222340425531917,0.0,1.172,1.172,0.49009018176326635,-0.03723404255319146,-2.0,4.0,6.0,2.173632318461975
Li1.1Fe0.1Hf1.9(PO4)3,-3.970616222,554,train,298.0,5,1.0059217871296124,0.6629834254143646,0.0055248618784530384,0.6629834254143646,0.0,0.0,0.0,0.0,0.06077348066298342,0.0,0.0,0.0,0.0,0.0,0.0,0.0,0.0,0.0,0.0,0.10497237569060772,0.0,0.0,0.0,0.0,0.0,0.0,0.0,0.0,0.0,0.0,0.0,0.0,0.0,0.0,0.0055248618784530384,0.0,0.0,0.0,0.0,0.0,0.0,0.0,0.0,0.0,0.0,0.0,0.16574585635359115,0.0,0.0,0.0,0.0,0.0,0.0,0.0,0.0,0.0,0.6629834254143646,0.0,2.8497790055248617,0.98,3.44,2.46,0.8794579921754199,35.20799370165746,6.941,178.49,171.549,49.53342204026339,0.8220994475138121,0.6,1.55,0.9500000000000001,0.34550469298205333,88.19337016574585,12.0,101.0,89.0,24.885842348923283,2.596685082872928,2.0,6.0,4.0,1.2293779836950285,13.618784530386739,1.0,16.0,15.0,4.8620165726237365,1.149541096961326,0.15323635,1.461112979,1.307876629,0.46150832926166385,0.239792817679558,0.0,0.9,0.9,0.34888653572514483,-0.5552486187845305,-2.0,4.0,6.0,2.1398363741151147
Li1.3Al0.25Sc0.05Ti1.7(PO4)3,-3.966576245,555,train,413.0,6,1.0565459762344742,0.6557377049180328,0.0027322404371584704,0.6557377049180328,0.0,0.0,0.0,0.0,0.07103825136612023,0.0,0.0,0.0,0.0,0.0,0.0,0.0,0.0,0.0,0.0,0.0,0.0,0.0,0.0027322404371584704,0.0,0.09289617486338798,0.0,0.0,0.013661202185792351,0.0,0.0,0.0,0.0,0.0,0.0,0.0,0.0,0.0,0.0,0.0,0.0,0.0,0.0,0.0,0.0,0.0,0.0,0.1639344262295082,0.0,0.0,0.0,0.0,0.0,0.0,0.0,0.0,0.0,0.6557377049180328,0.0,2.8531420765027327,0.98,3.44,2.46,0.8570684668469887,21.000244057377053,6.941,47.867,40.925999999999995,10.763761231726765,0.8118852459016394,0.6,1.6,1.0,0.31720173021465226,87.7185792349727,12.0,101.0,89.0,25.744330038456386,2.3688524590163937,2.0,4.0,2.0,0.6511967084491799,13.579234972677597,1.0,16.0,15.0,4.924346281485401,1.137827941284153,0.075545,1.461112979,1.385567979,0.47638652666830755,0.24485428051001823,0.0,0.9,0.9,0.35060351300537135,-0.5464480874316939,-2.0,4.0,6.0,2.117696093964934
Li0.19La0.67(Ti0.9Co0.1)O3,-3.96657624451305,556,train,298.0,5,1.0899077807731652,0.6172839506172839,0.0205761316872428,0.6172839506172839,0.0,0.0,0.0,0.0,0.03909465020576131,0.0,0.13786008230452676,0.0,0.0,0.0,0.0,0.0,0.0,0.0,0.0,0.0,0.0,0.0,0.0,0.0,0.18518518518518517,0.0,0.0,0.0,0.0,0.0,0.0,0.0,0.0,0.0,0.0,0.0205761316872428,0.0,0.0,0.0,0.0,0.0,0.0,0.0,0.0,0.0,0.0,0.0,0.0,0.0,0.0,0.0,0.0,0.0,0.0,0.0,0.0,0.6172839506172839,0.0,2.6372839506172836,0.98,3.44,2.46,1.0323232965054356,39.37392477366255,6.941,138.90547,131.96447,42.01585751006874,0.9829218106995885,0.6,1.95,1.35,0.5127956359572531,78.12551440329217,12.0,101.0,89.0,30.249352733319302,2.962962962962963,2.0,6.0,4.0,1.4496582067245132,11.25514403292181,1.0,16.0,15.0,6.103760248960094,1.0305638456378599,0.075545,1.461112979,1.385567979,0.5688735648110559,0.37028257887517146,0.0,1.172,1.172,0.4799877262597142,0.010288065843621519,-2.0,4.0,6.0,2.6154214067956745
Li1.5Hf1.5Al0.5P3O12,-3.958607315,557,test,298.0,5,1.0807686565434764,0.6486486486486487,0.02702702702702703,0.6486486486486487,0.0,0.0,0.0,0.0,0.08108108108108109,0.0,0.0,0.0,0.0,0.0,0.0,0.0,0.0,0.0,0.0,0.08108108108108109,0.0,0.0,0.0,0.0,0.0,0.0,0.0,0.02702702702702703,0.0,0.0,0.0,0.0,0.0,0.0,0.0,0.0,0.0,0.0,0.0,0.0,0.0,0.0,0.0,0.0,0.0,0.0,0.16216216216216217,0.0,0.0,0.0,0.0,0.0,0.0,0.0,0.0,0.0,0.6486486486486487,0.0,2.8148648648648655,0.98,3.44,2.46,0.9028202707061658,31.16493812432433,6.941,178.49,171.549,44.238904348578636,0.8283783783783785,0.6,1.55,0.9500000000000001,0.34200137121199364,87.2972972972973,12.0,101.0,89.0,26.399083588583522,2.5135135135135136,2.0,6.0,4.0,1.1057985159718262,13.567567567567568,1.0,16.0,15.0,4.940404516431339,1.1450691571891891,0.17807,1.461112979,1.283042979,0.45009370909623897,0.24932432432432433,0.0,0.9,0.9,0.3513721407570884,-0.5405405405405406,-2.0,4.0,6.0,2.0915263781981825
Li6PS5Br0.75I0.25,-3.95078197732982,558,train,298.0,5,1.1622254164676888,0.46153846153846156,0.019230769230769232,0.46153846153846156,0.0,0.0,0.0,0.0,0.46153846153846156,0.0,0.0,0.0,0.0,0.0,0.0,0.0,0.0,0.0,0.0,0.0,0.0,0.0,0.0,0.0,0.0,0.0,0.0,0.0,0.0,0.0,0.0,0.0,0.0,0.0,0.0,0.0,0.0,0.0,0.0,0.0,0.0,0.0,0.0,0.0,0.0,0.0,0.07692307692307693,0.0,0.0,0.0,0.0,0.38461538461538464,0.019230769230769232,0.057692307692307696,0.0,0.0,0.0,0.0,1.835,0.98,2.96,1.98,0.8041562706914047,24.969144576923078,6.941,126.90447,119.96347,23.368250370938274,1.2240384615384616,1.0,1.45,0.44999999999999996,0.21827346658038338,56.13461538461539,12.0,98.0,86.0,40.88916954880024,2.634615384615385,2.0,5.0,3.0,0.6801822763010537,9.076923076923077,1.0,17.0,16.0,7.488057553007974,1.394452199173077,0.61804922,3.3635883,2.74553908,0.8756281560828104,0.6882692307692307,0.47,0.9,0.43000000000000005,0.20493639870650823,1.7243589743589745,1.0,3.0,2.0,0.7137871604712773
Li1.5Ga0.5Ge1.5(PO4)3,-3.931814138,559,train,298.0,5,1.0807686565434764,0.6486486486486487,0.02702702702702703,0.6486486486486487,0.0,0.0,0.0,0.0,0.08108108108108109,0.0,0.0,0.0,0.0,0.0,0.0,0.0,0.0,0.0,0.0,0.0,0.0,0.0,0.0,0.0,0.0,0.0,0.0,0.0,0.0,0.0,0.0,0.0,0.0,0.02702702702702703,0.0,0.0,0.0,0.0,0.0,0.0,0.08108108108108109,0.0,0.0,0.0,0.0,0.0,0.16216216216216217,0.0,0.0,0.0,0.0,0.0,0.0,0.0,0.0,0.0,0.6486486486486487,0.0,2.877837837837838,0.98,3.44,2.46,0.8158634462289767,23.737680324324323,6.941,72.64,65.699,17.923753294187154,0.8054054054054055,0.6,1.45,0.85,0.2997259522585058,90.08108108108108,12.0,101.0,89.0,24.018437038037728,2.3783783783783785,2.0,4.0,2.0,0.6718812375489759,14.378378378378379,1.0,16.0,15.0,4.04268676615716,1.2270191677027027,0.30116615,1.461112979,1.159946829,0.3552613752761029,0.24513513513513518,0.0,0.9,0.9,0.34398005615993577,-0.8108108108108109,-2.0,3.0,5.0,1.6577066189400707
Li1.3Al0.29Sc0.01Ti1.7(PO4)3,-3.924453039,560,test,413.0,6,1.0515555424171341,0.6557377049180328,0.0005464480874316941,0.6557377049180328,0.0,0.0,0.0,0.0,0.07103825136612023,0.0,0.0,0.0,0.0,0.0,0.0,0.0,0.0,0.0,0.0,0.0,0.0,0.0,0.0005464480874316941,0.0,0.09289617486338798,0.0,0.0,0.01584699453551913,0.0,0.0,0.0,0.0,0.0,0.0,0.0,0.0,0.0,0.0,0.0,0.0,0.0,0.0,0.0,0.0,0.0,0.0,0.1639344262295082,0.0,0.0,0.0,0.0,0.0,0.0,0.0,0.0,0.0,0.6557377049180328,0.0,2.8536885245901646,0.98,3.44,2.46,0.8561955506867902,20.9609558095082,6.941,47.867,40.925999999999995,10.708914113234945,0.8111202185792351,0.6,1.6,1.0,0.31571862996512584,87.851912568306,12.0,101.0,89.0,25.54527608427562,2.366666666666667,2.0,4.0,2.0,0.647385100325812,13.601092896174864,1.0,16.0,15.0,4.899470129386172,1.1383819407814209,0.075545,1.461112979,1.385567979,0.47541799565266096,0.24439526411657564,0.0,0.9,0.9,0.3499018881335239,-0.5464480874316942,-2.0,4.0,6.0,2.117696093964934
Li1.2Sc0.2Ti1.6Zr0.2(PO4)3,-3.920818754,561,train,298.0,6,1.063963727410628,0.6593406593406593,0.01098901098901099,0.6593406593406593,0.0,0.0,0.0,0.0,0.06593406593406594,0.0,0.0,0.0,0.0,0.0,0.0,0.0,0.0,0.0,0.0,0.0,0.0,0.01098901098901099,0.01098901098901099,0.0,0.08791208791208792,0.0,0.0,0.0,0.0,0.0,0.0,0.0,0.0,0.0,0.0,0.0,0.0,0.0,0.0,0.0,0.0,0.0,0.0,0.0,0.0,0.0,0.16483516483516483,0.0,0.0,0.0,0.0,0.0,0.0,0.0,0.0,0.0,0.6593406593406593,0.0,2.8586813186813194,0.98,3.44,2.46,0.8558386527501071,21.81683892307693,6.941,91.224,84.283,13.007899413856748,0.813736263736264,0.6,1.6,1.0,0.324804754037531,87.45054945054946,12.0,101.0,89.0,26.115240692005905,2.395604395604396,2.0,5.0,3.0,0.7091105848308431,13.516483516483518,1.0,16.0,15.0,4.993099936412551,1.1405630762637367,0.075545,1.461112979,1.385567979,0.47612760094417306,0.24404761904761912,0.0,0.9,0.9,0.3524345939767713,-0.5494505494505495,-2.0,4.0,6.0,2.130867179389493
Li1.3Al0.2Y0.1Ti1.7(PO4)3,-3.920818754,562,train,298.0,6,1.0595943854054335,0.6557377049180328,0.005464480874316941,0.6557377049180328,0.0,0.0,0.0,0.0,0.07103825136612023,0.0,0.0,0.0,0.0,0.0,0.0,0.0,0.005464480874316941,0.0,0.0,0.0,0.0,0.0,0.0,0.0,0.09289617486338798,0.0,0.0,0.010928961748633882,0.0,0.0,0.0,0.0,0.0,0.0,0.0,0.0,0.0,0.0,0.0,0.0,0.0,0.0,0.0,0.0,0.0,0.0,0.1639344262295082,0.0,0.0,0.0,0.0,0.0,0.0,0.0,0.0,0.0,0.6557377049180328,0.0,2.851693989071039,0.98,3.44,2.46,0.859549300071547,21.28951796284153,6.941,88.90585,81.96485,11.802831177295124,0.8139344262295082,0.6,1.8,1.2000000000000002,0.3220661372963274,87.58469945355193,12.0,101.0,89.0,25.907194304149392,2.377049180327869,2.0,5.0,3.0,0.6733961173890363,13.55191256830601,1.0,16.0,15.0,4.955130272173843,1.1378562723497267,0.075545,1.461112979,1.385567979,0.4762450873159548,0.24627504553734067,0.0,1.04,1.04,0.35320049604927584,-0.5464480874316939,-2.0,4.0,6.0,2.117696093964934
Li2.2Zn0.1Zr0.9S3,-3.920818754,563,train,303.0,4,1.0656202460164854,0.48387096774193544,0.016129032258064516,0.48387096774193544,0.0,0.0,0.0,0.0,0.3548387096774194,0.0,0.0,0.0,0.0,0.0,0.0,0.0,0.0,0.0,0.0,0.0,0.0,0.14516129032258066,0.0,0.0,0.0,0.0,0.0,0.0,0.0,0.016129032258064516,0.0,0.0,0.0,0.0,0.0,0.0,0.0,0.0,0.0,0.0,0.0,0.0,0.0,0.0,0.0,0.0,0.0,0.0,0.0,0.0,0.0,0.48387096774193544,0.0,0.0,0.0,0.0,0.0,0.0,1.8158064516129035,0.98,2.58,1.6,0.75177113106767,32.27543548387097,6.941,91.224,84.283,27.384331694284818,1.2451612903225808,1.0,1.55,0.55,0.24007889788825318,58.08064516129033,12.0,94.0,82.0,37.34853211568924,2.9516129032258065,2.0,5.0,3.0,0.9743056974541262,8.870967741935484,1.0,16.0,15.0,7.083565420286281,1.2772550264516132,-0.62,2.07710426,2.69710426,0.7907020044237576,0.6858064516129033,0.47,0.9,0.43000000000000005,0.20935036527851505,2.17741935483871,1.0,4.0,3.0,1.0124099888048528
Li0.6[Li0.2Sn0.8S2],-3.92081875395238,564,train,298.0,3,0.9950269901795212,0.5555555555555556,0.22222222222222224,0.5555555555555556,0.0,0.0,0.0,0.0,0.22222222222222224,0.0,0.0,0.0,0.0,0.0,0.0,0.0,0.0,0.0,0.0,0.0,0.0,0.0,0.0,0.0,0.0,0.0,0.0,0.0,0.0,0.0,0.0,0.0,0.0,0.0,0.0,0.0,0.0,0.0,0.0,0.22222222222222224,0.0,0.0,0.0,0.0,0.0,0.0,0.0,0.0,0.0,0.0,0.0,0.5555555555555556,0.0,0.0,0.0,0.0,0.0,0.0,2.086666666666667,0.98,2.58,1.6,0.6410408203330997,45.736333333333334,6.941,118.71,111.76899999999999,40.269915164218226,1.2,1.0,1.45,0.44999999999999996,0.22360679774997894,73.33333333333333,12.0,94.0,82.0,33.075670817082454,3.2222222222222223,2.0,5.0,3.0,1.0304020550550783,12.222222222222221,1.0,16.0,15.0,6.051221690751157,1.5384177933333332,0.61804922,2.07710426,1.45905504,0.6243767300356956,0.6455555555555555,0.47,0.9,0.43000000000000005,0.19765914044756228,1.7592592592592593,0.6666666666666666,2.5,1.8333333333333335,0.835593642420628
(YPO4)0.9(Li3PO4)0.1,-3.91721463,565,test,673.0,4,1.0037168502623786,0.6451612903225806,0.048387096774193554,0.6451612903225806,0.0,0.0,0.0,0.0,0.048387096774193554,0.0,0.0,0.0,0.0,0.0,0.0,0.0,0.14516129032258066,0.0,0.0,0.0,0.0,0.0,0.0,0.0,0.0,0.0,0.0,0.0,0.0,0.0,0.0,0.0,0.0,0.0,0.0,0.0,0.0,0.0,0.0,0.0,0.0,0.0,0.0,0.0,0.0,0.0,0.16129032258064516,0.0,0.0,0.0,0.0,0.0,0.0,0.0,0.0,0.0,0.6451612903225806,0.0,2.7970967741935486,0.98,3.44,2.46,0.9202846458267318,28.55950435483871,6.941,88.90585,81.96485,25.572713325105504,0.8798387096774195,0.6,1.8,1.2000000000000002,0.4375941997591504,83.88709677419355,12.0,101.0,89.0,30.79594906262923,2.5967741935483875,2.0,5.0,3.0,1.0543256126067237,13.225806451612906,1.0,16.0,15.0,5.28057717653835,1.138167543870968,0.3112922,1.461112979,1.149820779,0.4520563224147047,0.28322580645161294,0.0,1.04,1.04,0.4059229793205587,-0.5376344086021506,-2.0,3.0,5.0,2.023477646896522
Li1.5Ga0.5Ti1.5(PO4)3,-3.91364016932525,566,test,298.0,5,1.0807686565434762,0.6486486486486487,0.02702702702702703,0.6486486486486487,0.0,0.0,0.0,0.0,0.08108108108108109,0.0,0.0,0.0,0.0,0.0,0.0,0.0,0.0,0.0,0.0,0.0,0.0,0.0,0.0,0.0,0.08108108108108109,0.0,0.0,0.0,0.0,0.0,0.0,0.0,0.0,0.02702702702702703,0.0,0.0,0.0,0.0,0.0,0.0,0.0,0.0,0.0,0.0,0.0,0.0,0.16216216216216217,0.0,0.0,0.0,0.0,0.0,0.0,0.0,0.0,0.0,0.6486486486486487,0.0,2.83972972972973,0.98,3.44,2.46,0.8650058162169293,21.7290587027027,6.941,69.723,62.782,13.05884533442533,0.8175675675675675,0.6,1.45,0.85,0.31988516018235996,87.4054054054054,12.0,101.0,89.0,26.27861062132087,2.378378378378378,2.0,4.0,2.0,0.6718812375489759,13.567567567567567,1.0,16.0,15.0,4.940404516431339,1.1331977017837838,0.075545,1.461112979,1.385567979,0.47424719359282713,0.2517567567567568,0.0,0.9,0.9,0.35464082111891154,-0.5405405405405405,-2.0,4.0,6.0,2.0915263781981825
Li5Nd3Sb2O12,-3.910094889,567,train,406.0,4,1.1570333357787375,0.5454545454545454,0.09090909090909091,0.5454545454545454,0.0,0.0,0.0,0.0,0.22727272727272727,0.0,0.0,0.0,0.0,0.13636363636363635,0.0,0.0,0.0,0.0,0.0,0.0,0.0,0.0,0.0,0.0,0.0,0.0,0.0,0.0,0.0,0.0,0.0,0.0,0.0,0.0,0.0,0.0,0.0,0.0,0.0,0.0,0.0,0.0,0.0,0.09090909090909091,0.0,0.0,0.0,0.0,0.0,0.0,0.0,0.0,0.0,0.0,0.0,0.0,0.5454545454545454,0.0,2.440909090909091,0.98,3.44,2.46,1.1288002846582863,41.0429,6.941,144.242,137.301,51.48763479635404,1.0409090909090908,0.6,1.85,1.25,0.49855162120713686,69.9090909090909,12.0,101.0,89.0,39.19636937142044,2.818181818181818,2.0,6.0,4.0,1.526623238522424,10.727272727272727,1.0,16.0,15.0,6.816969589206431,1.0459492785454545,0.0974933,1.461112979,1.363619679,0.5082292577007378,0.45406818181818176,0.0,1.2765,1.2765,0.5125800446461231,-0.303030303030303,-2.0,3.0,5.0,1.9486050200936698
Li0.5La0.5TiO3,-3.903089987,568,train,404.0,4,1.0888999753452238,0.6,0.1,0.6,0.0,0.0,0.0,0.0,0.1,0.0,0.1,0.0,0.0,0.0,0.0,0.0,0.0,0.0,0.0,0.0,0.0,0.0,0.0,0.0,0.2,0.0,0.0,0.0,0.0,0.0,0.0,0.0,0.0,0.0,0.0,0.0,0.0,0.0,0.0,0.0,0.0,0.0,0.0,0.0,0.0,0.0,0.0,0.0,0.0,0.0,0.0,0.0,0.0,0.0,0.0,0.0,0.6,0.0,2.58,0.98,3.44,2.46,1.0654201049351377,33.757687000000004,6.941,138.90547,131.96447,37.50396904486405,0.98,0.6,1.95,1.35,0.48795491595023405,75.3,12.0,101.0,89.0,33.0758219852508,2.8,2.0,6.0,4.0,1.3266499161421599,10.8,1.0,16.0,15.0,6.4156059729381765,1.0093363294,0.075545,1.461112979,1.385567979,0.5766944826746587,0.37753333333333333,0.0,1.172,1.172,0.4699938344749263,1.1102230246251565e-16,-2.0,4.0,6.0,2.569046515733026
Li0.5Sr0.5Fe0.25Ta0.75O3,-3.900008766,569,train,298.0,5,1.2013670042689852,0.6,0.05,0.6,0.0,0.0,0.0,0.1,0.1,0.0,0.0,0.0,0.0,0.0,0.0,0.0,0.0,0.0,0.0,0.0,0.0,0.0,0.0,0.15,0.0,0.0,0.0,0.0,0.0,0.0,0.0,0.0,0.0,0.0,0.05,0.0,0.0,0.0,0.0,0.0,0.0,0.0,0.0,0.0,0.0,0.0,0.0,0.0,0.0,0.0,0.0,0.0,0.0,0.0,0.0,0.0,0.6,0.0,2.5735,0.95,3.44,2.49,1.0809684315464536,48.990172,6.941,180.94788,174.00688,59.94455111559829,0.9924999999999999,0.6,2.0,1.4,0.5045480651038114,74.14999999999999,12.0,101.0,89.0,35.36845345784857,3.0,2.0,6.0,4.0,1.5811388300841898,11.049999999999999,1.0,16.0,15.0,6.240793218814416,1.0006700114,0.052066,1.461112979,1.409046979,0.5791684636765303,0.387625,0.0,1.32,1.32,0.4921226187394764,-0.02499999999999991,-2.0,5.0,7.0,2.638536526182649
Li1.4Ga0.4Ti1.6(PO4)3,-3.89279003035213,570,train,298.0,5,1.0660861369642038,0.6521739130434783,0.02173913043478261,0.6521739130434783,0.0,0.0,0.0,0.0,0.07608695652173914,0.0,0.0,0.0,0.0,0.0,0.0,0.0,0.0,0.0,0.0,0.0,0.0,0.0,0.0,0.0,0.08695652173913045,0.0,0.0,0.0,0.0,0.0,0.0,0.0,0.0,0.02173913043478261,0.0,0.0,0.0,0.0,0.0,0.0,0.0,0.0,0.0,0.0,0.0,0.0,0.16304347826086957,0.0,0.0,0.0,0.0,0.0,0.0,0.0,0.0,0.0,0.6521739130434783,0.0,2.848369565217391,0.98,3.44,2.46,0.8583987585259787,21.69064597826087,6.941,69.723,62.782,12.70687550677019,0.8146739130434784,0.6,1.45,0.85,0.3182439967908016,87.6521739130435,12.0,101.0,89.0,25.89083889626528,2.380434782608696,2.0,4.0,2.0,0.6731236611039582,13.58695652173913,1.0,16.0,15.0,4.917033777799649,1.1347712198913043,0.075545,1.461112979,1.385567979,0.4764505501299363,0.24873188405797106,0.0,0.9,0.9,0.353146943725461,-0.5434782608695652,-2.0,4.0,6.0,2.1045828710510817
Li6.25Ba1.25La1.75Ta2O12,-3.88941029,571,test,307.0,5,1.257399094397555,0.5161290322580645,0.053763440860215055,0.5161290322580645,0.0,0.053763440860215055,0.0,0.0,0.26881720430107525,0.0,0.07526881720430108,0.0,0.0,0.0,0.0,0.0,0.0,0.0,0.0,0.0,0.0,0.0,0.0,0.08602150537634409,0.0,0.0,0.0,0.0,0.0,0.0,0.0,0.0,0.0,0.0,0.0,0.0,0.0,0.0,0.0,0.0,0.0,0.0,0.0,0.0,0.0,0.0,0.0,0.0,0.0,0.0,0.0,0.0,0.0,0.0,0.0,0.0,0.5161290322580645,0.0,2.298602150537634,0.89,3.44,2.55,1.1872128663819737,43.52744655913978,6.941,180.94788,174.00688,59.4403866272137,1.0865591397849461,0.6,2.15,1.5499999999999998,0.534766544629686,63.064516129032256,12.0,101.0,89.0,40.641312328425386,2.8602150537634405,2.0,6.0,4.0,1.643438552648843,9.29032258064516,1.0,16.0,15.0,7.009334245319479,0.9982954917419353,0.144626,1.461112979,1.316486979,0.4917055985283417,0.4807956989247312,0.0,1.49,1.49,0.516881562506267,1.1102230246251565e-16,-2.0,5.0,7.0,2.3186944788008415
Li2Zn0.5PS4,-3.88605664769316,572,train,298.0,4,1.1369165918330009,0.5333333333333333,0.06666666666666667,0.5333333333333333,0.0,0.0,0.0,0.0,0.26666666666666666,0.0,0.0,0.0,0.0,0.0,0.0,0.0,0.0,0.0,0.0,0.0,0.0,0.0,0.0,0.0,0.0,0.0,0.0,0.0,0.0,0.06666666666666667,0.0,0.0,0.0,0.0,0.0,0.0,0.0,0.0,0.0,0.0,0.0,0.0,0.0,0.0,0.0,0.0,0.13333333333333333,0.0,0.0,0.0,0.0,0.5333333333333333,0.0,0.0,0.0,0.0,0.0,0.0,2.0393333333333334,0.98,2.58,1.6,0.6843144176635637,27.442701600000003,6.941,65.409,58.468,14.874095610076935,1.1433333333333333,1.0,1.45,0.44999999999999996,0.20401524997465806,70.39999999999999,12.0,94.0,82.0,35.49422488236643,2.8,2.0,4.0,2.0,0.5416025603090641,11.600000000000001,1.0,16.0,15.0,6.468384651518491,1.330816612,-0.62,2.07710426,2.69710426,0.8554138847479709,0.6226666666666667,0.47,0.9,0.43000000000000005,0.19508858386783057,1.9555555555555555,1.0,2.5,1.5,0.6425258797689316
Li1.05Fe0.05Ti1.95(PO4)3,-3.88605664769316,573,train,298.0,5,0.9918477901150082,0.6648199445983379,0.002770083102493075,0.6648199445983379,0.0,0.0,0.0,0.0,0.05817174515235457,0.0,0.0,0.0,0.0,0.0,0.0,0.0,0.0,0.0,0.0,0.0,0.0,0.0,0.0,0.0,0.10803324099722991,0.0,0.0,0.0,0.0,0.0,0.0,0.0,0.0,0.0,0.002770083102493075,0.0,0.0,0.0,0.0,0.0,0.0,0.0,0.0,0.0,0.0,0.0,0.16620498614958448,0.0,0.0,0.0,0.0,0.0,0.0,0.0,0.0,0.0,0.6648199445983379,0.0,2.879418282548477,0.98,3.44,2.46,0.8334601935856248,21.514406426592803,6.941,55.845,48.903999999999996,11.213244190624808,0.8045706371191136,0.6,1.45,0.85,0.3125489809758022,88.48199445983381,12.0,101.0,89.0,24.46842801304024,2.3878116343490308,2.0,4.0,2.0,0.6775104566071363,13.642659279778396,1.0,16.0,15.0,4.840647105127073,1.1400060568698063,0.075545,1.461112979,1.385567979,0.4850020283851926,0.23813711911357344,0.0,0.9,0.9,0.3479373801237239,-0.5554016620498616,-2.0,4.0,6.0,2.1486055733350407
Li1.8Al0.8Ge1.2(PO4)3,-3.86327943284359,574,train,298.0,5,1.1140162481664606,0.6382978723404256,0.04255319148936171,0.6382978723404256,0.0,0.0,0.0,0.0,0.09574468085106384,0.0,0.0,0.0,0.0,0.0,0.0,0.0,0.0,0.0,0.0,0.0,0.0,0.0,0.0,0.0,0.0,0.0,0.0,0.04255319148936171,0.0,0.0,0.0,0.0,0.0,0.0,0.0,0.0,0.0,0.0,0.0,0.0,0.06382978723404256,0.0,0.0,0.0,0.0,0.0,0.1595744680851064,0.0,0.0,0.0,0.0,0.0,0.0,0.0,0.0,0.0,0.6382978723404256,0.0,2.8358510638297876,0.98,3.44,2.46,0.8583586632866788,21.604314727659577,6.941,72.64,65.699,14.904062933820526,0.8143617021276597,0.6,1.45,0.85,0.30610997366972786,88.74468085106383,12.0,101.0,89.0,25.782204059675344,2.3297872340425534,2.0,4.0,2.0,0.5904974079309753,14.148936170212766,1.0,16.0,15.0,4.349021525581164,1.208039966468085,0.432835,1.461112979,1.0282779789999998,0.3657802491850863,0.2518085106382979,0.0,0.9,0.9,0.345904496615226,-0.7446808510638299,-2.0,3.0,5.0,1.7172642572852994
Li6BaLa2Ta2O12,-3.860120914,575,train,323.0,5,1.2510583317959272,0.5217391304347826,0.043478260869565216,0.5217391304347826,0.0,0.043478260869565216,0.0,0.0,0.2608695652173913,0.0,0.08695652173913043,0.0,0.0,0.0,0.0,0.0,0.0,0.0,0.0,0.0,0.0,0.0,0.0,0.08695652173913043,0.0,0.0,0.0,0.0,0.0,0.0,0.0,0.0,0.0,0.0,0.0,0.0,0.0,0.0,0.0,0.0,0.0,0.0,0.0,0.0,0.0,0.0,0.0,0.0,0.0,0.0,0.0,0.0,0.0,0.0,0.0,0.0,0.5217391304347826,0.0,2.315217391304348,0.89,3.44,2.55,1.1830758348482528,43.94228260869565,6.941,180.94788,174.00688,59.66646882401103,1.0804347826086955,0.6,2.15,1.5499999999999998,0.5323735061913937,63.826086956521735,12.0,101.0,89.0,40.3039022535288,2.869565217391304,2.0,6.0,4.0,1.6498839966095893,9.391304347826086,1.0,16.0,15.0,6.982830685734351,1.0069168664347825,0.144626,1.461112979,1.316486979,0.4867717717776901,0.47278260869565214,0.0,1.49,1.49,0.5120729360857256,5.551115123125783e-17,-2.0,5.0,7.0,2.3405684928164816
Li3OCl,-3.850780887,576,train,303.51,3,0.9502705392332347,0.6,0.2,0.4,0.0,0.0,0.0,0.0,0.6,0.0,0.0,0.0,0.0,0.0,0.0,0.0,0.0,0.0,0.0,0.0,0.0,0.0,0.0,0.0,0.0,0.0,0.0,0.0,0.0,0.0,0.0,0.0,0.0,0.0,0.0,0.0,0.0,0.0,0.0,0.0,0.0,0.0,0.0,0.0,0.0,0.0,0.0,0.0,0.0,0.0,0.0,0.0,0.0,0.0,0.0,0.2,0.2,0.0,1.9080000000000004,0.98,3.44,2.46,1.1400070175222607,14.455080000000002,6.941,35.453,28.512000000000004,11.069613934803689,1.19,0.6,1.45,0.85,0.3426368339802363,47.2,12.0,101.0,89.0,43.115658408517895,2.2,2.0,3.0,1.0,0.4,7.2,1.0,17.0,16.0,7.6000000000000005,1.3855971837999999,0.61804922,3.61272528,2.9946760599999998,1.160447484585899,0.607,0.0,0.9,0.9,0.3741603934143752,0.8000000000000002,-2.0,3.0,5.0,1.6
Li1.3In0.3Hf1.7(PO4)3,-3.847711656,577,train,298.0,5,1.049159726908797,0.6557377049180328,0.01639344262295082,0.6557377049180328,0.0,0.0,0.0,0.0,0.07103825136612023,0.0,0.0,0.0,0.0,0.0,0.0,0.0,0.0,0.0,0.0,0.09289617486338798,0.0,0.0,0.0,0.0,0.0,0.0,0.0,0.0,0.0,0.0,0.0,0.0,0.01639344262295082,0.0,0.0,0.0,0.0,0.0,0.0,0.0,0.0,0.0,0.0,0.0,0.0,0.0,0.1639344262295082,0.0,0.0,0.0,0.0,0.0,0.0,0.0,0.0,0.0,0.6557377049180328,0.0,2.834316939890711,0.98,3.44,2.46,0.8887022822878544,34.52545278688525,6.941,178.49,171.549,48.0854795258727,0.8297814207650274,0.6,1.55,0.9500000000000001,0.35126773729075866,87.77595628415301,12.0,101.0,89.0,25.636148296796787,2.584699453551913,2.0,6.0,4.0,1.2066237013528154,13.606557377049182,1.0,16.0,15.0,4.893216075157859,1.1472428340983607,0.17807,1.461112979,1.283042979,0.45564788133569883,0.24846994535519126,0.0,0.94,0.94,0.35636577562472105,-0.5464480874316939,-2.0,4.0,6.0,2.117696093964934
Li1.4In0.4Hf1.6(PO4)3,-3.847711656,578,train,298.0,5,1.0660861369642038,0.6521739130434783,0.02173913043478261,0.6521739130434783,0.0,0.0,0.0,0.0,0.07608695652173914,0.0,0.0,0.0,0.0,0.0,0.0,0.0,0.0,0.0,0.0,0.08695652173913045,0.0,0.0,0.0,0.0,0.0,0.0,0.0,0.0,0.0,0.0,0.0,0.0,0.02173913043478261,0.0,0.0,0.0,0.0,0.0,0.0,0.0,0.0,0.0,0.0,0.0,0.0,0.0,0.16304347826086957,0.0,0.0,0.0,0.0,0.0,0.0,0.0,0.0,0.0,0.6521739130434783,0.0,2.8268478260869565,0.98,3.44,2.46,0.8929603055443633,34.02949380434783,6.941,178.49,171.549,47.17980098766892,0.8331521739130436,0.6,1.55,0.9500000000000001,0.3532671404125695,87.5217391304348,12.0,101.0,89.0,26.027777077271143,2.5760869565217397,2.0,6.0,4.0,1.190850040318058,13.58695652173913,1.0,16.0,15.0,4.91703377779965,1.1454855644565216,0.17807,1.461112979,1.283042979,0.45394633008411567,0.2525,0.0,0.94,0.94,0.3594852146684442,-0.5434782608695652,-2.0,4.0,6.0,2.1045828710510817
Li0.5La0.5TiO3,-3.835647144,579,train,328.0,4,1.0888999753452238,0.6,0.1,0.6,0.0,0.0,0.0,0.0,0.1,0.0,0.1,0.0,0.0,0.0,0.0,0.0,0.0,0.0,0.0,0.0,0.0,0.0,0.0,0.0,0.2,0.0,0.0,0.0,0.0,0.0,0.0,0.0,0.0,0.0,0.0,0.0,0.0,0.0,0.0,0.0,0.0,0.0,0.0,0.0,0.0,0.0,0.0,0.0,0.0,0.0,0.0,0.0,0.0,0.0,0.0,0.0,0.6,0.0,2.58,0.98,3.44,2.46,1.0654201049351377,33.757687000000004,6.941,138.90547,131.96447,37.50396904486405,0.98,0.6,1.95,1.35,0.48795491595023405,75.3,12.0,101.0,89.0,33.0758219852508,2.8,2.0,6.0,4.0,1.3266499161421599,10.8,1.0,16.0,15.0,6.4156059729381765,1.0093363294,0.075545,1.461112979,1.385567979,0.5766944826746587,0.37753333333333333,0.0,1.172,1.172,0.4699938344749263,1.1102230246251565e-16,-2.0,4.0,6.0,2.569046515733026
Li1.6Cr0.6Ti1.4(PO4)3,-3.832682665,580,train,298.0,5,1.0935224287157355,0.6451612903225806,0.03225806451612903,0.6451612903225806,0.0,0.0,0.0,0.0,0.08602150537634408,0.0,0.0,0.0,0.0,0.0,0.0,0.0,0.0,0.0,0.0,0.0,0.0,0.0,0.0,0.0,0.07526881720430106,0.0,0.0,0.0,0.0,0.0,0.03225806451612903,0.0,0.0,0.0,0.0,0.0,0.0,0.0,0.0,0.0,0.0,0.0,0.0,0.0,0.0,0.0,0.16129032258064516,0.0,0.0,0.0,0.0,0.0,0.0,0.0,0.0,0.0,0.6451612903225806,0.0,2.8263440860215048,0.98,3.44,2.46,0.8774606383920537,21.195222903225805,6.941,51.9961,45.055099999999996,11.595940544046574,0.8236559139784945,0.6,1.45,0.85,0.32672959108539784,86.38709677419355,12.0,101.0,89.0,27.165772367916826,2.376344086021505,2.0,4.0,2.0,0.6706437044951689,13.32258064516129,1.0,16.0,15.0,5.139267531431439,1.1437302038709678,0.075545,1.461112979,1.385567979,0.45512451723695724,0.26055555555555554,0.0,0.94,0.94,0.3656186009627685,-0.489247311827957,-2.0,4.5,6.5,2.17551356927309
Li1.4Cr0.4Ti1.6(PO4)3,-3.823908741,581,train,298.0,5,1.0660861369642038,0.6521739130434783,0.02173913043478261,0.6521739130434783,0.0,0.0,0.0,0.0,0.07608695652173914,0.0,0.0,0.0,0.0,0.0,0.0,0.0,0.0,0.0,0.0,0.0,0.0,0.0,0.0,0.0,0.08695652173913045,0.0,0.0,0.0,0.0,0.0,0.02173913043478261,0.0,0.0,0.0,0.0,0.0,0.0,0.0,0.0,0.0,0.0,0.0,0.0,0.0,0.0,0.0,0.16304347826086957,0.0,0.0,0.0,0.0,0.0,0.0,0.0,0.0,0.0,0.6521739130434783,0.0,2.845108695652174,0.98,3.44,2.46,0.8626116746420335,21.305278586956526,6.941,51.9961,45.055099999999996,11.451084681900642,0.8168478260869565,0.6,1.45,0.85,0.3218726771898495,87.13043478260872,12.0,101.0,89.0,26.25883594199018,2.380434782608696,2.0,4.0,2.0,0.6731236611039582,13.434782608695652,1.0,16.0,15.0,5.039634967427197,1.1429182224999999,0.075545,1.461112979,1.385567979,0.4651979962111191,0.2526449275362319,0.0,0.94,0.94,0.35972632446474845,-0.5108695652173911,-2.0,4.5,6.5,2.1698422029920326
Li6.25P0.75Ge0.25S5I,-3.82390874094432,582,train,298.0,5,1.154677660660259,0.4716981132075472,0.018867924528301886,0.4528301886792453,0.0,0.0,0.0,0.0,0.4716981132075472,0.0,0.0,0.0,0.0,0.0,0.0,0.0,0.0,0.0,0.0,0.0,0.0,0.0,0.0,0.0,0.0,0.0,0.0,0.0,0.0,0.0,0.0,0.0,0.0,0.0,0.0,0.0,0.0,0.0,0.0,0.0,0.018867924528301886,0.0,0.0,0.0,0.0,0.0,0.05660377358490566,0.0,0.0,0.0,0.0,0.37735849056603776,0.07547169811320754,0.0,0.0,0.0,0.0,0.0,1.798490566037736,0.98,2.66,1.6800000000000002,0.7823124797347517,28.07555030188679,6.941,126.90447,119.96347,31.49269311307871,1.2471698113207548,1.0,1.45,0.44999999999999996,0.2183590375444142,55.132075471698116,12.0,97.0,85.0,40.79772363972019,2.69811320754717,2.0,5.0,3.0,0.8374468309876282,8.90566037735849,1.0,17.0,16.0,7.483980756263886,1.37173595454717,0.61804922,3.059046537,2.440997317,0.8324972383726919,0.7139622641509435,0.47,0.9,0.43000000000000005,0.20602564067062515,1.748427672955975,0.6666666666666666,3.0,2.3333333333333335,0.7861635220125787
Li1.1Sc0.1Ti1.9(PO4)3,-3.801342913,583,test,298.0,5,1.0059217871296124,0.6629834254143646,0.0055248618784530384,0.6629834254143646,0.0,0.0,0.0,0.0,0.06077348066298342,0.0,0.0,0.0,0.0,0.0,0.0,0.0,0.0,0.0,0.0,0.0,0.0,0.0,0.0055248618784530384,0.0,0.10497237569060772,0.0,0.0,0.0,0.0,0.0,0.0,0.0,0.0,0.0,0.0,0.0,0.0,0.0,0.0,0.0,0.0,0.0,0.0,0.0,0.0,0.0,0.16574585635359115,0.0,0.0,0.0,0.0,0.0,0.0,0.0,0.0,0.0,0.6629834254143646,0.0,2.8723756906077353,0.98,3.44,2.46,0.8410769157417077,21.436026364640885,6.941,47.867,40.925999999999995,11.127974916816118,0.8074585635359116,0.6,1.6,1.0,0.31637999862766014,88.06629834254143,12.0,101.0,89.0,25.174222150512765,2.386740331491713,2.0,4.0,2.0,0.6768801390405206,13.591160220994476,1.0,16.0,15.0,4.90785020976716,1.1389232454696132,0.075545,1.461112979,1.385567979,0.48436254726888406,0.24014732965009208,0.0,0.9,0.9,0.3495159018530906,-0.5524861878453041,-2.0,4.0,6.0,2.1440972736921617
Li3PS4,-3.801342913,584,train,454.0,3,0.9743147528693494,0.5,0.125,0.5,0.0,0.0,0.0,0.0,0.375,0.0,0.0,0.0,0.0,0.0,0.0,0.0,0.0,0.0,0.0,0.0,0.0,0.0,0.0,0.0,0.0,0.0,0.0,0.0,0.0,0.0,0.0,0.0,0.0,0.0,0.0,0.0,0.0,0.0,0.0,0.0,0.0,0.0,0.0,0.0,0.0,0.0,0.125,0.0,0.0,0.0,0.0,0.5,0.0,0.0,0.0,0.0,0.0,0.0,1.93125,0.98,2.58,1.6,0.7470849600279743,22.50709525,6.941,32.065,25.124,12.062382552236848,1.16875,1.0,1.45,0.44999999999999996,0.21785531322416718,62.75,12.0,94.0,82.0,39.33112635051277,2.625,2.0,3.0,1.0,0.4841229182759271,10.25,1.0,16.0,15.0,7.171994143890526,1.36364672625,0.61804922,2.07710426,1.45905504,0.7145425944008401,0.64125,0.47,0.9,0.43000000000000005,0.20201717129986752,1.8333333333333335,1.0,2.5,1.5,0.6972166887783963
(La0.5Li0.5)0.75(La0.5Na0.5)0.25TiO3,-3.800244823,585,train,300.0,5,1.1451334898071046,0.6,0.025,0.6,0.0,0.0,0.025,0.0,0.075,0.0,0.1,0.0,0.0,0.0,0.0,0.0,0.0,0.0,0.0,0.0,0.0,0.0,0.0,0.0,0.2,0.0,0.0,0.0,0.0,0.0,0.0,0.0,0.0,0.0,0.0,0.0,0.0,0.0,0.0,0.0,0.0,0.0,0.0,0.0,0.0,0.0,0.0,0.0,0.0,0.0,0.0,0.0,0.0,0.0,0.0,0.0,0.6,0.0,2.5787500000000003,0.93,3.44,2.51,1.0673241951253611,34.158906232,6.941,138.90547,131.96447,37.300228565053224,0.98875,0.6,1.95,1.35,0.49931046203739815,75.27499999999999,11.0,101.0,90.0,33.123999984905204,2.825,2.0,6.0,4.0,1.320747894187229,10.8,1.0,16.0,15.0,6.415605972938176,1.00758325515,0.075545,1.461112979,1.385567979,0.577986413821985,0.38403333333333334,0.0,1.172,1.172,0.4788883179939881,2.220446049250313e-16,-2.0,4.0,6.0,2.569046515733026
Li0.5La0.5TiO3,-3.798602876,586,train,317.0,4,1.0888999753452238,0.6,0.1,0.6,0.0,0.0,0.0,0.0,0.1,0.0,0.1,0.0,0.0,0.0,0.0,0.0,0.0,0.0,0.0,0.0,0.0,0.0,0.0,0.0,0.2,0.0,0.0,0.0,0.0,0.0,0.0,0.0,0.0,0.0,0.0,0.0,0.0,0.0,0.0,0.0,0.0,0.0,0.0,0.0,0.0,0.0,0.0,0.0,0.0,0.0,0.0,0.0,0.0,0.0,0.0,0.0,0.6,0.0,2.58,0.98,3.44,2.46,1.0654201049351377,33.757687000000004,6.941,138.90547,131.96447,37.50396904486405,0.98,0.6,1.95,1.35,0.48795491595023405,75.3,12.0,101.0,89.0,33.0758219852508,2.8,2.0,6.0,4.0,1.3266499161421599,10.8,1.0,16.0,15.0,6.4156059729381765,1.0093363294,0.075545,1.461112979,1.385567979,0.5766944826746587,0.37753333333333333,0.0,1.172,1.172,0.4699938344749263,1.1102230246251565e-16,-2.0,4.0,6.0,2.569046515733026
LiSr1.65Ti2.15W0.85O9,-3.795880017,587,train,573.0,5,1.175299366752595,0.6143344709897611,0.05802047781569966,0.6143344709897611,0.0,0.0,0.0,0.11262798634812288,0.06825938566552901,0.0,0.0,0.0,0.0,0.0,0.0,0.0,0.0,0.0,0.0,0.0,0.0,0.0,0.0,0.0,0.1467576791808874,0.0,0.0,0.0,0.0,0.0,0.0,0.0,0.0,0.0,0.0,0.0,0.0,0.0,0.0,0.0,0.0,0.0,0.0,0.0,0.0,0.0,0.0,0.0,0.0,0.05802047781569966,0.0,0.0,0.0,0.0,0.0,0.0,0.6143344709897611,0.0,2.650136518771331,0.95,3.44,2.49,1.0416185792501378,37.862569965870314,6.941,183.84,176.899,43.46069538954383,0.9766211604095563,0.6,2.0,1.4,0.5047635033998831,75.2320819112628,12.0,101.0,89.0,34.6317644261701,2.863481228668942,2.0,6.0,4.0,1.3354438987258972,11.0580204778157,1.0,16.0,15.0,6.320240429359068,1.0041243944027303,0.052066,1.461112979,1.409046979,0.6075726194513957,0.37957337883959047,0.0,1.32,1.32,0.4980049675326726,-0.058020477815699745,-2.0,5.0,7.0,2.602187090018278
(La0.65Li0.35)(Ti0.7Al0.3)O3,-3.79317412396815,588,train,298.0,5,1.2019327274511395,0.6,0.06,0.6,0.0,0.0,0.0,0.0,0.06999999999999999,0.0,0.13,0.0,0.0,0.0,0.0,0.0,0.0,0.0,0.0,0.0,0.0,0.0,0.0,0.0,0.13999999999999999,0.0,0.0,0.06,0.0,0.0,0.0,0.0,0.0,0.0,0.0,0.0,0.0,0.0,0.0,0.0,0.0,0.0,0.0,0.0,0.0,0.0,0.0,0.0,0.0,0.0,0.0,0.0,0.0,0.0,0.0,0.0,0.6,0.0,2.5878,0.98,3.44,2.46,1.0561861388978744,36.463493416,6.941,138.90547,131.96447,41.232809281328855,0.986,0.6,1.95,1.35,0.5034421515924149,77.67,12.0,101.0,89.0,31.42866685050449,2.86,2.0,6.0,4.0,1.400142849854971,11.4,1.0,16.0,15.0,6.104096984812741,1.0289586388,0.075545,1.461112979,1.385567979,0.5489490004077461,0.3750933333333333,0.0,1.172,1.172,0.47271076446855365,0.0,-2.0,4.0,6.0,2.5337718918639855
Li1.2Ga0.2Ti1.8(PO4)3,-3.79048498545737,589,test,298.0,5,1.0294638497997786,0.6593406593406593,0.01098901098901099,0.6593406593406593,0.0,0.0,0.0,0.0,0.06593406593406594,0.0,0.0,0.0,0.0,0.0,0.0,0.0,0.0,0.0,0.0,0.0,0.0,0.0,0.0,0.0,0.09890109890109891,0.0,0.0,0.0,0.0,0.0,0.0,0.0,0.0,0.01098901098901099,0.0,0.0,0.0,0.0,0.0,0.0,0.0,0.0,0.0,0.0,0.0,0.0,0.16483516483516483,0.0,0.0,0.0,0.0,0.0,0.0,0.0,0.0,0.0,0.6593406593406593,0.0,2.865934065934066,0.98,3.44,2.46,0.8445350863855305,21.61255417582418,6.941,69.723,62.782,11.959059514008144,0.8087912087912088,0.6,1.45,0.85,0.3147992039758257,88.15384615384616,12.0,101.0,89.0,25.076552279332372,2.3846153846153846,2.0,4.0,2.0,0.6756231274259076,13.626373626373626,1.0,16.0,15.0,4.868937992938978,1.1379701303296703,0.075545,1.461112979,1.385567979,0.48088290594336464,0.2425824175824176,0.0,0.9,0.9,0.35000970366247214,-0.5494505494505493,-2.0,4.0,6.0,2.1308671793894924
Li0.24La0.59TiO3,-3.779891912,590,train,296.0,4,1.0278432331257454,0.6211180124223603,0.04968944099378882,0.6211180124223603,0.0,0.0,0.0,0.0,0.04968944099378882,0.0,0.12215320910973085,0.0,0.0,0.0,0.0,0.0,0.0,0.0,0.0,0.0,0.0,0.0,0.0,0.0,0.2070393374741201,0.0,0.0,0.0,0.0,0.0,0.0,0.0,0.0,0.0,0.0,0.0,0.0,0.0,0.0,0.0,0.0,0.0,0.0,0.0,0.0,0.0,0.0,0.0,0.0,0.0,0.0,0.0,0.0,0.0,0.0,0.0,0.6211180124223603,0.0,2.638550724637681,0.98,3.44,2.46,1.0366551018646664,37.16051082815735,6.941,138.90547,131.96447,40.14693748808555,0.972774327122153,0.6,1.95,1.35,0.5020650572809858,77.91925465838509,12.0,101.0,89.0,30.713255105833678,2.902691511387163,2.0,6.0,4.0,1.4027675256156067,11.182194616977226,1.0,16.0,15.0,6.198905746237561,1.021980953995859,0.075545,1.461112979,1.385567979,0.5828240685308083,0.36421256038647337,0.0,1.172,1.172,0.4749299522392519,0.0020703933747411303,-2.0,4.0,6.0,2.635557907868465
Li1.2Fe0.2Hf1.8(PO4)3,-3.769551079,591,test,298.0,5,1.0294638497997788,0.6593406593406593,0.01098901098901099,0.6593406593406593,0.0,0.0,0.0,0.0,0.06593406593406594,0.0,0.0,0.0,0.0,0.0,0.0,0.0,0.0,0.0,0.0,0.09890109890109891,0.0,0.0,0.0,0.0,0.0,0.0,0.0,0.0,0.0,0.0,0.0,0.0,0.0,0.0,0.01098901098901099,0.0,0.0,0.0,0.0,0.0,0.0,0.0,0.0,0.0,0.0,0.0,0.16483516483516483,0.0,0.0,0.0,0.0,0.0,0.0,0.0,0.0,0.0,0.6593406593406593,0.0,2.8424175824175824,0.98,3.44,2.46,0.8836678564766173,34.37880692307692,6.941,178.49,171.549,48.304459280732324,0.8247252747252747,0.6,1.55,0.9500000000000001,0.34612244755555455,87.83516483516483,12.0,101.0,89.0,25.37163932653321,2.5824175824175826,2.0,6.0,4.0,1.2049890252195867,13.571428571428571,1.0,16.0,15.0,4.9037838208246365,1.1464843632967032,0.15323635,1.461112979,1.307876629,0.4622022588216737,0.24343406593406597,0.0,0.9,0.9,0.35135660330448604,-0.5549450549450549,-2.0,4.0,6.0,2.122335281774087
Li0.3Sr0.6Ti0.5Ta0.5O3,-3.769551079,592,train,303.0,5,1.1943367418743343,0.6122448979591837,0.061224489795918366,0.6122448979591837,0.0,0.0,0.0,0.12244897959183673,0.061224489795918366,0.0,0.0,0.0,0.0,0.0,0.0,0.0,0.0,0.0,0.0,0.0,0.0,0.0,0.0,0.10204081632653061,0.10204081632653061,0.0,0.0,0.0,0.0,0.0,0.0,0.0,0.0,0.0,0.0,0.0,0.0,0.0,0.0,0.0,0.0,0.0,0.0,0.0,0.0,0.0,0.0,0.0,0.0,0.0,0.0,0.0,0.0,0.0,0.0,0.0,0.6122448979591837,0.0,2.5926530612244894,0.95,3.44,2.49,1.0789408553898607,44.29794693877551,6.941,180.94788,174.00688,52.07948607750093,0.9918367346938777,0.6,2.0,1.4,0.5193546759844266,74.91836734693877,12.0,101.0,89.0,34.79141152212412,2.9795918367346936,2.0,6.0,4.0,1.477584845705955,11.020408163265305,1.0,16.0,15.0,6.326135603204965,0.9800398812244897,0.052066,1.461112979,1.409046979,0.6179888509892281,0.38731292517006805,0.0,1.32,1.32,0.505531176643502,1.1102230246251565e-16,-2.0,5.0,7.0,2.6802375770419595
Li3.6Ge0.6P0.4S4,-3.75696195131371,593,train,298.0,4,1.0490264333601902,0.46511627906976744,0.046511627906976744,0.46511627906976744,0.0,0.0,0.0,0.0,0.4186046511627907,0.0,0.0,0.0,0.0,0.0,0.0,0.0,0.0,0.0,0.0,0.0,0.0,0.0,0.0,0.0,0.0,0.0,0.0,0.0,0.0,0.0,0.0,0.0,0.0,0.0,0.0,0.0,0.0,0.0,0.0,0.0,0.06976744186046512,0.0,0.0,0.0,0.0,0.0,0.046511627906976744,0.0,0.0,0.0,0.0,0.46511627906976744,0.0,0.0,0.0,0.0,0.0,0.0,1.8523255813953488,0.98,2.58,1.6,0.7562140622537004,24.328035441860465,6.941,72.64,65.699,17.86854034138763,1.205813953488372,1.0,1.45,0.44999999999999996,0.2162603142655406,58.7906976744186,12.0,94.0,82.0,39.783459306563216,2.6511627906976747,2.0,4.0,2.0,0.6055449565716994,9.534883720930232,1.0,16.0,15.0,7.260433830363295,1.345539967883721,0.61804922,2.07710426,1.45905504,0.6985990524184974,0.6746511627906977,0.47,0.9,0.43000000000000005,0.2051697973739358,1.7054263565891474,0.6666666666666666,2.5,1.8333333333333335,0.7598085653282391
Li1.5Fe0.5Ti1.5(PO4)3,-3.756961951,594,train,298.0,5,1.0807686565434762,0.6486486486486487,0.02702702702702703,0.6486486486486487,0.0,0.0,0.0,0.0,0.08108108108108109,0.0,0.0,0.0,0.0,0.0,0.0,0.0,0.0,0.0,0.0,0.0,0.0,0.0,0.0,0.0,0.08108108108108109,0.0,0.0,0.0,0.0,0.0,0.0,0.0,0.0,0.0,0.02702702702702703,0.0,0.0,0.0,0.0,0.0,0.0,0.0,0.0,0.0,0.0,0.0,0.16216216216216217,0.0,0.0,0.0,0.0,0.0,0.0,0.0,0.0,0.0,0.6486486486486487,0.0,2.8402702702702705,0.98,3.44,2.46,0.8643681850845816,21.353977621621624,6.941,55.845,48.903999999999996,11.815028231876388,0.8202702702702703,0.6,1.45,0.85,0.3243412157763461,86.86486486486487,12.0,101.0,89.0,26.608434105040434,2.378378378378378,2.0,4.0,2.0,0.6718812375489759,13.432432432432433,1.0,16.0,15.0,5.021793265038494,1.1291995990810813,0.075545,1.461112979,1.385567979,0.4818080006916476,0.2542567567567568,0.0,0.9,0.9,0.35851963435788564,-0.5540540540540541,-2.0,4.0,6.0,2.0701126654191095
Li0.33La0.56Ti0.95Al0.05O2.95F0.05,-3.75448733218585,595,test,298.0,6,1.147015131282231,0.6032719836400818,0.010224948875255624,0.6134969325153374,0.0,0.0,0.0,0.0,0.06748466257668713,0.0,0.114519427402863,0.0,0.0,0.0,0.0,0.0,0.0,0.0,0.0,0.0,0.0,0.0,0.0,0.0,0.19427402862985685,0.0,0.0,0.010224948875255624,0.0,0.0,0.0,0.0,0.0,0.0,0.0,0.0,0.0,0.0,0.0,0.0,0.0,0.0,0.0,0.0,0.0,0.0,0.0,0.0,0.0,0.0,0.0,0.0,0.0,0.0,0.0,0.0,0.6032719836400818,0.010224948875255624,2.623701431492843,0.98,3.98,3.0,1.0524554990703945,35.79723318813906,6.941,138.90547,131.96447,39.26985433086454,0.9730061349693253,0.5,1.95,1.45,0.4970849194456379,77.28834355828222,12.0,102.0,90.0,31.496756854448133,2.8568507157464214,2.0,6.0,4.0,1.3731127968107122,11.147239263803682,1.0,17.0,16.0,6.250300405542261,1.0408863791104295,0.075545,3.401189824,3.325644824,0.6222027680955337,0.36956100886162235,0.0,1.172,1.172,0.4705920620443468,0.002044989775051076,-2.0,4.0,6.0,2.592658328551965
Li0.8La0.066Zr2(PO4)3,-3.754487332,596,train,399.37,5,0.9718336672224561,0.6716668532407926,0.0036941676928243595,0.6716668532407926,0.0,0.0,0.0,0.0,0.04477779021605284,0.0,0.0036941676928243595,0.0,0.0,0.0,0.0,0.0,0.0,0.0,0.0,0.0,0.0,0.1119444755401321,0.0,0.0,0.0,0.0,0.0,0.0,0.0,0.0,0.0,0.0,0.0,0.0,0.0,0.0,0.0,0.0,0.0,0.0,0.0,0.0,0.0,0.0,0.0,0.0,0.16791671331019814,0.0,0.0,0.0,0.0,0.0,0.0,0.0,0.0,0.0,0.6716668532407926,0.0,2.875103548639875,0.98,3.44,2.46,0.8560694616854632,26.983244543826267,6.941,138.90547,131.96447,24.69716723089003,0.8165621851561627,0.6,1.95,1.35,0.3465284365189378,89.0953766931602,12.0,101.0,89.0,23.517279515417428,2.5185268107018923,2.0,6.0,4.0,0.9826767641701422,13.769058546960709,1.0,16.0,15.0,4.691496409771552,1.184988162050823,0.433289,1.461112979,1.0278239789999999,0.403214563591039,0.23325601701556034,0.0,1.172,1.172,0.34716686207504965,-0.5598343221762007,-2.0,4.0,6.0,2.169982757424773
Li1.4Al0.4Ge1.6(PO4)3,-3.752026734,597,train,298.0,5,1.0660861369642038,0.6521739130434783,0.02173913043478261,0.6521739130434783,0.0,0.0,0.0,0.0,0.07608695652173914,0.0,0.0,0.0,0.0,0.0,0.0,0.0,0.0,0.0,0.0,0.0,0.0,0.0,0.0,0.0,0.0,0.0,0.0,0.02173913043478261,0.0,0.0,0.0,0.0,0.0,0.0,0.0,0.0,0.0,0.0,0.0,0.0,0.08695652173913045,0.0,0.0,0.0,0.0,0.0,0.16304347826086957,0.0,0.0,0.0,0.0,0.0,0.0,0.0,0.0,0.0,0.6521739130434783,0.0,2.884891304347826,0.98,3.44,2.46,0.8109729724832381,22.91565768695652,6.941,72.64,65.699,16.630101453573463,0.8005434782608696,0.6,1.45,0.85,0.2945607050833598,90.50000000000001,12.0,101.0,89.0,23.3854748675884,2.358695652173913,2.0,4.0,2.0,0.6355675611323356,14.456521739130434,1.0,16.0,15.0,3.9298551900476952,1.2382537090652173,0.432835,1.461112979,1.0282779789999998,0.33937144793679785,0.2397826086956522,0.0,0.9,0.9,0.3389938060895918,-0.8333333333333333,-2.0,3.0,5.0,1.6363178883957905
Li1.05Cr0.05Ti1.95(PO4)3,-3.74472749489669,598,train,298.0,5,0.9918477901150082,0.6648199445983379,0.002770083102493075,0.6648199445983379,0.0,0.0,0.0,0.0,0.05817174515235457,0.0,0.0,0.0,0.0,0.0,0.0,0.0,0.0,0.0,0.0,0.0,0.0,0.0,0.0,0.0,0.10803324099722991,0.0,0.0,0.0,0.0,0.0,0.002770083102493075,0.0,0.0,0.0,0.0,0.0,0.0,0.0,0.0,0.0,0.0,0.0,0.0,0.0,0.0,0.0,0.16620498614958448,0.0,0.0,0.0,0.0,0.0,0.0,0.0,0.0,0.0,0.6648199445983379,0.0,2.878947368421053,0.98,3.44,2.46,0.834100773122164,21.503744653739613,6.941,51.9961,45.055099999999996,11.182384259250162,0.8045706371191136,0.6,1.45,0.85,0.3125489809758022,88.47091412742384,12.0,101.0,89.0,24.481772551288312,2.3878116343490308,2.0,4.0,2.0,0.6775104566071363,13.637119113573409,1.0,16.0,15.0,4.848240564971963,1.1414539569252078,0.075545,1.461112979,1.385567979,0.4828293580102765,0.23837950138504158,0.0,0.94,0.94,0.348395452794807,-0.5498614958448753,-2.0,4.5,6.5,2.1590299707962104
Li2.3Cr1.3Hf0.7(PO4)3,-3.742321425,599,test,573.0,5,1.1403222601977985,0.6217616580310881,0.03626943005181347,0.6217616580310881,0.0,0.0,0.0,0.0,0.11917098445595854,0.0,0.0,0.0,0.0,0.0,0.0,0.0,0.0,0.0,0.0,0.03626943005181347,0.0,0.0,0.0,0.0,0.0,0.0,0.0,0.0,0.0,0.0,0.06735751295336788,0.0,0.0,0.0,0.0,0.0,0.0,0.0,0.0,0.0,0.0,0.0,0.0,0.0,0.0,0.0,0.15544041450777202,0.0,0.0,0.0,0.0,0.0,0.0,0.0,0.0,0.0,0.6217616580310881,0.0,2.755025906735751,0.98,3.44,2.46,0.9350809027381687,25.565612227979273,6.941,178.49,171.549,31.591595766950856,0.8518134715025907,0.6,1.55,0.9500000000000001,0.35128826776937006,83.87046632124353,12.0,101.0,89.0,29.90119841447701,2.4352331606217614,2.0,6.0,4.0,0.9031907013723351,12.94818652849741,1.0,16.0,15.0,5.441865091588698,1.1501581365284972,0.17807,1.461112979,1.283042979,0.41060571236095667,0.28689119170984456,0.0,0.94,0.94,0.38335939870474517,-0.41709844559585485,-2.0,4.5,6.5,2.1927895363177936
(Li2S)0.75(P2S5)0.25,-3.742321425,600,train,299.29,3,0.9743147528693494,0.5,0.125,0.5,0.0,0.0,0.0,0.0,0.375,0.0,0.0,0.0,0.0,0.0,0.0,0.0,0.0,0.0,0.0,0.0,0.0,0.0,0.0,0.0,0.0,0.0,0.0,0.0,0.0,0.0,0.0,0.0,0.0,0.0,0.0,0.0,0.0,0.0,0.0,0.0,0.0,0.0,0.0,0.0,0.0,0.0,0.125,0.0,0.0,0.0,0.0,0.5,0.0,0.0,0.0,0.0,0.0,0.0,1.93125,0.98,2.58,1.6,0.7470849600279743,22.50709525,6.941,32.065,25.124,12.062382552236848,1.16875,1.0,1.45,0.44999999999999996,0.21785531322416718,62.75,12.0,94.0,82.0,39.33112635051277,2.625,2.0,3.0,1.0,0.4841229182759271,10.25,1.0,16.0,15.0,7.171994143890526,1.36364672625,0.61804922,2.07710426,1.45905504,0.7145425944008401,0.64125,0.47,0.9,0.43000000000000005,0.20201717129986752,1.8333333333333335,1.0,2.5,1.5,0.6972166887783963
Li6La3Nb1.5Y0.5O12,-3.725842151,601,train,297.0,5,1.216933452854761,0.5217391304347826,0.021739130434782608,0.5217391304347826,0.0,0.0,0.0,0.0,0.2608695652173913,0.0,0.13043478260869565,0.0,0.0,0.0,0.0,0.0,0.021739130434782608,0.0,0.0,0.0,0.0,0.0,0.0,0.0,0.0,0.0,0.06521739130434782,0.0,0.0,0.0,0.0,0.0,0.0,0.0,0.0,0.0,0.0,0.0,0.0,0.0,0.0,0.0,0.0,0.0,0.0,0.0,0.0,0.0,0.0,0.0,0.0,0.0,0.0,0.0,0.0,0.0,0.5217391304347826,0.0,2.3247826086956525,0.98,3.44,2.46,1.1735059680669917,36.26816108695653,6.941,138.90547,131.96447,45.63123111888332,1.0793478260869567,0.6,1.95,1.35,0.5242568329007264,64.1304347826087,12.0,101.0,89.0,39.823856022572905,2.7826086956521743,2.0,6.0,4.0,1.5023610907105214,9.391304347826088,1.0,16.0,15.0,6.973484753193669,1.0628715768695653,0.3112922,1.461112979,1.149820779,0.42582875980407864,0.46373913043478265,0.0,1.172,1.172,0.49272580057854254,4.1633363423443376e-17,-2.0,5.0,7.0,2.312536721212557
La0.55Li0.36Ti0.95Mn0.05O3,-3.721246399,602,train,298.0,5,1.1023295786432212,0.6109979633401221,0.010183299389002037,0.6109979633401221,0.0,0.0,0.0,0.0,0.07331975560081466,0.0,0.1120162932790224,0.0,0.0,0.0,0.0,0.0,0.0,0.0,0.0,0.0,0.0,0.0,0.0,0.0,0.1934826883910387,0.010183299389002037,0.0,0.0,0.0,0.0,0.0,0.0,0.0,0.0,0.0,0.0,0.0,0.0,0.0,0.0,0.0,0.0,0.0,0.0,0.0,0.0,0.0,0.0,0.0,0.0,0.0,0.0,0.0,0.0,0.0,0.0,0.6109979633401221,0.0,2.610651731160896,0.98,3.44,2.46,1.0507559023318358,35.66507550916497,6.941,138.90547,131.96447,39.02966636465228,0.9764765784114053,0.6,1.95,1.35,0.49571648753039677,76.76578411405296,12.0,101.0,89.0,31.815982648349458,2.8553971486761713,2.0,6.0,4.0,1.369386856086036,11.030549898167006,1.0,16.0,15.0,6.278424853301095,1.0098278648065173,-0.52,1.461112979,1.981112979,0.5927253402557089,0.3709894772572981,0.0,1.172,1.172,0.4730758743884759,0.005431093007467803,-2.0,4.333333333333333,6.333333333333333,2.610052010770883
Li1.4Ti1.6In0.4P3O12,-3.721246399,603,train,298.0,5,1.0660861369642038,0.6521739130434783,0.02173913043478261,0.6521739130434783,0.0,0.0,0.0,0.0,0.07608695652173914,0.0,0.0,0.0,0.0,0.0,0.0,0.0,0.0,0.0,0.0,0.0,0.0,0.0,0.0,0.0,0.08695652173913045,0.0,0.0,0.0,0.0,0.0,0.0,0.0,0.02173913043478261,0.0,0.0,0.0,0.0,0.0,0.0,0.0,0.0,0.0,0.0,0.0,0.0,0.0,0.16304347826086957,0.0,0.0,0.0,0.0,0.0,0.0,0.0,0.0,0.0,0.6521739130434783,0.0,2.847717391304348,0.98,3.44,2.46,0.8591984425094042,22.67097206521739,6.941,114.818,107.877,17.2883252552113,0.8201086956521739,0.6,1.55,0.9500000000000001,0.3284565174226706,87.60869565217394,12.0,101.0,89.0,25.90364944984424,2.4021739130434785,2.0,5.0,3.0,0.7380907009289113,13.58695652173913,1.0,16.0,15.0,4.917033777799649,1.1365703470652173,0.075545,1.461112979,1.385567979,0.4734461556380712,0.2526449275362319,0.0,0.94,0.94,0.35972632446474845,-0.5434782608695652,-2.0,4.0,6.0,2.1045828710510817
Li5La3Sb2O12,-3.709965389,604,train,404.0,4,1.1570333357787375,0.5454545454545454,0.09090909090909091,0.5454545454545454,0.0,0.0,0.0,0.0,0.22727272727272727,0.0,0.13636363636363635,0.0,0.0,0.0,0.0,0.0,0.0,0.0,0.0,0.0,0.0,0.0,0.0,0.0,0.0,0.0,0.0,0.0,0.0,0.0,0.0,0.0,0.0,0.0,0.0,0.0,0.0,0.0,0.0,0.0,0.0,0.0,0.0,0.09090909090909091,0.0,0.0,0.0,0.0,0.0,0.0,0.0,0.0,0.0,0.0,0.0,0.0,0.5454545454545454,0.0,2.4354545454545455,0.98,3.44,2.46,1.1351520814119507,40.315191363636366,6.941,138.90547,131.96447,50.04130956882118,1.0545454545454545,0.6,1.95,1.35,0.5213420380720866,70.31818181818181,12.0,101.0,89.0,38.79126701584024,2.818181818181818,2.0,6.0,4.0,1.526623238522424,10.727272727272727,1.0,16.0,15.0,6.816969589206431,1.1086837649090908,0.5575462,1.461112979,0.9035667789999999,0.40524159174521646,0.4398181818181818,0.0,1.172,1.172,0.49049470726118916,-0.303030303030303,-2.0,3.0,5.0,1.9486050200936698
Li4Al0.33Si0.33P0.33O4,-3.70333481,605,train,398.29,5,1.0845690341695433,0.44493882091212456,0.03670745272525028,0.44493882091212456,0.0,0.0,0.0,0.0,0.44493882091212456,0.0,0.0,0.0,0.0,0.0,0.0,0.0,0.0,0.0,0.0,0.0,0.0,0.0,0.0,0.0,0.0,0.0,0.0,0.03670745272525028,0.0,0.0,0.0,0.0,0.0,0.0,0.0,0.0,0.03670745272525028,0.0,0.0,0.0,0.0,0.0,0.0,0.0,0.0,0.0,0.03670745272525028,0.0,0.0,0.0,0.0,0.0,0.0,0.0,0.0,0.0,0.44493882091212456,0.0,2.1758620689655173,0.98,3.44,2.46,1.1669993308265727,13.36541314771969,6.941,30.973762,24.032762,6.898662886128895,1.035094549499444,0.6,1.45,0.85,0.4033856535607791,59.63848720800891,12.0,101.0,89.0,42.937307278544495,2.1101223581757513,2.0,3.0,1.0,0.3130422086645226,9.10567296996663,1.0,16.0,15.0,7.286521381724807,1.0194001529143493,0.432835,1.461112979,1.0282779789999998,0.4229345611700646,0.465233592880979,0.0,0.9,0.9,0.42718951275270073,-0.2736373748609566,-2.0,3.0,5.0,1.6069066284716447
Li4BN3H10,-3.698970004,606,train,298.0,4,1.1199903556503674,0.5555555555555556,0.05555555555555555,0.16666666666666666,0.0,0.0,0.0,0.0,0.2222222222222222,0.0,0.0,0.0,0.0,0.0,0.0,0.0,0.0,0.0,0.0,0.0,0.0,0.0,0.0,0.0,0.0,0.0,0.0,0.0,0.0,0.0,0.0,0.0,0.0,0.0,0.0,0.0,0.0,0.0,0.0,0.0,0.0,0.0,0.05555555555555555,0.0,0.0,0.0,0.0,0.5555555555555556,0.0,0.0,0.0,0.0,0.0,0.0,0.16666666666666666,0.0,0.0,0.0,2.06,0.98,3.04,2.06,0.6558793927070569,5.037472222222222,1.00794,14.0067,12.99876,5.008546779101761,0.6166666666666667,0.25,1.45,1.2,0.4818944098266986,81.33333333333334,12.0,103.0,91.0,37.26034531956639,1.4444444444444444,1.0,2.0,1.0,0.49690399499995325,4.0,1.0,15.0,14.0,5.627314338711377,0.5602151127777777,-0.07,0.75419519,0.82419519,0.30366747069315697,0.2702777777777778,0.0,0.9,0.9,0.3603141847449182,0.6666666666666666,0.0,3.0,3.0,0.8606629658238704
Li0.7Al0.3Ti1.7(PO4)3,-3.694648631,607,test,313.2,5,0.986224504652601,0.6779661016949153,0.01694915254237288,0.6779661016949153,0.0,0.0,0.0,0.0,0.03954802259887005,0.0,0.0,0.0,0.0,0.0,0.0,0.0,0.0,0.0,0.0,0.0,0.0,0.0,0.0,0.0,0.096045197740113,0.0,0.0,0.01694915254237288,0.0,0.0,0.0,0.0,0.0,0.0,0.0,0.0,0.0,0.0,0.0,0.0,0.0,0.0,0.0,0.0,0.0,0.0,0.16949152542372883,0.0,0.0,0.0,0.0,0.0,0.0,0.0,0.0,0.0,0.6779661016949153,0.0,2.917344632768362,0.98,3.44,2.46,0.7965393084643217,21.426053535593223,6.941,47.867,40.925999999999995,10.553870434266214,0.7892655367231639,0.6,1.45,0.85,0.2974904880953302,90.45762711864408,12.0,101.0,89.0,21.6844254301063,2.378531073446328,2.0,4.0,2.0,0.6537091825591289,14.033898305084747,1.0,16.0,15.0,4.380101777684907,1.156163532881356,0.075545,1.461112979,1.385567979,0.47323531937658997,0.2220527306967985,0.0,0.9,0.9,0.33374417954877905,-0.5988700564971752,-2.0,4.0,6.0,2.13373906895301
Li1.5In0.5Ti1.5(PO4)3,-3.690369833,608,train,298.0,5,1.0807686565434762,0.6486486486486487,0.02702702702702703,0.6486486486486487,0.0,0.0,0.0,0.0,0.08108108108108109,0.0,0.0,0.0,0.0,0.0,0.0,0.0,0.0,0.0,0.0,0.0,0.0,0.0,0.0,0.0,0.08108108108108109,0.0,0.0,0.0,0.0,0.0,0.0,0.0,0.02702702702702703,0.0,0.0,0.0,0.0,0.0,0.0,0.0,0.0,0.0,0.0,0.0,0.0,0.0,0.16216216216216217,0.0,0.0,0.0,0.0,0.0,0.0,0.0,0.0,0.0,0.6486486486486487,0.0,2.8389189189189192,0.98,3.44,2.46,0.8659841574725404,22.947842486486486,6.941,114.818,107.877,18.46611862391746,0.8243243243243243,0.6,1.55,0.9500000000000001,0.33239947100927547,87.35135135135135,12.0,101.0,89.0,26.293783271229533,2.4054054054054053,2.0,5.0,3.0,0.7519150131483003,13.567567567567567,1.0,16.0,15.0,4.940404516431339,1.1354344544864865,0.075545,1.461112979,1.385567979,0.47049804807438844,0.25662162162162167,0.0,0.94,0.94,0.3627219185038811,-0.5405405405405405,-2.0,4.0,6.0,2.0915263781981825
(Li6.26Al0.24)La3Zr2O12,-3.67778070526608,609,train,298.0,5,1.2148527165531875,0.5106382978723404,0.010212765957446808,0.5106382978723404,0.0,0.0,0.0,0.0,0.2663829787234043,0.0,0.1276595744680851,0.0,0.0,0.0,0.0,0.0,0.0,0.0,0.0,0.0,0.0,0.0851063829787234,0.0,0.0,0.0,0.0,0.0,0.010212765957446808,0.0,0.0,0.0,0.0,0.0,0.0,0.0,0.0,0.0,0.0,0.0,0.0,0.0,0.0,0.0,0.0,0.0,0.0,0.0,0.0,0.0,0.0,0.0,0.0,0.0,0.0,0.0,0.0,0.5106382978723404,0.0,2.2877106382978725,0.98,3.44,2.46,1.1816889973603761,35.79078464953191,6.941,138.90547,131.96447,45.18184080254857,1.0862553191489361,0.6,1.95,1.35,0.5194231853223632,63.97106382978723,12.0,101.0,89.0,39.54499743674946,2.7761702127659573,2.0,6.0,4.0,1.4887186453692878,9.292765957446809,1.0,16.0,15.0,6.990771333611271,1.0232102495829787,0.432835,1.461112979,1.0282779789999998,0.4500076723325642,0.4694468085106383,0.0,1.172,1.172,0.4881996804809783,-0.0008510638297872242,-2.0,4.0,6.0,2.2161878614847805
(Li2S)0.875(P2S5)0.125,-3.677780705,610,train,298.0,3,0.8982053397041498,0.5,0.07142857142857142,0.42857142857142855,0.0,0.0,0.0,0.0,0.5,0.0,0.0,0.0,0.0,0.0,0.0,0.0,0.0,0.0,0.0,0.0,0.0,0.0,0.0,0.0,0.0,0.0,0.0,0.0,0.0,0.0,0.0,0.0,0.0,0.0,0.0,0.0,0.0,0.0,0.0,0.0,0.0,0.0,0.0,0.0,0.0,0.0,0.07142857142857142,0.0,0.0,0.0,0.0,0.42857142857142855,0.0,0.0,0.0,0.0,0.0,0.0,1.752142857142857,0.98,2.58,1.6,0.7781496236166242,19.42505442857143,6.941,32.065,25.124,12.486974057825131,1.2249999999999999,1.0,1.45,0.44999999999999996,0.22499999999999998,52.71428571428571,12.0,94.0,82.0,40.72631401270221,2.5,2.0,3.0,1.0,0.5,8.428571428571429,1.0,16.0,15.0,7.432691165330608,1.252541372142857,0.61804922,2.07710426,1.45905504,0.714815322202724,0.6907142857142857,0.47,0.9,0.43000000000000005,0.2102197586783305,1.6904761904761905,1.0,2.5,1.5,0.7206069500200741
La0.58Li0.36Ti0.95Mg0.05O3,-3.677780705,611,test,298.0,5,1.108785288327205,0.6072874493927126,0.010121457489878544,0.6072874493927126,0.0,0.0,0.0,0.0,0.07287449392712551,0.0,0.11740890688259109,0.0,0.0,0.0,0.0,0.0,0.0,0.0,0.0,0.0,0.010121457489878544,0.0,0.0,0.0,0.19230769230769232,0.0,0.0,0.0,0.0,0.0,0.0,0.0,0.0,0.0,0.0,0.0,0.0,0.0,0.0,0.0,0.0,0.0,0.0,0.0,0.0,0.0,0.0,0.0,0.0,0.0,0.0,0.0,0.0,0.0,0.0,0.0,0.6072874493927126,0.0,2.599048582995951,0.98,3.44,2.46,1.056807939945187,35.981990404858294,6.941,138.90547,131.96447,39.70186813287679,0.9834008097165989,0.6,1.95,1.35,0.5009078532107988,76.63157894736841,12.0,101.0,89.0,31.859412434394013,2.864372469635627,2.0,6.0,4.0,1.3823006078918258,10.931174089068826,1.0,16.0,15.0,6.342080387519364,1.0080933607692306,-0.42,1.461112979,1.8811129789999999,0.5894348431897116,0.37567678812415645,0.0,1.172,1.172,0.47554161808598205,-1.1102230246251563e-16,-2.0,4.0,6.0,2.583817594243813
Li0.8Hf1.8Nb0.2(PO4)3,-3.671620397,612,train,473.0,5,0.987494511413435,0.6741573033707865,0.011235955056179775,0.6741573033707865,0.0,0.0,0.0,0.0,0.0449438202247191,0.0,0.0,0.0,0.0,0.0,0.0,0.0,0.0,0.0,0.0,0.10112359550561797,0.0,0.0,0.0,0.0,0.0,0.0,0.011235955056179775,0.0,0.0,0.0,0.0,0.0,0.0,0.0,0.0,0.0,0.0,0.0,0.0,0.0,0.0,0.0,0.0,0.0,0.0,0.0,0.16853932584269662,0.0,0.0,0.0,0.0,0.0,0.0,0.0,0.0,0.0,0.6741573033707865,0.0,2.8816853932584268,0.98,3.44,2.46,0.851325781599416,35.41180685393259,6.941,178.49,171.549,49.00082933510891,0.8112359550561797,0.6,1.55,0.9500000000000001,0.33793430724122214,89.4494382022472,12.0,101.0,89.0,23.062694832625485,2.606741573033708,2.0,6.0,4.0,1.2326820810698855,13.820224719101123,1.0,16.0,15.0,4.631503742392255,1.16694549741573,0.17807,1.461112979,1.283042979,0.4486008374576064,0.22831460674157303,0.0,0.9,0.9,0.34040701333912515,-0.5617977528089887,-2.0,5.0,7.0,2.189291555994429
(YPO4)0.7(Li3PO4)0.3,-3.671620397,613,train,758.26,4,1.0990877521186821,0.6060606060606061,0.10606060606060606,0.6060606060606061,0.0,0.0,0.0,0.0,0.13636363636363635,0.0,0.0,0.0,0.0,0.0,0.0,0.0,0.10606060606060606,0.0,0.0,0.0,0.0,0.0,0.0,0.0,0.0,0.0,0.0,0.0,0.0,0.0,0.0,0.0,0.0,0.0,0.0,0.0,0.0,0.0,0.0,0.0,0.0,0.0,0.0,0.0,0.0,0.0,0.15151515151515152,0.0,0.0,0.0,0.0,0.0,0.0,0.0,0.0,0.0,0.6060606060606061,0.0,2.67969696969697,0.98,3.44,2.46,1.0032990576501737,24.765508636363634,6.941,88.90585,81.96485,23.066607186419095,0.9037878787878787,0.6,1.8,1.2000000000000002,0.42802493962850496,79.13636363636364,12.0,101.0,89.0,35.114913676875744,2.4696969696969697,2.0,5.0,3.0,0.9409810639529842,12.424242424242426,1.0,16.0,15.0,5.997627323949701,1.1159408884848485,0.3112922,1.461112979,1.149820779,0.4419840274416574,0.31636363636363635,0.0,1.04,1.04,0.41342118945429873,-0.505050505050505,-2.0,3.0,5.0,1.9185804448537376
Li1.4S2.2P0.6,-3.659555885,614,train,333.0,3,0.9829007277151565,0.5238095238095238,0.14285714285714285,0.5238095238095238,0.0,0.0,0.0,0.0,0.3333333333333333,0.0,0.0,0.0,0.0,0.0,0.0,0.0,0.0,0.0,0.0,0.0,0.0,0.0,0.0,0.0,0.0,0.0,0.0,0.0,0.0,0.0,0.0,0.0,0.0,0.0,0.0,0.0,0.0,0.0,0.0,0.0,0.0,0.0,0.0,0.0,0.0,0.0,0.14285714285714285,0.0,0.0,0.0,0.0,0.5238095238095238,0.0,0.0,0.0,0.0,0.0,0.0,1.9909523809523808,0.98,2.58,1.6,0.7266944387128856,23.53444219047619,6.941,32.065,25.124,11.739029905859121,1.15,1.0,1.45,0.44999999999999996,0.21213203435596423,66.0952380952381,12.0,94.0,82.0,38.27457786387195,2.666666666666667,2.0,3.0,1.0,0.4714045207910317,10.857142857142858,1.0,16.0,15.0,6.978099852468465,1.4006818442857143,0.61804922,2.07710426,1.45905504,0.710601700997476,0.6247619047619047,0.47,0.9,0.43000000000000005,0.19645959350992806,1.880952380952381,1.0,2.5,1.5,0.6826319612776881
Li6PS5I,-3.65757731917779,615,train,298.0,4,1.1189688668816267,0.46153846153846156,0.07692307692307693,0.46153846153846156,0.0,0.0,0.0,0.0,0.46153846153846156,0.0,0.0,0.0,0.0,0.0,0.0,0.0,0.0,0.0,0.0,0.0,0.0,0.0,0.0,0.0,0.0,0.0,0.0,0.0,0.0,0.0,0.0,0.0,0.0,0.0,0.0,0.0,0.0,0.0,0.0,0.0,0.0,0.0,0.0,0.0,0.0,0.0,0.07692307692307693,0.0,0.0,0.0,0.0,0.38461538461538464,0.07692307692307693,0.0,0.0,0.0,0.0,0.0,1.8176923076923077,0.98,2.66,1.6800000000000002,0.7826990171702595,27.680710153846157,6.941,126.90447,119.96347,31.049739450582052,1.2384615384615385,1.0,1.45,0.44999999999999996,0.22114548479177,56.07692307692308,12.0,97.0,85.0,40.83072285661966,2.6923076923076925,2.0,5.0,3.0,0.8213137116947162,9.076923076923077,1.0,17.0,16.0,7.488057553007974,1.3768824820769232,0.61804922,3.059046537,2.440997317,0.8381958941412877,0.7061538461538462,0.47,0.9,0.43000000000000005,0.2073472917794781,1.782051282051282,1.0,3.0,2.0,0.7717906124765339
Li3.6Ge0.4P0.6S4,-3.654909409,616,test,298.0,4,1.0490264333601902,0.46511627906976744,0.04651162790697675,0.46511627906976744,0.0,0.0,0.0,0.0,0.4186046511627907,0.0,0.0,0.0,0.0,0.0,0.0,0.0,0.0,0.0,0.0,0.0,0.0,0.0,0.0,0.0,0.0,0.0,0.0,0.0,0.0,0.0,0.0,0.0,0.0,0.0,0.0,0.0,0.0,0.0,0.0,0.0,0.04651162790697675,0.0,0.0,0.0,0.0,0.0,0.06976744186046512,0.0,0.0,0.0,0.0,0.46511627906976744,0.0,0.0,0.0,0.0,0.0,0.0,1.8565116279069767,0.98,2.58,1.6,0.7575722660161768,23.359053162790698,6.941,72.64,65.699,16.281670015215926,1.2,1.0,1.45,0.44999999999999996,0.2183447242427697,58.93023255813954,12.0,94.0,82.0,39.88203264444898,2.6279069767441863,2.0,4.0,2.0,0.5715444524392794,9.558139534883722,1.0,16.0,15.0,7.276282994296481,1.3342360771162791,0.61804922,2.07710426,1.45905504,0.7042434979354362,0.6695348837209303,0.47,0.9,0.43000000000000005,0.2054711374329975,1.7286821705426356,0.6666666666666666,2.5,1.8333333333333335,0.7427715886021525
Li6BaLa2Ta2O12,-3.647817482,617,train,358.0,5,1.2510583317959272,0.5217391304347826,0.043478260869565216,0.5217391304347826,0.0,0.043478260869565216,0.0,0.0,0.2608695652173913,0.0,0.08695652173913043,0.0,0.0,0.0,0.0,0.0,0.0,0.0,0.0,0.0,0.0,0.0,0.0,0.08695652173913043,0.0,0.0,0.0,0.0,0.0,0.0,0.0,0.0,0.0,0.0,0.0,0.0,0.0,0.0,0.0,0.0,0.0,0.0,0.0,0.0,0.0,0.0,0.0,0.0,0.0,0.0,0.0,0.0,0.0,0.0,0.0,0.0,0.5217391304347826,0.0,2.315217391304348,0.89,3.44,2.55,1.1830758348482528,43.94228260869565,6.941,180.94788,174.00688,59.66646882401103,1.0804347826086955,0.6,2.15,1.5499999999999998,0.5323735061913937,63.826086956521735,12.0,101.0,89.0,40.3039022535288,2.869565217391304,2.0,6.0,4.0,1.6498839966095893,9.391304347826086,1.0,16.0,15.0,6.982830685734351,1.0069168664347825,0.144626,1.461112979,1.316486979,0.4867717717776901,0.47278260869565214,0.0,1.49,1.49,0.5120729360857256,5.551115123125783e-17,-2.0,5.0,7.0,2.3405684928164816
Li0.24La0.59TiO3,-3.645891561,618,train,328.0,4,1.0278432331257454,0.6211180124223603,0.04968944099378882,0.6211180124223603,0.0,0.0,0.0,0.0,0.04968944099378882,0.0,0.12215320910973085,0.0,0.0,0.0,0.0,0.0,0.0,0.0,0.0,0.0,0.0,0.0,0.0,0.0,0.2070393374741201,0.0,0.0,0.0,0.0,0.0,0.0,0.0,0.0,0.0,0.0,0.0,0.0,0.0,0.0,0.0,0.0,0.0,0.0,0.0,0.0,0.0,0.0,0.0,0.0,0.0,0.0,0.0,0.0,0.0,0.0,0.0,0.6211180124223603,0.0,2.638550724637681,0.98,3.44,2.46,1.0366551018646664,37.16051082815735,6.941,138.90547,131.96447,40.14693748808555,0.972774327122153,0.6,1.95,1.35,0.5020650572809858,77.91925465838509,12.0,101.0,89.0,30.713255105833678,2.902691511387163,2.0,6.0,4.0,1.4027675256156067,11.182194616977226,1.0,16.0,15.0,6.198905746237561,1.021980953995859,0.075545,1.461112979,1.385567979,0.5828240685308083,0.36421256038647337,0.0,1.172,1.172,0.4749299522392519,0.0020703933747411303,-2.0,4.0,6.0,2.635557907868465
Li6.6La2.5Y0.5Zr1.6Ta0.4O12,-3.645891561,619,test,300.0,6,1.2712813631112831,0.5084745762711864,0.01694915254237288,0.5084745762711864,0.0,0.0,0.0,0.0,0.2796610169491525,0.0,0.1059322033898305,0.0,0.0,0.0,0.0,0.0,0.0211864406779661,0.0,0.0,0.0,0.0,0.06779661016949153,0.0,0.01694915254237288,0.0,0.0,0.0,0.0,0.0,0.0,0.0,0.0,0.0,0.0,0.0,0.0,0.0,0.0,0.0,0.0,0.0,0.0,0.0,0.0,0.0,0.0,0.0,0.0,0.0,0.0,0.0,0.0,0.0,0.0,0.0,0.0,0.5084745762711864,0.0,2.281186440677966,0.98,3.44,2.46,1.1830606453870411,35.926167457627116,6.941,180.94788,174.00688,46.727745926725426,1.0849576271186439,0.6,1.95,1.35,0.5136859967813846,62.940677966101696,12.0,101.0,89.0,40.036274309147586,2.7584745762711864,2.0,6.0,4.0,1.4804274618138562,9.152542372881355,1.0,16.0,15.0,7.023721451471831,1.0163897581355932,0.3112922,1.461112979,1.149820779,0.4569897648622851,0.47008474576271175,0.0,1.172,1.172,0.48529040015146874,0.0,-2.0,5.0,7.0,2.2284751950415007
Li0.24La0.59TiO3,-3.643974143,620,train,362.0,4,1.0278432331257454,0.6211180124223603,0.04968944099378882,0.6211180124223603,0.0,0.0,0.0,0.0,0.04968944099378882,0.0,0.12215320910973085,0.0,0.0,0.0,0.0,0.0,0.0,0.0,0.0,0.0,0.0,0.0,0.0,0.0,0.2070393374741201,0.0,0.0,0.0,0.0,0.0,0.0,0.0,0.0,0.0,0.0,0.0,0.0,0.0,0.0,0.0,0.0,0.0,0.0,0.0,0.0,0.0,0.0,0.0,0.0,0.0,0.0,0.0,0.0,0.0,0.0,0.0,0.6211180124223603,0.0,2.638550724637681,0.98,3.44,2.46,1.0366551018646664,37.16051082815735,6.941,138.90547,131.96447,40.14693748808555,0.972774327122153,0.6,1.95,1.35,0.5020650572809858,77.91925465838509,12.0,101.0,89.0,30.713255105833678,2.902691511387163,2.0,6.0,4.0,1.4027675256156067,11.182194616977226,1.0,16.0,15.0,6.198905746237561,1.021980953995859,0.075545,1.461112979,1.385567979,0.5828240685308083,0.36421256038647337,0.0,1.172,1.172,0.4749299522392519,0.0020703933747411303,-2.0,4.0,6.0,2.635557907868465
Li1.2Ti1.8Sc0.2(PO4)3,-3.63638802,621,train,298.0,5,1.0294638497997788,0.6593406593406593,0.01098901098901099,0.6593406593406593,0.0,0.0,0.0,0.0,0.06593406593406594,0.0,0.0,0.0,0.0,0.0,0.0,0.0,0.0,0.0,0.0,0.0,0.0,0.0,0.01098901098901099,0.0,0.09890109890109891,0.0,0.0,0.0,0.0,0.0,0.0,0.0,0.0,0.0,0.0,0.0,0.0,0.0,0.0,0.0,0.0,0.0,0.0,0.0,0.0,0.0,0.16483516483516483,0.0,0.0,0.0,0.0,0.0,0.0,0.0,0.0,0.0,0.6593406593406593,0.0,2.860989010989012,0.98,3.44,2.46,0.8519880499407717,21.34038837362638,6.941,47.867,40.925999999999995,11.112954082765972,0.8120879120879122,0.6,1.6,1.0,0.3214271625779212,87.47252747252749,12.0,101.0,89.0,26.08369481822168,2.384615384615385,2.0,4.0,2.0,0.6756231274259077,13.516483516483518,1.0,16.0,15.0,4.993099936412551,1.1366318235164838,0.075545,1.461112979,1.385567979,0.4833729057634995,0.243956043956044,0.0,0.9,0.9,0.35227558243505064,-0.5494505494505495,-2.0,4.0,6.0,2.130867179389493
Li3.75Si0.75P0.25O4,-3.621602099,622,train,501.73,4,1.0331192203930142,0.45714285714285713,0.02857142857142857,0.45714285714285713,0.0,0.0,0.0,0.0,0.42857142857142855,0.0,0.0,0.0,0.0,0.0,0.0,0.0,0.0,0.0,0.0,0.0,0.0,0.0,0.0,0.0,0.0,0.0,0.0,0.0,0.0,0.0,0.0,0.0,0.0,0.0,0.0,0.0,0.08571428571428572,0.0,0.0,0.0,0.0,0.0,0.0,0.0,0.0,0.0,0.02857142857142857,0.0,0.0,0.0,0.0,0.0,0.0,0.0,0.0,0.0,0.45714285714285713,0.0,2.218,0.98,3.44,2.46,1.1611122746253757,13.581018914285714,6.941,30.973762,24.032762,6.94585645790994,1.0185714285714285,0.6,1.45,0.85,0.400550641400723,61.17142857142857,12.0,101.0,89.0,42.82288154332295,2.114285714285714,2.0,3.0,1.0,0.318157963590287,9.37142857142857,1.0,16.0,15.0,7.270628639693168,1.0732491118285712,0.61804922,1.461112979,0.843063759,0.41133566890592943,0.44771428571428573,0.0,0.9,0.9,0.424655058096977,-0.4380952380952381,-2.0,1.6666666666666667,3.666666666666667,1.46443862925908
Li1.3Al0.3Ti1.7(PO4)3,-3.619788758,623,train,331.17,5,1.049159726908797,0.6557377049180328,0.01639344262295082,0.6557377049180328,0.0,0.0,0.0,0.0,0.07103825136612023,0.0,0.0,0.0,0.0,0.0,0.0,0.0,0.0,0.0,0.0,0.0,0.0,0.0,0.0,0.0,0.09289617486338798,0.0,0.0,0.01639344262295082,0.0,0.0,0.0,0.0,0.0,0.0,0.0,0.0,0.0,0.0,0.0,0.0,0.0,0.0,0.0,0.0,0.0,0.0,0.1639344262295082,0.0,0.0,0.0,0.0,0.0,0.0,0.0,0.0,0.0,0.6557377049180328,0.0,2.8538251366120218,0.98,3.44,2.46,0.8559771280470847,20.951133747540982,6.941,47.867,40.925999999999995,10.695135834943414,0.8109289617486337,0.6,1.45,0.85,0.3153464750479249,87.88524590163932,12.0,101.0,89.0,25.49516081415319,2.3661202185792347,2.0,4.0,2.0,0.6464275317879833,13.606557377049176,1.0,16.0,15.0,4.893216075157859,1.1385204406557374,0.075545,1.461112979,1.385567979,0.47517545352126767,0.24428051001821494,0.0,0.9,0.9,0.34972616784251925,-0.546448087431694,-2.0,4.0,6.0,2.1176960939649336
Li1.8Cr0.8Ti1.2(PO4)3,-3.619788758,624,train,298.0,5,1.1140162481664606,0.6382978723404256,0.04255319148936171,0.6382978723404256,0.0,0.0,0.0,0.0,0.09574468085106384,0.0,0.0,0.0,0.0,0.0,0.0,0.0,0.0,0.0,0.0,0.0,0.0,0.0,0.0,0.0,0.06382978723404256,0.0,0.0,0.0,0.0,0.0,0.04255319148936171,0.0,0.0,0.0,0.0,0.0,0.0,0.0,0.0,0.0,0.0,0.0,0.0,0.0,0.0,0.0,0.1595744680851064,0.0,0.0,0.0,0.0,0.0,0.0,0.0,0.0,0.0,0.6382978723404256,0.0,2.807978723404256,0.98,3.44,2.46,0.8913718566240181,21.087508829787236,6.941,51.9961,45.055099999999996,11.734983813264423,0.8303191489361703,0.6,1.45,0.85,0.3312787992383569,85.65957446808511,12.0,101.0,89.0,28.005908643853335,2.372340425531915,2.0,4.0,2.0,0.6681833509549875,13.212765957446809,1.0,16.0,15.0,5.232615269847895,1.144524909042553,0.075545,1.461112979,1.385567979,0.44504320237049133,0.26829787234042557,0.0,0.94,0.94,0.37113174133735477,-0.4680851063829786,-2.0,4.5,6.5,2.1808424147899763
(YPO4)0.5(Li3PO4)0.5,-3.610833916,625,train,796.93,4,1.1163670752893367,0.5714285714285714,0.07142857142857142,0.5714285714285714,0.0,0.0,0.0,0.0,0.21428571428571427,0.0,0.0,0.0,0.0,0.0,0.0,0.0,0.07142857142857142,0.0,0.0,0.0,0.0,0.0,0.0,0.0,0.0,0.0,0.0,0.0,0.0,0.0,0.0,0.0,0.0,0.0,0.0,0.0,0.0,0.0,0.0,0.0,0.0,0.0,0.0,0.0,0.0,0.0,0.14285714285714285,0.0,0.0,0.0,0.0,0.0,0.0,0.0,0.0,0.0,0.5714285714285714,0.0,2.5757142857142856,0.98,3.44,2.46,1.0606717163175035,21.405112428571428,6.941,88.90585,81.96485,20.001559121105007,0.9249999999999998,0.6,1.8,1.2000000000000002,0.41822328281160326,74.92857142857143,12.0,101.0,89.0,38.04595770852908,2.357142857142857,2.0,5.0,3.0,0.8112726208286105,11.714285714285712,1.0,16.0,15.0,6.485462550180666,1.0962544222857142,0.3112922,1.461112979,1.149820779,0.43191303332325165,0.3457142857142857,0.0,1.04,1.04,0.41776128326583634,-0.47619047619047616,-2.0,3.0,5.0,1.8201442717729897
Li1.2Sc0.2Ti1.8(PO4)3,-3.609064893,626,train,298.0,5,1.0294638497997788,0.6593406593406593,0.01098901098901099,0.6593406593406593,0.0,0.0,0.0,0.0,0.06593406593406594,0.0,0.0,0.0,0.0,0.0,0.0,0.0,0.0,0.0,0.0,0.0,0.0,0.0,0.01098901098901099,0.0,0.09890109890109891,0.0,0.0,0.0,0.0,0.0,0.0,0.0,0.0,0.0,0.0,0.0,0.0,0.0,0.0,0.0,0.0,0.0,0.0,0.0,0.0,0.0,0.16483516483516483,0.0,0.0,0.0,0.0,0.0,0.0,0.0,0.0,0.0,0.6593406593406593,0.0,2.860989010989012,0.98,3.44,2.46,0.8519880499407717,21.34038837362638,6.941,47.867,40.925999999999995,11.112954082765972,0.8120879120879122,0.6,1.6,1.0,0.3214271625779212,87.47252747252749,12.0,101.0,89.0,26.08369481822168,2.384615384615385,2.0,4.0,2.0,0.6756231274259077,13.516483516483518,1.0,16.0,15.0,4.993099936412551,1.1366318235164838,0.075545,1.461112979,1.385567979,0.4833729057634995,0.243956043956044,0.0,0.9,0.9,0.35227558243505064,-0.5494505494505495,-2.0,4.0,6.0,2.130867179389493
Li1.5Al0.5Ti1.5(PO4)3,-3.60554831917378,627,train,298.0,5,1.0807686565434762,0.6486486486486487,0.02702702702702703,0.6486486486486487,0.0,0.0,0.0,0.0,0.08108108108108109,0.0,0.0,0.0,0.0,0.0,0.0,0.0,0.0,0.0,0.0,0.0,0.0,0.0,0.0,0.0,0.08108108108108109,0.0,0.0,0.02702702702702703,0.0,0.0,0.0,0.0,0.0,0.0,0.0,0.0,0.0,0.0,0.0,0.0,0.0,0.0,0.0,0.0,0.0,0.0,0.16216216216216217,0.0,0.0,0.0,0.0,0.0,0.0,0.0,0.0,0.0,0.6486486486486487,0.0,2.834324324324325,0.98,3.44,2.46,0.8720201477356908,20.57388407027027,6.941,47.867,40.925999999999995,10.377383967321364,0.8162162162162162,0.6,1.45,0.85,0.3179439977149754,87.37837837837837,12.0,101.0,89.0,26.285697839012318,2.3513513513513518,2.0,4.0,2.0,0.6245524328806131,13.567567567567567,1.0,16.0,15.0,4.940404516431339,1.1367563193513515,0.075545,1.461112979,1.385567979,0.46844907061546737,0.24945945945945952,0.0,0.9,0.9,0.3516033746157014,-0.5405405405405405,-2.0,4.0,6.0,2.0915263781981825
Li0.24La0.59TiO3,-3.598599459,628,train,397.0,4,1.0278432331257454,0.6211180124223603,0.04968944099378882,0.6211180124223603,0.0,0.0,0.0,0.0,0.04968944099378882,0.0,0.12215320910973085,0.0,0.0,0.0,0.0,0.0,0.0,0.0,0.0,0.0,0.0,0.0,0.0,0.0,0.2070393374741201,0.0,0.0,0.0,0.0,0.0,0.0,0.0,0.0,0.0,0.0,0.0,0.0,0.0,0.0,0.0,0.0,0.0,0.0,0.0,0.0,0.0,0.0,0.0,0.0,0.0,0.0,0.0,0.0,0.0,0.0,0.0,0.6211180124223603,0.0,2.638550724637681,0.98,3.44,2.46,1.0366551018646664,37.16051082815735,6.941,138.90547,131.96447,40.14693748808555,0.972774327122153,0.6,1.95,1.35,0.5020650572809858,77.91925465838509,12.0,101.0,89.0,30.713255105833678,2.902691511387163,2.0,6.0,4.0,1.4027675256156067,11.182194616977226,1.0,16.0,15.0,6.198905746237561,1.021980953995859,0.075545,1.461112979,1.385567979,0.5828240685308083,0.36421256038647337,0.0,1.172,1.172,0.4749299522392519,0.0020703933747411303,-2.0,4.0,6.0,2.635557907868465
Li51.2Al1.6La24Zr16O96,-3.59516628338006,629,train,298.0,5,1.209575924725064,0.5084745762711864,0.00847457627118644,0.5084745762711864,0.0,0.0,0.0,0.0,0.2711864406779661,0.0,0.1271186440677966,0.0,0.0,0.0,0.0,0.0,0.0,0.0,0.0,0.0,0.0,0.0847457627118644,0.0,0.0,0.0,0.0,0.0,0.00847457627118644,0.0,0.0,0.0,0.0,0.0,0.0,0.0,0.0,0.0,0.0,0.0,0.0,0.0,0.0,0.0,0.0,0.0,0.0,0.0,0.0,0.0,0.0,0.0,0.0,0.0,0.0,0.0,0.0,0.5084745762711864,0.0,2.2811016949152543,0.98,3.44,2.46,1.1831291345327348,35.634572784745764,6.941,138.90547,131.96447,45.13901022346473,1.088135593220339,0.6,1.95,1.35,0.5190309568386567,63.635593220338976,12.0,101.0,89.0,39.65671876608247,2.7711864406779663,2.0,6.0,4.0,1.4867266794798437,9.237288135593221,1.0,16.0,15.0,7.003241339262908,1.0218073879661016,0.432835,1.461112979,1.0282779789999998,0.4494773741454158,0.47165254237288134,0.0,1.172,1.172,0.48821330044441075,0.0,-2.0,4.0,6.0,2.209379082955976
Li2NH,-3.595166283,630,train,298.0,3,1.0397207708399179,0.5,0.25,0.25,0.0,0.0,0.0,0.0,0.5,0.0,0.0,0.0,0.0,0.0,0.0,0.0,0.0,0.0,0.0,0.0,0.0,0.0,0.0,0.0,0.0,0.0,0.0,0.0,0.0,0.0,0.0,0.0,0.0,0.0,0.0,0.0,0.0,0.0,0.0,0.0,0.0,0.0,0.0,0.0,0.0,0.0,0.0,0.25,0.0,0.0,0.0,0.0,0.0,0.0,0.25,0.0,0.0,0.0,1.8,0.98,3.04,2.06,0.8721238444166058,7.2241599999999995,1.00794,14.0067,12.99876,4.604470629486087,0.95,0.25,1.45,1.2,0.5196152422706631,56.75,12.0,103.0,91.0,44.762568067527134,1.75,1.0,2.0,1.0,0.4330127018922193,4.5,1.0,15.0,14.0,6.06217782649107,0.4800734075,-0.07,0.75419519,0.82419519,0.3224120635730418,0.52125,0.0,0.9,0.9,0.3919243389992512,0.9166666666666667,0.0,1.6666666666666667,1.6666666666666667,0.5951190357119042
Li1.1Cr0.1Ti1.9(PO4)3,-3.58502665202918,631,train,298.0,5,1.0059217871296122,0.6629834254143646,0.0055248618784530384,0.6629834254143646,0.0,0.0,0.0,0.0,0.06077348066298342,0.0,0.0,0.0,0.0,0.0,0.0,0.0,0.0,0.0,0.0,0.0,0.0,0.0,0.0,0.0,0.10497237569060772,0.0,0.0,0.0,0.0,0.0,0.0055248618784530384,0.0,0.0,0.0,0.0,0.0,0.0,0.0,0.0,0.0,0.0,0.0,0.0,0.0,0.0,0.0,0.16574585635359115,0.0,0.0,0.0,0.0,0.0,0.0,0.0,0.0,0.0,0.6629834254143646,0.0,2.874033149171271,0.98,3.44,2.46,0.8383862287242033,21.474922430939227,6.941,51.9961,45.055099999999996,11.222023459542433,0.806353591160221,0.6,1.45,0.85,0.3139500027951256,88.27624309392264,12.0,101.0,89.0,24.752274056509023,2.386740331491713,2.0,4.0,2.0,0.6768801390405206,13.607734806629834,1.0,16.0,15.0,4.877023122500782,1.14166660480663,0.075545,1.461112979,1.385567979,0.4803092944100146,0.24045119705340703,0.0,0.94,0.94,0.3500998220977592,-0.5441988950276244,-2.0,4.5,6.5,2.160647209888117
Li0.31La0.63(Ti0.9Co0.1)O3,-3.58502665202918,632,test,298.0,5,1.12841698528867,0.6072874493927125,0.020242914979757085,0.6072874493927125,0.0,0.0,0.0,0.0,0.06275303643724696,0.0,0.12753036437246962,0.0,0.0,0.0,0.0,0.0,0.0,0.0,0.0,0.0,0.0,0.0,0.0,0.0,0.18218623481781376,0.0,0.0,0.0,0.0,0.0,0.0,0.0,0.0,0.0,0.0,0.020242914979757085,0.0,0.0,0.0,0.0,0.0,0.0,0.0,0.0,0.0,0.0,0.0,0.0,0.0,0.0,0.0,0.0,0.0,0.0,0.0,0.0,0.6072874493927125,0.0,2.6094736842105264,0.98,3.44,2.46,1.0465386007356567,37.780157004048576,6.941,138.90547,131.96447,40.98220467113897,0.9864372469635626,0.6,1.95,1.35,0.5063746064066339,76.88461538461539,12.0,101.0,89.0,31.438727216311182,2.91497975708502,2.0,6.0,4.0,1.41880741232714,11.072874493927126,1.0,16.0,15.0,6.214677760954894,1.0243733498380565,0.075545,1.461112979,1.385567979,0.5662684738840504,0.3766585695006747,0.0,1.172,1.172,0.4777324861462752,0.010121457489878471,-2.0,4.0,6.0,2.5847769043318043
Li6La3ZrSbO12,-3.58502665202918,633,train,298.0,5,1.2283084125018164,0.5217391304347827,0.04347826086956522,0.5217391304347827,0.0,0.0,0.0,0.0,0.26086956521739135,0.0,0.13043478260869568,0.0,0.0,0.0,0.0,0.0,0.0,0.0,0.0,0.0,0.0,0.04347826086956522,0.0,0.0,0.0,0.0,0.0,0.0,0.0,0.0,0.0,0.0,0.0,0.0,0.0,0.0,0.0,0.0,0.0,0.0,0.0,0.0,0.0,0.04347826086956522,0.0,0.0,0.0,0.0,0.0,0.0,0.0,0.0,0.0,0.0,0.0,0.0,0.5217391304347827,0.0,2.340869565217391,0.98,3.44,2.46,1.167207418113769,37.53648739130435,6.941,138.90547,131.96447,47.5420261148876,1.0760869565217388,0.6,1.95,1.35,0.5197971103390477,66.08695652173914,12.0,101.0,89.0,39.69219947839742,2.7826086956521743,2.0,6.0,4.0,1.5023610907105214,9.82608695652174,1.0,16.0,15.0,6.9947320171996985,1.060651298173913,0.433289,1.461112979,1.0278239789999999,0.4300109972964938,0.4611304347826087,0.0,1.172,1.172,0.48983149758896244,-0.1449275362318841,-2.0,4.0,6.0,2.077777721617374
Li6La3ZrSbO12,-3.585026652,634,train,303.0,5,1.2283084125018164,0.5217391304347827,0.04347826086956522,0.5217391304347827,0.0,0.0,0.0,0.0,0.26086956521739135,0.0,0.13043478260869568,0.0,0.0,0.0,0.0,0.0,0.0,0.0,0.0,0.0,0.0,0.04347826086956522,0.0,0.0,0.0,0.0,0.0,0.0,0.0,0.0,0.0,0.0,0.0,0.0,0.0,0.0,0.0,0.0,0.0,0.0,0.0,0.0,0.0,0.04347826086956522,0.0,0.0,0.0,0.0,0.0,0.0,0.0,0.0,0.0,0.0,0.0,0.0,0.5217391304347827,0.0,2.340869565217391,0.98,3.44,2.46,1.167207418113769,37.53648739130435,6.941,138.90547,131.96447,47.5420261148876,1.0760869565217388,0.6,1.95,1.35,0.5197971103390477,66.08695652173914,12.0,101.0,89.0,39.69219947839742,2.7826086956521743,2.0,6.0,4.0,1.5023610907105214,9.82608695652174,1.0,16.0,15.0,6.9947320171996985,1.060651298173913,0.433289,1.461112979,1.0278239789999999,0.4300109972964938,0.4611304347826087,0.0,1.172,1.172,0.48983149758896244,-0.1449275362318841,-2.0,4.0,6.0,2.077777721617374
Li1.3Ga0.3Ti1.7(PO4)3,-3.58335949266172,635,train,298.0,5,1.049159726908797,0.6557377049180328,0.01639344262295082,0.6557377049180328,0.0,0.0,0.0,0.0,0.07103825136612023,0.0,0.0,0.0,0.0,0.0,0.0,0.0,0.0,0.0,0.0,0.0,0.0,0.0,0.0,0.0,0.09289617486338798,0.0,0.0,0.0,0.0,0.0,0.0,0.0,0.0,0.01639344262295082,0.0,0.0,0.0,0.0,0.0,0.0,0.0,0.0,0.0,0.0,0.0,0.0,0.1639344262295082,0.0,0.0,0.0,0.0,0.0,0.0,0.0,0.0,0.0,0.6557377049180328,0.0,2.857103825136612,0.98,3.44,2.46,0.851578300124069,21.65181344262295,6.941,69.723,62.782,12.3407381100315,0.8117486338797812,0.6,1.45,0.85,0.3165493636964125,87.90163934426228,12.0,101.0,89.0,25.490406371509295,2.3825136612021853,2.0,4.0,2.0,0.6743709625781368,13.606557377049176,1.0,16.0,15.0,4.893216075157859,1.1363619349180325,0.075545,1.461112979,1.385567979,0.4786624202876858,0.24567395264116576,0.0,0.9,0.9,0.35160383844061466,-0.546448087431694,-2.0,4.0,6.0,2.1176960939649336
Li1.7Al0.7Ge1.3(PO4)3,-3.57839607313017,636,train,298.0,5,1.1045563702072443,0.6417112299465241,0.0374331550802139,0.6417112299465241,0.0,0.0,0.0,0.0,0.09090909090909091,0.0,0.0,0.0,0.0,0.0,0.0,0.0,0.0,0.0,0.0,0.0,0.0,0.0,0.0,0.0,0.0,0.0,0.0,0.0374331550802139,0.0,0.0,0.0,0.0,0.0,0.0,0.0,0.0,0.0,0.0,0.0,0.0,0.06951871657754011,0.0,0.0,0.0,0.0,0.0,0.16042780748663102,0.0,0.0,0.0,0.0,0.0,0.0,0.0,0.0,0.0,0.6417112299465241,0.0,2.8479144385026736,0.98,3.44,2.46,0.8472114896454437,21.926891070588237,6.941,72.64,65.699,15.357051845964445,0.8109625668449197,0.6,1.45,0.85,0.3033681402937411,89.17647058823529,12.0,101.0,89.0,25.22510171490315,2.336898395721925,2.0,4.0,2.0,0.6020259959810693,14.224598930481283,1.0,16.0,15.0,4.251811092512926,1.2154722240053477,0.432835,1.461112979,1.0282779789999998,0.35969937978159316,0.24885026737967914,0.0,0.9,0.9,0.3442563698297792,-0.7664884135472372,-2.0,3.0,5.0,1.6981395479337742
Li6SrLa2Ta2O12,-3.571865206,637,train,373.0,5,1.2510583317959272,0.5217391304347826,0.043478260869565216,0.5217391304347826,0.0,0.0,0.0,0.043478260869565216,0.2608695652173913,0.0,0.08695652173913043,0.0,0.0,0.0,0.0,0.0,0.0,0.0,0.0,0.0,0.0,0.0,0.0,0.08695652173913043,0.0,0.0,0.0,0.0,0.0,0.0,0.0,0.0,0.0,0.0,0.0,0.0,0.0,0.0,0.0,0.0,0.0,0.0,0.0,0.0,0.0,0.0,0.0,0.0,0.0,0.0,0.0,0.0,0.0,0.0,0.0,0.0,0.5217391304347826,0.0,2.3178260869565217,0.95,3.44,2.49,1.1799924705792908,41.78110869565217,6.941,180.94788,174.00688,57.089412947882586,1.0739130434782607,0.6,2.0,1.4,0.5200061799836344,63.8695652173913,12.0,101.0,89.0,40.250632560869086,2.8260869565217392,2.0,6.0,4.0,1.5784465096235956,9.391304347826088,1.0,16.0,15.0,6.982830685734351,1.0028925186086954,0.052066,1.461112979,1.409046979,0.49420984693400416,0.4653913043478261,0.0,1.32,1.32,0.49838083387762766,0.0,-2.0,5.0,7.0,2.3405684928164816
Li1.3Al0.2Sc0.1Ti1.7(PO4)3,-3.57024772,638,test,298.0,6,1.0595943854054333,0.6557377049180328,0.005464480874316941,0.6557377049180328,0.0,0.0,0.0,0.0,0.07103825136612023,0.0,0.0,0.0,0.0,0.0,0.0,0.0,0.0,0.0,0.0,0.0,0.0,0.0,0.005464480874316941,0.0,0.09289617486338798,0.0,0.0,0.010928961748633882,0.0,0.0,0.0,0.0,0.0,0.0,0.0,0.0,0.0,0.0,0.0,0.0,0.0,0.0,0.0,0.0,0.0,0.0,0.1639344262295082,0.0,0.0,0.0,0.0,0.0,0.0,0.0,0.0,0.0,0.6557377049180328,0.0,2.8524590163934427,0.98,3.44,2.46,0.8581578740796673,21.049354367213116,6.941,47.867,40.925999999999995,10.83172920333097,0.8128415300546445,0.6,1.6,1.0,0.3190433309417765,87.55191256830601,12.0,101.0,89.0,25.9900418961349,2.3715846994535514,2.0,4.0,2.0,0.6559198289890124,13.551912568306006,1.0,16.0,15.0,4.955130272173843,1.137135441912568,0.075545,1.461112979,1.385567979,0.4775935247072414,0.24542805100182152,0.0,0.9,0.9,0.3514777315342278,-0.5464480874316938,-2.0,4.0,6.0,2.1176960939649336
Li6.5La3Nb1.25Y0.75O12,-3.568636236,639,train,298.0,5,1.2274430297405556,0.5106382978723404,0.031914893617021274,0.5106382978723404,0.0,0.0,0.0,0.0,0.2765957446808511,0.0,0.1276595744680851,0.0,0.0,0.0,0.0,0.0,0.031914893617021274,0.0,0.0,0.0,0.0,0.0,0.0,0.0,0.0,0.0,0.05319148936170213,0.0,0.0,0.0,0.0,0.0,0.0,0.0,0.0,0.0,0.0,0.0,0.0,0.0,0.0,0.0,0.0,0.0,0.0,0.0,0.0,0.0,0.0,0.0,0.0,0.0,0.0,0.0,0.0,0.0,0.5106382978723404,0.0,2.2921276595744677,0.98,3.44,2.46,1.180094543940952,35.601620106382974,6.941,138.90547,131.96447,45.28919984163647,1.0909574468085106,0.6,1.95,1.35,0.5252133693039513,62.723404255319146,12.0,101.0,89.0,40.28658090700926,2.7659574468085104,2.0,6.0,4.0,1.49057701175634,9.191489361702127,1.0,16.0,15.0,7.0201482007522555,1.0469592416170213,0.3112922,1.461112979,1.149820779,0.4326811102084173,0.4753617021276596,0.0,1.172,1.172,0.4936699916552884,2.7755575615628914e-17,-2.0,5.0,7.0,2.2550180449341695
Li0.1Na0.1La0.6TiO3,-3.555955204,640,train,348.0,5,1.041777486008444,0.625,0.020833333333333336,0.625,0.0,0.0,0.020833333333333336,0.0,0.020833333333333336,0.0,0.125,0.0,0.0,0.0,0.0,0.0,0.0,0.0,0.0,0.0,0.0,0.0,0.0,0.0,0.20833333333333334,0.0,0.0,0.0,0.0,0.0,0.0,0.0,0.0,0.0,0.0,0.0,0.0,0.0,0.0,0.0,0.0,0.0,0.0,0.0,0.0,0.0,0.0,0.0,0.0,0.0,0.0,0.0,0.0,0.0,0.0,0.0,0.625,0.0,2.648125,0.93,3.44,2.51,1.03285739627582,37.95865811,6.941,138.90547,131.96447,40.253296610418374,0.9781249999999999,0.6,1.95,1.35,0.5130491214705144,78.35416666666667,11.0,101.0,90.0,30.327716684669085,2.9375,2.0,6.0,4.0,1.4054395812935776,11.25,1.0,16.0,15.0,6.15934249737746,1.0229185841666666,0.075545,1.461112979,1.385567979,0.5849601582746207,0.3668472222222222,0.0,1.172,1.172,0.48284691020652465,0.0,-2.0,4.0,6.0,2.6457513110645907
Li1.5Al0.5Ge1.5(PO4)3,-3.552841969,641,train,298.0,5,1.0807686565434764,0.6486486486486487,0.02702702702702703,0.6486486486486487,0.0,0.0,0.0,0.0,0.08108108108108109,0.0,0.0,0.0,0.0,0.0,0.0,0.0,0.0,0.0,0.0,0.0,0.0,0.0,0.0,0.0,0.0,0.0,0.0,0.02702702702702703,0.0,0.0,0.0,0.0,0.0,0.0,0.0,0.0,0.0,0.0,0.0,0.0,0.08108108108108109,0.0,0.0,0.0,0.0,0.0,0.16216216216216217,0.0,0.0,0.0,0.0,0.0,0.0,0.0,0.0,0.0,0.6486486486486487,0.0,2.872432432432433,0.98,3.44,2.46,0.8235467311619887,22.582505691891896,6.941,72.64,65.699,16.21906921418632,0.8040540540540541,0.6,1.45,0.85,0.2975981278953345,90.05405405405406,12.0,101.0,89.0,24.029200643480543,2.3513513513513513,2.0,4.0,2.0,0.6245524328806131,14.378378378378379,1.0,16.0,15.0,4.04268676615716,1.2305777852702704,0.432835,1.461112979,1.0282779789999998,0.34652132179596484,0.24283783783783786,0.0,0.9,0.9,0.3408029876719626,-0.8108108108108109,-2.0,3.0,5.0,1.6577066189400707
Li6.5La3Zr1.5Ta0.5O12,-3.55284196865778,642,train,298.0,5,1.2189980856095624,0.5106382978723404,0.02127659574468085,0.5106382978723404,0.0,0.0,0.0,0.0,0.2765957446808511,0.0,0.1276595744680851,0.0,0.0,0.0,0.0,0.0,0.0,0.0,0.0,0.0,0.0,0.06382978723404255,0.0,0.02127659574468085,0.0,0.0,0.0,0.0,0.0,0.0,0.0,0.0,0.0,0.0,0.0,0.0,0.0,0.0,0.0,0.0,0.0,0.0,0.0,0.0,0.0,0.0,0.0,0.0,0.0,0.0,0.0,0.0,0.0,0.0,0.0,0.0,0.5106382978723404,0.0,2.284893617021276,0.98,3.44,2.46,1.1844163161487,37.49513404255319,6.941,180.94788,174.00688,49.286227679859664,1.0861702127659574,0.6,1.95,1.35,0.5187651179708973,63.34042553191489,12.0,101.0,89.0,39.83277630173459,2.787234042553191,2.0,6.0,4.0,1.5289569551678026,9.191489361702127,1.0,16.0,15.0,7.015600542597268,1.0228798890638295,0.32885923,1.461112979,1.132253749,0.4510845012696154,0.47089361702127663,0.0,1.172,1.172,0.48904784755001235,0.0,-2.0,5.0,7.0,2.2408205184138867
Li1.5La0.5Ti1.5(PO4)3,-3.55129368009492,643,test,298.0,5,1.0807686565434762,0.6486486486486487,0.02702702702702703,0.6486486486486487,0.0,0.0,0.0,0.0,0.08108108108108109,0.0,0.02702702702702703,0.0,0.0,0.0,0.0,0.0,0.0,0.0,0.0,0.0,0.0,0.0,0.0,0.0,0.08108108108108109,0.0,0.0,0.0,0.0,0.0,0.0,0.0,0.0,0.0,0.0,0.0,0.0,0.0,0.0,0.0,0.0,0.0,0.0,0.0,0.0,0.0,0.16216216216216217,0.0,0.0,0.0,0.0,0.0,0.0,0.0,0.0,0.0,0.6486486486486487,0.0,2.820540540540541,0.98,3.44,2.46,0.894991909810773,23.59885518918919,6.941,138.90547,131.96447,21.814496270156507,0.8351351351351352,0.6,1.95,1.35,0.36109160042938887,86.10810810810811,12.0,101.0,89.0,27.708700734981154,2.4324324324324325,2.0,6.0,4.0,0.8555238806132116,13.297297297297296,1.0,16.0,15.0,5.22915354043579,1.1401268923243244,0.075545,1.461112979,1.385567979,0.46379767447699183,0.26289189189189194,0.0,1.172,1.172,0.37623464863720285,-0.5405405405405405,-2.0,4.0,6.0,2.0915263781981825
Li1.6Al0.6Ge1.4(PO4)3,-3.54668165995296,644,train,298.0,5,1.0935224287157355,0.6451612903225806,0.03225806451612903,0.6451612903225806,0.0,0.0,0.0,0.0,0.08602150537634408,0.0,0.0,0.0,0.0,0.0,0.0,0.0,0.0,0.0,0.0,0.0,0.0,0.0,0.0,0.0,0.0,0.0,0.0,0.03225806451612903,0.0,0.0,0.0,0.0,0.0,0.0,0.0,0.0,0.0,0.0,0.0,0.0,0.07526881720430106,0.0,0.0,0.0,0.0,0.0,0.16129032258064516,0.0,0.0,0.0,0.0,0.0,0.0,0.0,0.0,0.0,0.6451612903225806,0.0,2.8601075268817207,0.98,3.44,2.46,0.8356164354221662,22.252935976344087,6.941,72.64,65.699,15.795027968198312,0.8075268817204302,0.6,1.45,0.85,0.30053234457806394,89.61290322580646,12.0,101.0,89.0,24.64152987939439,2.3440860215053765,2.0,4.0,2.0,0.6133746536323296,14.301075268817206,1.0,16.0,15.0,4.1498411583452075,1.2229843982903226,0.432835,1.461112979,1.0282779789999998,0.35328797852777394,0.24586021505376343,0.0,0.9,0.9,0.34255650476205013,-0.788530465949821,-2.0,3.0,5.0,1.6782998638688702
Li1.45Al0.45Ti1.55(PO4),-3.537602002,645,train,298.0,5,1.3763071181795017,0.4733727810650887,0.05325443786982248,0.4733727810650887,0.0,0.0,0.0,0.0,0.17159763313609466,0.0,0.0,0.0,0.0,0.0,0.0,0.0,0.0,0.0,0.0,0.0,0.0,0.0,0.0,0.0,0.1834319526627219,0.0,0.0,0.05325443786982248,0.0,0.0,0.0,0.0,0.0,0.0,0.0,0.0,0.0,0.0,0.0,0.0,0.0,0.0,0.0,0.0,0.0,0.0,0.11834319526627217,0.0,0.0,0.0,0.0,0.0,0.0,0.0,0.0,0.0,0.4733727810650887,0.0,2.4239644970414203,0.98,3.44,2.46,1.015655685807115,22.647497558579882,6.941,47.867,40.925999999999995,13.75229194344716,0.9745562130177515,0.6,1.45,0.85,0.3775159522157637,74.13609467455622,12.0,101.0,89.0,33.674026461372485,2.5384615384615388,2.0,4.0,2.0,0.7844645405527362,10.946745562130177,1.0,16.0,15.0,6.331344356556266,0.922970756804734,0.075545,1.461112979,1.385567979,0.5488573942662951,0.41169625246548336,0.0,0.9,0.9,0.4032529820925012,0.31558185404339273,-2.0,4.0,6.0,2.389231912600534
(LiI)0.3((Li2S)0.3((Ga2S3)0.1(GeS2)0.9)0.7)0.7,-3.536107011,646,train,298.0,5,1.3580241969107674,0.4428162973552537,0.03502501786990707,0.5500357398141529,0.0,0.0,0.0,0.0,0.2573266619013581,0.0,0.0,0.0,0.0,0.0,0.0,0.0,0.0,0.0,0.0,0.0,0.0,0.0,0.0,0.0,0.0,0.0,0.0,0.0,0.0,0.0,0.0,0.0,0.0,0.03502501786990707,0.0,0.0,0.0,0.0,0.0,0.0,0.15761258041458182,0.0,0.0,0.0,0.0,0.0,0.0,0.0,0.0,0.0,0.0,0.4428162973552537,0.1072194424588992,0.0,0.0,0.0,0.0,0.0,2.060046461758399,0.98,2.66,1.6800000000000002,0.6790179949316655,43.48266261615439,6.941,126.90447,119.96347,36.13316702744786,1.2085954253037885,1.0,1.45,0.44999999999999996,0.19686225198088006,71.18942101501072,12.0,97.0,85.0,35.108224421606685,3.14974982130093,2.0,5.0,3.0,0.9254280204542025,11.827019299499641,1.0,17.0,16.0,6.444969039956943,1.6116390845150108,0.30116615,3.059046537,2.757880387,0.810793652033751,0.6820514653323803,0.47,0.9,0.43000000000000005,0.19434042387898603,1.8961758398856328,0.6666666666666666,3.0,2.3333333333333335,0.8830038976724739
Li0.6Zr1.6Nb0.4(PO4)3,-3.534617149,647,train,473.0,5,0.9818926064052282,0.6818181818181818,0.022727272727272728,0.6818181818181818,0.0,0.0,0.0,0.0,0.03409090909090909,0.0,0.0,0.0,0.0,0.0,0.0,0.0,0.0,0.0,0.0,0.0,0.0,0.09090909090909091,0.0,0.0,0.0,0.0,0.022727272727272728,0.0,0.0,0.0,0.0,0.0,0.0,0.0,0.0,0.0,0.0,0.0,0.0,0.0,0.0,0.0,0.0,0.0,0.0,0.0,0.17045454545454544,0.0,0.0,0.0,0.0,0.0,0.0,0.0,0.0,0.0,0.6818181818181818,0.0,2.9094318181818184,0.98,3.44,2.46,0.8202554451823162,26.82952488636364,6.941,92.90638,85.96538,23.92869759904934,0.8028409090909091,0.6,1.55,0.9500000000000001,0.3304918815659346,90.27272727272728,12.0,101.0,89.0,21.76617855586092,2.5113636363636367,2.0,5.0,3.0,0.9652404102537238,13.977272727272728,1.0,16.0,15.0,4.426103541715159,1.2047862392045456,0.433289,1.461112979,1.0278239789999999,0.3851020620638109,0.22125000000000003,0.0,0.9,0.9,0.3357718804215418,-0.5681818181818182,-2.0,5.0,7.0,2.2214286346996075
Li1.4In0.4Ti1.6(PO4)3,-3.522878745,648,train,298.0,5,1.0660861369642038,0.6521739130434783,0.02173913043478261,0.6521739130434783,0.0,0.0,0.0,0.0,0.07608695652173914,0.0,0.0,0.0,0.0,0.0,0.0,0.0,0.0,0.0,0.0,0.0,0.0,0.0,0.0,0.0,0.08695652173913045,0.0,0.0,0.0,0.0,0.0,0.0,0.0,0.02173913043478261,0.0,0.0,0.0,0.0,0.0,0.0,0.0,0.0,0.0,0.0,0.0,0.0,0.0,0.16304347826086957,0.0,0.0,0.0,0.0,0.0,0.0,0.0,0.0,0.0,0.6521739130434783,0.0,2.847717391304348,0.98,3.44,2.46,0.8591984425094042,22.67097206521739,6.941,114.818,107.877,17.2883252552113,0.8201086956521739,0.6,1.55,0.9500000000000001,0.3284565174226706,87.60869565217394,12.0,101.0,89.0,25.90364944984424,2.4021739130434785,2.0,5.0,3.0,0.7380907009289113,13.58695652173913,1.0,16.0,15.0,4.917033777799649,1.1365703470652173,0.075545,1.461112979,1.385567979,0.4734461556380712,0.2526449275362319,0.0,0.94,0.94,0.35972632446474845,-0.5434782608695652,-2.0,4.0,6.0,2.1045828710510817
(Li2S)0.75(P2S5)0.25,-3.522878745,649,train,317.2,3,0.9743147528693494,0.5,0.125,0.5,0.0,0.0,0.0,0.0,0.375,0.0,0.0,0.0,0.0,0.0,0.0,0.0,0.0,0.0,0.0,0.0,0.0,0.0,0.0,0.0,0.0,0.0,0.0,0.0,0.0,0.0,0.0,0.0,0.0,0.0,0.0,0.0,0.0,0.0,0.0,0.0,0.0,0.0,0.0,0.0,0.0,0.0,0.125,0.0,0.0,0.0,0.0,0.5,0.0,0.0,0.0,0.0,0.0,0.0,1.93125,0.98,2.58,1.6,0.7470849600279743,22.50709525,6.941,32.065,25.124,12.062382552236848,1.16875,1.0,1.45,0.44999999999999996,0.21785531322416718,62.75,12.0,94.0,82.0,39.33112635051277,2.625,2.0,3.0,1.0,0.4841229182759271,10.25,1.0,16.0,15.0,7.171994143890526,1.36364672625,0.61804922,2.07710426,1.45905504,0.7145425944008401,0.64125,0.47,0.9,0.43000000000000005,0.20201717129986752,1.8333333333333335,1.0,2.5,1.5,0.6972166887783963
((Li2S)0.6(SiS2)0.4)95(Li4SiO4)5,-3.518557371,650,train,320.0,4,1.1676586614519853,0.40606060606060607,0.06060606060606061,0.4636363636363636,0.0,0.0,0.0,0.0,0.40606060606060607,0.0,0.0,0.0,0.0,0.0,0.0,0.0,0.0,0.0,0.0,0.0,0.0,0.0,0.0,0.0,0.0,0.0,0.0,0.0,0.0,0.0,0.0,0.0,0.0,0.0,0.0,0.0,0.1303030303030303,0.0,0.0,0.0,0.0,0.0,0.0,0.0,0.0,0.0,0.0,0.0,0.0,0.0,0.0,0.403030303030303,0.0,0.0,0.0,0.0,0.06060606060606061,0.0,1.8938181818181818,0.98,3.44,2.46,0.8208203381667692,20.370919696969697,6.941,32.065,25.124,11.71607246967225,1.1715151515151514,0.6,1.45,0.85,0.2526060678764612,59.95454545454545,12.0,101.0,89.0,39.80933034313873,2.5333333333333337,2.0,3.0,1.0,0.49888765156985887,9.648484848484848,1.0,16.0,15.0,7.1793526006821775,1.3577125353939394,0.61804922,2.07710426,1.45905504,0.6568975208990835,0.6252424242424243,0.0,0.9,0.9,0.25496423163319376,1.2924242424242425,-2.0,2.5,4.5,1.2235455937636184
Li6.4Al0.19La3Zr2O11.8,-3.508638306,651,test,297.85,5,1.2125704913471256,0.5044890979050877,0.008123129542539546,0.5044890979050877,0.0,0.0,0.0,0.0,0.2736212056434374,0.0,0.12825994014536127,0.0,0.0,0.0,0.0,0.0,0.0,0.0,0.0,0.0,0.0,0.08550662676357418,0.0,0.0,0.0,0.0,0.0,0.008123129542539546,0.0,0.0,0.0,0.0,0.0,0.0,0.0,0.0,0.0,0.0,0.0,0.0,0.0,0.0,0.0,0.0,0.0,0.0,0.0,0.0,0.0,0.0,0.0,0.0,0.0,0.0,0.0,0.0,0.5044890979050877,0.0,2.27147926464301,0.98,3.44,2.46,1.183466564340389,35.806165982642156,6.941,138.90547,131.96447,45.30414452462389,1.0922402736212056,0.6,1.95,1.35,0.5193710888213491,63.309106455750324,12.0,101.0,89.0,39.68143515381998,2.7776827704147076,2.0,6.0,4.0,1.4916605918708832,9.177853783668233,1.0,16.0,15.0,7.006074833825798,1.0183028392560922,0.432835,1.461112979,1.0282779789999998,0.4494808099371219,0.475598546387345,0.0,1.172,1.172,0.48842277068356843,0.015818725951261214,-2.0,4.0,6.0,2.210629100636595
Li0.5La0.5TiO3,-3.508638306,652,train,363.0,4,1.0888999753452238,0.6,0.1,0.6,0.0,0.0,0.0,0.0,0.1,0.0,0.1,0.0,0.0,0.0,0.0,0.0,0.0,0.0,0.0,0.0,0.0,0.0,0.0,0.0,0.2,0.0,0.0,0.0,0.0,0.0,0.0,0.0,0.0,0.0,0.0,0.0,0.0,0.0,0.0,0.0,0.0,0.0,0.0,0.0,0.0,0.0,0.0,0.0,0.0,0.0,0.0,0.0,0.0,0.0,0.0,0.0,0.6,0.0,2.58,0.98,3.44,2.46,1.0654201049351377,33.757687000000004,6.941,138.90547,131.96447,37.50396904486405,0.98,0.6,1.95,1.35,0.48795491595023405,75.3,12.0,101.0,89.0,33.0758219852508,2.8,2.0,6.0,4.0,1.3266499161421599,10.8,1.0,16.0,15.0,6.4156059729381765,1.0093363294,0.075545,1.461112979,1.385567979,0.5766944826746587,0.37753333333333333,0.0,1.172,1.172,0.4699938344749263,1.1102230246251565e-16,-2.0,4.0,6.0,2.569046515733026
Li6.6La3Zr1.8Mo0.2O12,-3.50723961097316,653,train,298.0,5,1.1991490526497408,0.5084745762711865,0.008474576271186442,0.5084745762711865,0.0,0.0,0.0,0.0,0.2796610169491526,0.0,0.12711864406779663,0.0,0.0,0.0,0.0,0.0,0.0,0.0,0.0,0.0,0.0,0.07627118644067797,0.0,0.0,0.0,0.0,0.0,0.0,0.0,0.0,0.0,0.0,0.0,0.0,0.0,0.0,0.0,0.0,0.0,0.0,0.0,0.0,0.0,0.0,0.0,0.008474576271186442,0.0,0.0,0.0,0.0,0.0,0.0,0.0,0.0,0.0,0.0,0.5084745762711865,0.0,2.2827966101694916,0.98,3.44,2.46,1.184389913460577,35.50470381355933,6.941,138.90547,131.96447,45.26022544419104,1.0889830508474578,0.6,1.95,1.35,0.5192128818335296,63.11864406779662,12.0,101.0,89.0,39.89226370170279,2.76271186440678,2.0,6.0,4.0,1.4882475537976403,9.152542372881356,1.0,16.0,15.0,7.024927912826432,1.0260375847457628,0.433289,1.461112979,1.0278239789999999,0.4451488462368,0.4728389830508475,0.0,1.172,1.172,0.48893462476478494,-0.008474576271186474,-2.0,5.0,7.0,2.211279876006563
Li9.2Ba0.4GeP2S12,-3.5003129173816,654,train,298.0,5,1.119196446225627,0.48780487804878053,0.016260162601626018,0.48780487804878053,0.0,0.016260162601626018,0.0,0.0,0.37398373983739835,0.0,0.0,0.0,0.0,0.0,0.0,0.0,0.0,0.0,0.0,0.0,0.0,0.0,0.0,0.0,0.0,0.0,0.0,0.0,0.0,0.0,0.0,0.0,0.0,0.0,0.0,0.0,0.0,0.0,0.0,0.0,0.04065040650406505,0.0,0.0,0.0,0.0,0.0,0.0813008130081301,0.0,0.0,0.0,0.0,0.48780487804878053,0.0,0.0,0.0,0.0,0.0,0.0,1.899268292682927,0.89,2.58,1.69,0.7523407059139722,25.941281463414636,6.941,137.327,130.386,21.11277393950563,1.1971544715447155,1.0,2.15,1.15,0.24679249809131482,61.300813008130085,12.0,94.0,82.0,39.43172239512668,2.715447154471545,2.0,6.0,4.0,0.6928241391996649,10.0,1.0,16.0,15.0,7.18172930235871,1.3575223161382115,0.144626,2.07710426,1.9324782600000001,0.7155300979464543,0.6660975609756098,0.47,1.49,1.02,0.22757696507929262,1.788617886178862,0.6666666666666666,2.5,1.8333333333333335,0.7297625465274515
Li6.6La2.875Y0.125Zr1.6Ta0.4O12,-3.498940738,655,train,300.0,6,1.2360242441980889,0.5084745762711864,0.005296610169491525,0.5084745762711864,0.0,0.0,0.0,0.0,0.2796610169491525,0.0,0.12182203389830508,0.0,0.0,0.0,0.0,0.0,0.005296610169491525,0.0,0.0,0.0,0.0,0.06779661016949153,0.0,0.01694915254237288,0.0,0.0,0.0,0.0,0.0,0.0,0.0,0.0,0.0,0.0,0.0,0.0,0.0,0.0,0.0,0.0,0.0,0.0,0.0,0.0,0.0,0.0,0.0,0.0,0.0,0.0,0.0,0.0,0.0,0.0,0.0,0.0,0.5084745762711864,0.0,2.2792796610169495,0.98,3.44,2.46,1.1848647880064258,36.72065294491525,6.941,180.94788,174.00688,48.02872247379801,1.087341101694915,0.6,1.95,1.35,0.517333271845247,63.06779661016949,12.0,101.0,89.0,39.928161934705386,2.774364406779661,2.0,6.0,4.0,1.5094826039456295,9.152542372881355,1.0,16.0,15.0,7.02372145147183,1.020302692457627,0.3112922,1.461112979,1.149820779,0.45196228713377634,0.4721822033898305,0.0,1.172,1.172,0.4880266219696188,-5.551115123125783e-17,-2.0,5.0,7.0,2.2284751950415003
Li6.2La3Zr1.2Ta0.8O12,-3.494850022,656,train,298.0,5,1.2274629122378593,0.5172413793103449,0.034482758620689655,0.5172413793103449,0.0,0.0,0.0,0.0,0.26724137931034486,0.0,0.12931034482758622,0.0,0.0,0.0,0.0,0.0,0.0,0.0,0.0,0.0,0.0,0.05172413793103448,0.0,0.034482758620689655,0.0,0.0,0.0,0.0,0.0,0.0,0.0,0.0,0.0,0.0,0.0,0.0,0.0,0.0,0.0,0.0,0.0,0.0,0.0,0.0,0.0,0.0,0.0,0.0,0.0,0.0,0.0,0.0,0.0,0.0,0.0,0.0,0.5172413793103449,0.0,2.3039655172413798,0.98,3.44,2.46,1.181006204041009,39.05045318965518,6.941,180.94788,174.00688,51.71873104063134,1.0801724137931035,0.6,1.95,1.35,0.5194028115233027,64.04310344827587,12.0,101.0,89.0,39.64332187997058,2.8103448275862073,2.0,6.0,4.0,1.558700791350285,9.310344827586208,1.0,16.0,15.0,6.989417854876002,1.0267643834482758,0.32885923,1.461112979,1.132253749,0.45354981981077663,0.4648275862068966,0.0,1.172,1.172,0.48934735346423347,2.7755575615628914e-17,-2.0,5.0,7.0,2.278081467466384
Li1.3Ti2Si0.3P2.7O12,-3.49485002168009,657,train,298.0,5,1.0562543031143907,0.6557377049180328,0.01639344262295082,0.6557377049180328,0.0,0.0,0.0,0.0,0.07103825136612023,0.0,0.0,0.0,0.0,0.0,0.0,0.0,0.0,0.0,0.0,0.0,0.0,0.0,0.0,0.0,0.10928961748633881,0.0,0.0,0.0,0.0,0.0,0.0,0.0,0.0,0.0,0.0,0.0,0.01639344262295082,0.0,0.0,0.0,0.0,0.0,0.0,0.0,0.0,0.0,0.1475409836065574,0.0,0.0,0.0,0.0,0.0,0.0,0.0,0.0,0.0,0.6557377049180328,0.0,2.8479234972677596,0.98,3.44,2.46,0.8621412247509636,21.24616980327869,6.941,47.867,40.925999999999995,11.169906964733542,0.8150273224043716,0.6,1.45,0.85,0.32052872017289186,87.327868852459,12.0,101.0,89.0,25.904440603865467,2.3825136612021858,2.0,4.0,2.0,0.6743709625781369,13.442622950819676,1.0,16.0,15.0,5.039270667252744,1.1432027713114752,0.075545,1.461112979,1.385567979,0.48440074197656235,0.24701275045537346,0.0,0.9,0.9,0.3538486488051448,-0.5573770491803278,-2.0,4.0,6.0,2.1311475409836067
Li6.75La3Zr1.875Te0.125O12,-3.48148606012211,658,test,298.0,5,1.1918840203696075,0.5052631578947369,0.005263157894736842,0.5052631578947369,0.0,0.0,0.0,0.0,0.28421052631578947,0.0,0.12631578947368421,0.0,0.0,0.0,0.0,0.0,0.0,0.0,0.0,0.0,0.0,0.07894736842105263,0.0,0.0,0.0,0.0,0.0,0.0,0.0,0.0,0.0,0.0,0.0,0.0,0.0,0.0,0.0,0.0,0.0,0.0,0.0,0.0,0.0,0.0,0.005263157894736842,0.0,0.0,0.0,0.0,0.0,0.0,0.0,0.0,0.0,0.0,0.0,0.5052631578947369,0.0,2.2716315789473684,0.98,3.44,2.46,1.1863517588998953,35.47604042105263,6.941,138.90547,131.96447,45.435546564046504,1.0913157894736842,0.6,1.95,1.35,0.5184398206594757,62.96315789473685,12.0,101.0,89.0,40.03016902453653,2.7578947368421054,2.0,6.0,4.0,1.484770331158354,9.147368421052633,1.0,16.0,15.0,7.0501488167236674,1.0289095966526316,0.433289,1.9708757,1.5375866999999999,0.4506689541002933,0.4764894736842106,0.0,1.172,1.172,0.48925840486526334,-0.01842105263157895,-2.0,4.0,6.0,2.1766530636637493
Li3.6Ge0.4P0.6S4,-3.48148606,659,test,313.0,4,1.0490264333601902,0.46511627906976744,0.04651162790697675,0.46511627906976744,0.0,0.0,0.0,0.0,0.4186046511627907,0.0,0.0,0.0,0.0,0.0,0.0,0.0,0.0,0.0,0.0,0.0,0.0,0.0,0.0,0.0,0.0,0.0,0.0,0.0,0.0,0.0,0.0,0.0,0.0,0.0,0.0,0.0,0.0,0.0,0.0,0.0,0.04651162790697675,0.0,0.0,0.0,0.0,0.0,0.06976744186046512,0.0,0.0,0.0,0.0,0.46511627906976744,0.0,0.0,0.0,0.0,0.0,0.0,1.8565116279069767,0.98,2.58,1.6,0.7575722660161768,23.359053162790698,6.941,72.64,65.699,16.281670015215926,1.2,1.0,1.45,0.44999999999999996,0.2183447242427697,58.93023255813954,12.0,94.0,82.0,39.88203264444898,2.6279069767441863,2.0,4.0,2.0,0.5715444524392794,9.558139534883722,1.0,16.0,15.0,7.276282994296481,1.3342360771162791,0.61804922,2.07710426,1.45905504,0.7042434979354362,0.6695348837209303,0.47,0.9,0.43000000000000005,0.2054711374329975,1.7286821705426356,0.6666666666666666,2.5,1.8333333333333335,0.7427715886021525
Li6.5La3Zr1.75Mo0.25O12,-3.47755576649368,660,train,298.0,5,1.2032053210680838,0.5106382978723404,0.010638297872340425,0.5106382978723404,0.0,0.0,0.0,0.0,0.2765957446808511,0.0,0.1276595744680851,0.0,0.0,0.0,0.0,0.0,0.0,0.0,0.0,0.0,0.0,0.07446808510638298,0.0,0.0,0.0,0.0,0.0,0.0,0.0,0.0,0.0,0.0,0.0,0.0,0.0,0.0,0.0,0.0,0.0,0.0,0.0,0.0,0.0,0.0,0.0,0.010638297872340425,0.0,0.0,0.0,0.0,0.0,0.0,0.0,0.0,0.0,0.0,0.5106382978723404,0.0,2.290106382978723,0.98,3.44,2.46,1.1830356684977765,35.636285531914886,6.941,138.90547,131.96447,45.330798714183494,1.0872340425531912,0.6,1.95,1.35,0.5196119752262753,63.35106382978723,12.0,101.0,89.0,39.833084572097114,2.7659574468085104,2.0,6.0,4.0,1.49057701175634,9.191489361702127,1.0,16.0,15.0,7.017116756121118,1.028441682042553,0.433289,1.461112979,1.0278239789999999,0.44463968354311,0.47084042553191496,0.0,1.172,1.172,0.48904930141739306,-0.010638297872340385,-2.0,5.0,7.0,2.2193284438117753
Li6Sr0.5Ba0.5La2Ta2O12,-3.477555766,661,train,373.0,6,1.2811951657333163,0.5217391304347826,0.021739130434782608,0.5217391304347826,0.0,0.021739130434782608,0.0,0.021739130434782608,0.2608695652173913,0.0,0.08695652173913043,0.0,0.0,0.0,0.0,0.0,0.0,0.0,0.0,0.0,0.0,0.0,0.0,0.08695652173913043,0.0,0.0,0.0,0.0,0.0,0.0,0.0,0.0,0.0,0.0,0.0,0.0,0.0,0.0,0.0,0.0,0.0,0.0,0.0,0.0,0.0,0.0,0.0,0.0,0.0,0.0,0.0,0.0,0.0,0.0,0.0,0.0,0.5217391304347826,0.0,2.316521739130435,0.89,3.44,2.55,1.181535878480254,42.861695652173914,6.941,180.94788,174.00688,58.40215710486109,1.077173913043478,0.6,2.15,1.5499999999999998,0.5262362795628656,63.847826086956516,12.0,101.0,89.0,40.27728208054562,2.847826086956522,2.0,6.0,4.0,1.6147067482356454,9.391304347826086,1.0,16.0,15.0,6.982830685734351,1.004904692521739,0.052066,1.461112979,1.409046979,0.4905090357444173,0.46908695652173915,0.0,1.49,1.49,0.5052867815102609,5.551115123125783e-17,-2.0,5.0,7.0,2.3405684928164816
Li2CrHf(PO4)3,-3.474955193,662,train,573.0,5,1.1285962936622183,0.631578947368421,0.05263157894736842,0.631578947368421,0.0,0.0,0.0,0.0,0.10526315789473684,0.0,0.0,0.0,0.0,0.0,0.0,0.0,0.0,0.0,0.0,0.05263157894736842,0.0,0.0,0.0,0.0,0.0,0.0,0.0,0.0,0.0,0.0,0.05263157894736842,0.0,0.0,0.0,0.0,0.0,0.0,0.0,0.0,0.0,0.0,0.0,0.0,0.0,0.0,0.0,0.15789473684210525,0.0,0.0,0.0,0.0,0.0,0.0,0.0,0.0,0.0,0.631578947368421,0.0,2.7773684210526315,0.98,3.44,2.46,0.9232713127231382,27.856957157894737,6.941,178.49,171.549,36.895535102138155,0.844736842105263,0.6,1.55,0.9500000000000001,0.3501483658627347,84.89473684210526,12.0,101.0,89.0,28.849691664578916,2.473684210526316,2.0,6.0,4.0,0.9930506454796424,13.105263157894736,1.0,16.0,15.0,5.320217020129371,1.1506989362105262,0.17807,1.461112979,1.283042979,0.4220871680912005,0.27578947368421053,0.0,0.94,0.94,0.3761622800625127,-0.4473684210526316,-2.0,4.5,6.5,2.1858480439599344
LiFeTa(PO4)3,-3.474955193,663,test,623.0,5,1.0506652765928128,0.6666666666666666,0.05555555555555555,0.6666666666666666,0.0,0.0,0.0,0.0,0.05555555555555555,0.0,0.0,0.0,0.0,0.0,0.0,0.0,0.0,0.0,0.0,0.0,0.0,0.0,0.0,0.05555555555555555,0.0,0.0,0.0,0.0,0.0,0.0,0.0,0.0,0.0,0.0,0.05555555555555555,0.0,0.0,0.0,0.0,0.0,0.0,0.0,0.0,0.0,0.0,0.0,0.16666666666666666,0.0,0.0,0.0,0.0,0.0,0.0,0.0,0.0,0.0,0.6666666666666666,0.0,2.897777777777778,0.98,3.44,2.46,0.8097568603225948,29.369331444444445,6.941,180.94788,174.00688,38.24833391667533,0.8055555555555557,0.6,1.45,0.85,0.31661792997277793,89.27777777777779,12.0,101.0,89.0,23.347151992755766,2.5000000000000004,2.0,6.0,4.0,1.0137937550497034,13.944444444444446,1.0,16.0,15.0,4.326561660541675,1.1596293265555557,0.15323635,1.461112979,1.307876629,0.44713784840382964,0.23458333333333337,0.0,0.9,0.9,0.3436833268674328,-0.5833333333333334,-2.0,5.0,7.0,2.140331403899527
La0.64Li0.08TiO3,-3.47495519296315,664,train,298.0,4,0.9568607426530825,0.6355932203389831,0.01694915254237288,0.6355932203389831,0.0,0.0,0.0,0.0,0.01694915254237288,0.0,0.13559322033898305,0.0,0.0,0.0,0.0,0.0,0.0,0.0,0.0,0.0,0.0,0.0,0.0,0.0,0.21186440677966104,0.0,0.0,0.0,0.0,0.0,0.0,0.0,0.0,0.0,0.0,0.0,0.0,0.0,0.0,0.0,0.0,0.0,0.0,0.0,0.0,0.0,0.0,0.0,0.0,0.0,0.0,0.0,0.0,0.0,0.0,0.0,0.6355932203389831,0.0,2.6784745762711863,0.98,3.44,2.46,1.0148562786438218,39.262707796610165,6.941,138.90547,131.96447,41.516560344315785,0.9669491525423727,0.6,1.95,1.35,0.5102018684472631,79.67796610169492,12.0,101.0,89.0,28.918319030059035,2.966101694915254,2.0,6.0,4.0,1.4434668917658782,11.440677966101694,1.0,16.0,15.0,6.03737283317857,1.0307536954661016,0.075545,1.461112979,1.385567979,0.5867515432592659,0.35460734463276833,0.0,1.172,1.172,0.4773929487899278,-1.1102230246251563e-16,-2.0,4.0,6.0,2.6775906194606613
Li7La3Zr1.89Al0.15O12,-3.468521083,665,train,298.0,5,1.1974125407793248,0.49916805324459235,0.006239600665557404,0.49916805324459235,0.0,0.0,0.0,0.0,0.2911813643926789,0.0,0.12479201331114809,0.0,0.0,0.0,0.0,0.0,0.0,0.0,0.0,0.0,0.0,0.0786189683860233,0.0,0.0,0.0,0.0,0.0,0.006239600665557404,0.0,0.0,0.0,0.0,0.0,0.0,0.0,0.0,0.0,0.0,0.0,0.0,0.0,0.0,0.0,0.0,0.0,0.0,0.0,0.0,0.0,0.0,0.0,0.0,0.0,0.0,0.0,0.0,0.49916805324459235,0.0,2.2543760399334443,0.98,3.44,2.46,1.187701741171434,34.68206326081531,6.941,138.90547,131.96447,44.78374340903153,1.0947171381031613,0.6,1.95,1.35,0.5163882101189757,62.3797836938436,12.0,101.0,89.0,40.09117239218837,2.7412645590682194,2.0,6.0,4.0,1.4700372044909389,9.04783693843594,1.0,16.0,15.0,7.046302140622298,1.015648100998336,0.432835,1.461112979,1.0282779789999998,0.4472769764131434,0.4801435108153079,0.0,1.172,1.172,0.4875663381156945,0.0004159733777038821,-2.0,4.0,6.0,2.173716040402683
Li0.27La0.57TiO3,-3.46852108295774,666,train,298.0,4,1.0351979673687892,0.6198347107438017,0.05578512396694216,0.6198347107438017,0.0,0.0,0.0,0.0,0.05578512396694216,0.0,0.11776859504132231,0.0,0.0,0.0,0.0,0.0,0.0,0.0,0.0,0.0,0.0,0.0,0.0,0.0,0.2066115702479339,0.0,0.0,0.0,0.0,0.0,0.0,0.0,0.0,0.0,0.0,0.0,0.0,0.0,0.0,0.0,0.0,0.0,0.0,0.0,0.0,0.0,0.0,0.0,0.0,0.0,0.0,0.0,0.0,0.0,0.0,0.0,0.6198347107438017,0.0,2.634628099173554,0.98,3.44,2.46,1.0390798069257479,36.55276609504132,6.941,138.90547,131.96447,39.635344771889024,0.971694214876033,0.6,1.95,1.35,0.49901185568610756,77.69628099173553,12.0,101.0,89.0,30.98227810243965,2.884297520661157,2.0,6.0,4.0,1.3887986522910452,11.152892561983471,1.0,16.0,15.0,6.221909759436629,1.0213963967768596,0.075545,1.461112979,1.385567979,0.5823244230232557,0.3641955922865014,0.0,1.172,1.172,0.473471658811532,-0.004132231404958775,-2.0,4.0,6.0,2.626939163921503
Li6.2La3Zr1.6Mo0.4O12,-3.46852108295774,667,train,298.0,5,1.2125828050420775,0.5172413793103449,0.017241379310344827,0.5172413793103449,0.0,0.0,0.0,0.0,0.26724137931034486,0.0,0.12931034482758622,0.0,0.0,0.0,0.0,0.0,0.0,0.0,0.0,0.0,0.0,0.06896551724137931,0.0,0.0,0.0,0.0,0.0,0.0,0.0,0.0,0.0,0.0,0.0,0.0,0.0,0.0,0.0,0.0,0.0,0.0,0.0,0.0,0.0,0.0,0.0,0.017241379310344827,0.0,0.0,0.0,0.0,0.0,0.0,0.0,0.0,0.0,0.0,0.5172413793103449,0.0,2.312413793103448,0.98,3.44,2.46,1.1786130223111717,36.03783663793104,6.941,138.90547,131.96447,45.54314256384457,1.0818965517241381,0.6,1.95,1.35,0.5207916947287603,64.0603448275862,12.0,101.0,89.0,39.64351684030191,2.775862068965518,2.0,6.0,4.0,1.497619990567515,9.310344827586208,1.0,16.0,15.0,6.991884203037129,1.0357783237931033,0.433289,1.461112979,1.0278239789999999,0.4430015903161811,0.4647413793103448,0.0,1.172,1.172,0.48934863674864026,-0.017241379310344862,-2.0,5.0,7.0,2.2436990648168855
Li5La3Ta2O12,-3.46470588,668,train,402.0,4,1.1570333357787375,0.5454545454545454,0.09090909090909091,0.5454545454545454,0.0,0.0,0.0,0.0,0.22727272727272727,0.0,0.13636363636363635,0.0,0.0,0.0,0.0,0.0,0.0,0.0,0.0,0.0,0.0,0.0,0.0,0.09090909090909091,0.0,0.0,0.0,0.0,0.0,0.0,0.0,0.0,0.0,0.0,0.0,0.0,0.0,0.0,0.0,0.0,0.0,0.0,0.0,0.0,0.0,0.0,0.0,0.0,0.0,0.0,0.0,0.0,0.0,0.0,0.0,0.0,0.5454545454545454,0.0,2.3854545454545453,0.98,3.44,2.46,1.1628051008141211,45.695907727272726,6.941,180.94788,174.00688,60.58148709257196,1.0545454545454545,0.6,1.95,1.35,0.5213420380720866,67.04545454545455,12.0,101.0,89.0,38.679895262534785,2.9090909090909087,2.0,6.0,4.0,1.6762808104168887,9.818181818181818,1.0,16.0,15.0,6.853243184708997,1.0433617685454544,0.32885923,1.461112979,1.132253749,0.4635693907499046,0.43890909090909086,0.0,1.172,1.172,0.4897794410001774,1.1102230246251565e-16,-2.0,5.0,7.0,2.4308621740219887
Li1.4Al0.4Ge1.2Ti0.4(PO4)3,-3.46470588,669,train,298.0,6,1.1149848451919264,0.6521739130434783,0.02173913043478261,0.6521739130434783,0.0,0.0,0.0,0.0,0.07608695652173914,0.0,0.0,0.0,0.0,0.0,0.0,0.0,0.0,0.0,0.0,0.0,0.0,0.0,0.0,0.0,0.02173913043478261,0.0,0.0,0.02173913043478261,0.0,0.0,0.0,0.0,0.0,0.0,0.0,0.0,0.0,0.0,0.0,0.0,0.06521739130434782,0.0,0.0,0.0,0.0,0.0,0.16304347826086957,0.0,0.0,0.0,0.0,0.0,0.0,0.0,0.0,0.0,0.6521739130434783,0.0,2.8746739130434777,0.98,3.44,2.46,0.8247746083245179,22.37711420869565,6.941,72.64,65.699,15.364053577689845,0.8038043478260868,0.6,1.45,0.85,0.30029276436325014,89.78260869565216,12.0,101.0,89.0,24.070018373467327,2.3586956521739126,2.0,4.0,2.0,0.6355675611323355,14.239130434782606,1.0,16.0,15.0,4.215317733182449,1.213098678347826,0.075545,1.461112979,1.385567979,0.3793790643275934,0.2415579710144927,0.0,0.9,0.9,0.34196680033751997,-0.760869565217391,-2.0,4.0,6.0,1.769526047353395
Li6.25La3Zr2Ga0.25O12,-3.455931956,670,train,298.0,5,1.2162314176298075,0.5106382978723404,0.010638297872340425,0.5106382978723404,0.0,0.0,0.0,0.0,0.26595744680851063,0.0,0.1276595744680851,0.0,0.0,0.0,0.0,0.0,0.0,0.0,0.0,0.0,0.0,0.0851063829787234,0.0,0.0,0.0,0.0,0.0,0.0,0.0,0.0,0.0,0.0,0.0,0.010638297872340425,0.0,0.0,0.0,0.0,0.0,0.0,0.0,0.0,0.0,0.0,0.0,0.0,0.0,0.0,0.0,0.0,0.0,0.0,0.0,0.0,0.0,0.0,0.5106382978723404,0.0,2.290106382978724,0.98,3.44,2.46,1.1804204936691634,36.254008936170216,6.941,138.90547,131.96447,45.30216698114197,1.0867021276595747,0.6,1.95,1.35,0.5195730413662953,64.01063829787235,12.0,101.0,89.0,39.536273320878564,2.7872340425531923,2.0,6.0,4.0,1.4937624951887747,9.297872340425533,1.0,16.0,15.0,6.989094525156701,1.0217307025744682,0.30116615,1.461112979,1.159946829,0.45212998929568826,0.4702553191489362,0.0,1.172,1.172,0.48859592442561744,5.551115123125784e-17,-2.0,4.0,6.0,2.2169559348397696
Li6La3ZrTaO12,-3.45593195564972,671,train,298.0,5,1.2283084125018164,0.5217391304347827,0.04347826086956522,0.5217391304347827,0.0,0.0,0.0,0.0,0.26086956521739135,0.0,0.13043478260869568,0.0,0.0,0.0,0.0,0.0,0.0,0.0,0.0,0.0,0.0,0.04347826086956522,0.0,0.04347826086956522,0.0,0.0,0.0,0.0,0.0,0.0,0.0,0.0,0.0,0.0,0.0,0.0,0.0,0.0,0.0,0.0,0.0,0.0,0.0,0.0,0.0,0.0,0.0,0.0,0.0,0.0,0.0,0.0,0.0,0.0,0.0,0.0,0.5217391304347827,0.0,2.3169565217391304,0.98,3.44,2.46,1.1785010183633928,40.10987347826087,6.941,180.94788,174.00688,53.28615607405185,1.0760869565217388,0.6,1.95,1.35,0.5197971103390477,64.52173913043478,12.0,101.0,89.0,39.50659775962292,2.8260869565217397,2.0,6.0,4.0,1.5784465096235953,9.391304347826088,1.0,16.0,15.0,6.970366657655464,1.0294103433913042,0.32885923,1.461112979,1.132253749,0.45520247086611354,0.460695652173913,0.0,1.172,1.172,0.48950822125552557,-2.7755575615628907e-17,-2.0,5.0,7.0,2.303116980547657
Li1.2Fe0.2Ti1.8(PO4)3,-3.454692884,672,test,298.0,5,1.0294638497997786,0.6593406593406593,0.01098901098901099,0.6593406593406593,0.0,0.0,0.0,0.0,0.06593406593406594,0.0,0.0,0.0,0.0,0.0,0.0,0.0,0.0,0.0,0.0,0.0,0.0,0.0,0.0,0.0,0.09890109890109891,0.0,0.0,0.0,0.0,0.0,0.0,0.0,0.0,0.0,0.01098901098901099,0.0,0.0,0.0,0.0,0.0,0.0,0.0,0.0,0.0,0.0,0.0,0.16483516483516483,0.0,0.0,0.0,0.0,0.0,0.0,0.0,0.0,0.0,0.6593406593406593,0.0,2.8661538461538463,0.98,3.44,2.46,0.8442628219903427,21.460048681318682,6.941,55.845,48.903999999999996,11.420950184809062,0.8098901098901099,0.6,1.45,0.85,0.31668091371438367,87.93406593406594,12.0,101.0,89.0,25.225489549830737,2.3846153846153846,2.0,4.0,2.0,0.6756231274259076,13.571428571428571,1.0,16.0,15.0,4.903783820824637,1.136344528131868,0.075545,1.461112979,1.385567979,0.4839491940618735,0.2435989010989011,0.0,0.9,0.9,0.3516414040350758,-0.554945054945055,-2.0,4.0,6.0,2.122335281774087
Li0.5Sr0.5Cr0.25Ta0.75O3,-3.450004148,673,train,348.0,5,1.2013670042689852,0.6,0.05,0.6,0.0,0.0,0.0,0.1,0.1,0.0,0.0,0.0,0.0,0.0,0.0,0.0,0.0,0.0,0.0,0.0,0.0,0.0,0.0,0.15,0.0,0.0,0.0,0.0,0.0,0.0,0.05,0.0,0.0,0.0,0.0,0.0,0.0,0.0,0.0,0.0,0.0,0.0,0.0,0.0,0.0,0.0,0.0,0.0,0.0,0.0,0.0,0.0,0.0,0.0,0.0,0.0,0.6,0.0,2.5650000000000004,0.95,3.44,2.49,1.0874304575465965,48.797726999999995,6.941,180.94788,174.00688,59.928411627408664,0.9924999999999999,0.6,2.0,1.4,0.5045480651038114,73.94999999999999,12.0,101.0,89.0,35.45345540282357,3.0,2.0,6.0,4.0,1.5811388300841898,10.95,1.0,16.0,15.0,6.304561840445377,1.0268046074,0.052066,1.461112979,1.409046979,0.5514696379820324,0.392,0.0,1.32,1.32,0.4966044703785902,0.07499999999999996,-2.0,5.0,7.0,2.767105888830422
Li2.5Cr1.5Hf0.5(PO4)3,-3.449771647,674,train,573.0,5,1.1413340776195475,0.6153846153846154,0.02564102564102564,0.6153846153846154,0.0,0.0,0.0,0.0,0.1282051282051282,0.0,0.0,0.0,0.0,0.0,0.0,0.0,0.0,0.0,0.0,0.02564102564102564,0.0,0.0,0.0,0.0,0.0,0.0,0.0,0.0,0.0,0.0,0.07692307692307693,0.0,0.0,0.0,0.0,0.0,0.0,0.0,0.0,0.0,0.0,0.0,0.0,0.0,0.0,0.0,0.15384615384615385,0.0,0.0,0.0,0.0,0.0,0.0,0.0,0.0,0.0,0.6153846153846154,0.0,2.7405128205128206,0.98,3.44,2.46,0.9423890772459947,24.07721723076923,6.941,178.49,171.549,27.50354306329086,0.8564102564102564,0.6,1.55,0.9500000000000001,0.35195051502023855,83.2051282051282,12.0,101.0,89.0,30.546458510728637,2.4102564102564106,2.0,6.0,4.0,0.838739858143391,12.846153846153847,1.0,16.0,15.0,5.517052639089572,1.1498068478461538,0.17807,1.461112979,1.283042979,0.402972060010981,0.2941025641025641,0.0,0.94,0.94,0.3877926881308934,-0.3974358974358975,-2.0,4.5,6.5,2.1970633678781453
La0.55Li0.36Ti0.95Ge0.05O3,-3.443697499,675,train,298.0,5,1.1023295786432212,0.6109979633401221,0.010183299389002037,0.6109979633401221,0.0,0.0,0.0,0.0,0.07331975560081466,0.0,0.1120162932790224,0.0,0.0,0.0,0.0,0.0,0.0,0.0,0.0,0.0,0.0,0.0,0.0,0.0,0.1934826883910387,0.0,0.0,0.0,0.0,0.0,0.0,0.0,0.0,0.0,0.0,0.0,0.0,0.0,0.0,0.0,0.010183299389002037,0.0,0.0,0.0,0.0,0.0,0.0,0.0,0.0,0.0,0.0,0.0,0.0,0.0,0.0,0.0,0.6109979633401221,0.0,2.615336048879837,0.98,3.44,2.46,1.0470357922285212,35.845339816700616,6.941,138.90547,131.96447,39.158930641354885,0.974949083503055,0.6,1.95,1.35,0.4946390272359674,77.01018329938901,12.0,101.0,89.0,31.778412694915342,2.8553971486761713,2.0,6.0,4.0,1.369386856086036,11.10183299389002,1.0,16.0,15.0,6.271993214318656,1.0276758934521386,0.075545,1.461112979,1.385567979,0.572431456658845,0.36989477257298037,0.0,1.172,1.172,0.47202574762382826,-0.03190767141887297,-2.0,4.0,6.0,2.5738471349466945
Li6.4La3Zr1.7Mo0.3O12,-3.43297363384094,676,train,298.0,5,1.2067573904274058,0.5128205128205129,0.01282051282051282,0.5128205128205129,0.0,0.0,0.0,0.0,0.27350427350427353,0.0,0.12820512820512822,0.0,0.0,0.0,0.0,0.0,0.0,0.0,0.0,0.0,0.0,0.07264957264957266,0.0,0.0,0.0,0.0,0.0,0.0,0.0,0.0,0.0,0.0,0.0,0.0,0.0,0.0,0.0,0.0,0.0,0.0,0.0,0.0,0.0,0.0,0.0,0.01282051282051282,0.0,0.0,0.0,0.0,0.0,0.0,0.0,0.0,0.0,0.0,0.5128205128205129,0.0,2.2974786324786325,0.98,3.44,2.46,1.181622476467783,35.76899188034188,6.941,138.90547,131.96447,45.401477815146016,1.0854700854700856,0.6,1.95,1.35,0.52000821118845,63.5854700854701,12.0,101.0,89.0,39.77193479614227,2.7692307692307696,2.0,6.0,4.0,1.4929155515907322,9.230769230769232,1.0,16.0,15.0,7.0090108247610345,1.0308663271794873,0.433289,1.461112979,1.0278239789999999,0.4441123966657246,0.4688247863247864,0.0,1.172,1.172,0.4891566605198556,-0.01282051282051283,-2.0,5.0,7.0,2.2274142174255513
Li6.15La3Zr1.75Ta0.25Al0.2O12,-3.431798275933,677,train,298.0,6,1.2406713557310154,0.5139186295503212,0.008565310492505354,0.5139186295503212,0.0,0.0,0.0,0.0,0.2633832976445396,0.0,0.1284796573875803,0.0,0.0,0.0,0.0,0.0,0.0,0.0,0.0,0.0,0.0,0.07494646680942184,0.0,0.010706638115631691,0.0,0.0,0.0,0.008565310492505354,0.0,0.0,0.0,0.0,0.0,0.0,0.0,0.0,0.0,0.0,0.0,0.0,0.0,0.0,0.0,0.0,0.0,0.0,0.0,0.0,0.0,0.0,0.0,0.0,0.0,0.0,0.0,0.0,0.5139186295503212,0.0,2.2968522483940044,0.98,3.44,2.46,1.1803625843010515,36.90242559828694,6.941,180.94788,174.00688,47.34889985416524,1.0831905781584583,0.6,1.95,1.35,0.5195854591239736,64.22055674518202,12.0,101.0,89.0,39.49380681276112,2.790149892933619,2.0,6.0,4.0,1.5118622247168174,9.336188436830836,1.0,16.0,15.0,6.980888320699318,1.0250121888008565,0.32885923,1.461112979,1.132253749,0.4515197606323631,0.4666381156316916,0.0,1.172,1.172,0.4884660292785876,0.0,-2.0,5.0,7.0,2.240373171730133
Li6PS5Cl,-3.424812155,678,train,291.82,4,1.1189688668816267,0.46153846153846156,0.07692307692307693,0.46153846153846156,0.0,0.0,0.0,0.0,0.46153846153846156,0.0,0.0,0.0,0.0,0.0,0.0,0.0,0.0,0.0,0.0,0.0,0.0,0.0,0.0,0.0,0.0,0.0,0.0,0.0,0.0,0.0,0.0,0.0,0.0,0.0,0.0,0.0,0.0,0.0,0.0,0.0,0.0,0.0,0.0,0.0,0.0,0.0,0.07692307692307693,0.0,0.0,0.0,0.0,0.38461538461538464,0.0,0.0,0.0,0.07692307692307693,0.0,0.0,1.856153846153846,0.98,3.16,2.18,0.8337638335749008,20.645981692307693,6.941,35.453,28.512000000000004,12.72441587574028,1.2076923076923076,1.0,1.45,0.44999999999999996,0.22433333186796436,56.230769230769226,12.0,99.0,87.0,40.988091790653705,2.5384615384615388,2.0,3.0,1.0,0.49851851526214314,9.076923076923077,1.0,17.0,16.0,7.488057553007974,1.4194731546153847,0.61804922,3.61272528,2.9946760599999998,0.9314660157198721,0.6642307692307693,0.33499999999999996,0.9,0.5650000000000001,0.22250191143384812,1.782051282051282,1.0,3.0,2.0,0.7717906124765339
Li0.375Sr0.4375Hf0.25Ta0.75O3,-3.42021640338319,679,test,298.0,5,1.1547971929670624,0.6233766233766234,0.05194805194805195,0.6233766233766234,0.0,0.0,0.0,0.09090909090909091,0.07792207792207792,0.0,0.0,0.0,0.0,0.0,0.0,0.0,0.0,0.0,0.0,0.05194805194805195,0.0,0.0,0.0,0.15584415584415584,0.0,0.0,0.0,0.0,0.0,0.0,0.0,0.0,0.0,0.0,0.0,0.0,0.0,0.0,0.0,0.0,0.0,0.0,0.0,0.0,0.0,0.0,0.0,0.0,0.0,0.0,0.0,0.0,0.0,0.0,0.0,0.0,0.6233766233766234,0.0,2.6084415584415583,0.95,3.44,2.49,1.080807856747887,55.951841038961035,6.941,180.94788,174.00688,66.99490987800037,0.9753246753246754,0.6,2.0,1.4,0.5030829226414528,75.96103896103895,12.0,101.0,89.0,34.23351496665961,3.1038961038961035,2.0,6.0,4.0,1.710049863208715,11.220779220779221,1.0,16.0,15.0,6.232765071120202,1.0242178061298701,0.052066,1.461112979,1.409046979,0.5747235734538223,0.3620779220779221,0.0,1.32,1.32,0.48242982845455906,0.0,-2.0,5.0,7.0,2.7680927842718104
Li1.2In0.2Ti1.8(PO4)3,-3.4089353929735,680,train,298.0,5,1.0294638497997786,0.6593406593406593,0.01098901098901099,0.6593406593406593,0.0,0.0,0.0,0.0,0.06593406593406594,0.0,0.0,0.0,0.0,0.0,0.0,0.0,0.0,0.0,0.0,0.0,0.0,0.0,0.0,0.0,0.09890109890109891,0.0,0.0,0.0,0.0,0.0,0.0,0.0,0.01098901098901099,0.0,0.0,0.0,0.0,0.0,0.0,0.0,0.0,0.0,0.0,0.0,0.0,0.0,0.16483516483516483,0.0,0.0,0.0,0.0,0.0,0.0,0.0,0.0,0.0,0.6593406593406593,0.0,2.8656043956043957,0.98,3.44,2.46,0.8449529654524165,22.108103626373627,6.941,114.818,107.877,14.587753345251464,0.8115384615384615,0.6,1.55,0.9500000000000001,0.32011990568412885,88.13186813186813,12.0,101.0,89.0,25.08368796657678,2.3956043956043955,2.0,5.0,3.0,0.709110584830843,13.626373626373626,1.0,16.0,15.0,4.868937992938978,1.1388795792307693,0.075545,1.461112979,1.385567979,0.47937537177578987,0.24456043956043955,0.0,0.94,0.94,0.3534202183558037,-0.5494505494505493,-2.0,4.0,6.0,2.1308671793894924
Li1.5Cr0.5Ti1.5(PO4)3,-3.407823243,681,train,298.0,5,1.0807686565434762,0.6486486486486487,0.02702702702702703,0.6486486486486487,0.0,0.0,0.0,0.0,0.08108108108108109,0.0,0.0,0.0,0.0,0.0,0.0,0.0,0.0,0.0,0.0,0.0,0.0,0.0,0.0,0.0,0.08108108108108109,0.0,0.0,0.0,0.0,0.0,0.02702702702702703,0.0,0.0,0.0,0.0,0.0,0.0,0.0,0.0,0.0,0.0,0.0,0.0,0.0,0.0,0.0,0.16216216216216217,0.0,0.0,0.0,0.0,0.0,0.0,0.0,0.0,0.0,0.6486486486486487,0.0,2.835675675675676,0.98,3.44,2.46,0.870158545791359,21.249953297297296,6.941,51.9961,45.055099999999996,11.52426308644266,0.8202702702702703,0.6,1.45,0.85,0.3243412157763461,86.75675675675676,12.0,101.0,89.0,26.721188480411897,2.378378378378378,2.0,4.0,2.0,0.6718812375489759,13.37837837837838,1.0,16.0,15.0,5.090273455997212,1.1433264077297298,0.075545,1.461112979,1.385567979,0.4601617752575264,0.25662162162162167,0.0,0.94,0.94,0.3627219185038811,-0.5000000000000001,-2.0,4.5,6.5,2.172721961209193
Li1.4Fe0.4Ti1.6(PO4)3,-3.40671393297954,682,train,298.0,5,1.0660861369642038,0.6521739130434783,0.02173913043478261,0.6521739130434783,0.0,0.0,0.0,0.0,0.07608695652173914,0.0,0.0,0.0,0.0,0.0,0.0,0.0,0.0,0.0,0.0,0.0,0.0,0.0,0.0,0.0,0.08695652173913045,0.0,0.0,0.0,0.0,0.0,0.0,0.0,0.0,0.0,0.02173913043478261,0.0,0.0,0.0,0.0,0.0,0.0,0.0,0.0,0.0,0.0,0.0,0.16304347826086957,0.0,0.0,0.0,0.0,0.0,0.0,0.0,0.0,0.0,0.6521739130434783,0.0,2.848804347826087,0.98,3.44,2.46,0.857877616678794,21.388950326086956,6.941,55.845,48.903999999999996,11.68667157041779,0.8168478260869565,0.6,1.45,0.85,0.3218726771898495,87.21739130434784,12.0,101.0,89.0,26.16537127701941,2.380434782608696,2.0,4.0,2.0,0.6731236611039582,13.478260869565217,1.0,16.0,15.0,4.9836215678908715,1.131555354673913,0.075545,1.461112979,1.385567979,0.4825267146252808,0.25074275362318843,0.0,0.9,0.9,0.3563017158098399,-0.5543478260869563,-2.0,4.0,6.0,2.0874754034901666
Li1.3In0.3Ti1.7(PO4)3,-3.40560744962457,683,test,298.0,5,1.049159726908797,0.6557377049180328,0.01639344262295082,0.6557377049180328,0.0,0.0,0.0,0.0,0.07103825136612023,0.0,0.0,0.0,0.0,0.0,0.0,0.0,0.0,0.0,0.0,0.0,0.0,0.0,0.0,0.0,0.09289617486338798,0.0,0.0,0.0,0.0,0.0,0.0,0.0,0.01639344262295082,0.0,0.0,0.0,0.0,0.0,0.0,0.0,0.0,0.0,0.0,0.0,0.0,0.0,0.1639344262295082,0.0,0.0,0.0,0.0,0.0,0.0,0.0,0.0,0.0,0.6557377049180328,0.0,2.8566120218579236,0.98,3.44,2.46,0.8521913233885648,22.39107573770492,6.941,114.818,107.877,16.00496088591332,0.8158469945355189,0.6,1.55,0.9500000000000001,0.3243660796669531,87.8688524590164,12.0,101.0,89.0,25.50054670570235,2.3989071038251364,2.0,5.0,3.0,0.7238323229916298,13.606557377049176,1.0,16.0,15.0,4.893216075157859,1.1377186537704915,0.075545,1.461112979,1.385567979,0.47640518681533794,0.24862477231329688,0.0,0.94,0.94,0.35662734926992323,-0.546448087431694,-2.0,4.0,6.0,2.1176960939649336
LiP0.9I0.1O2.7,-3.400116928,684,train,298.0,4,1.0461376547295624,0.574468085106383,0.02127659574468085,0.5957446808510639,0.0,0.0,0.0,0.0,0.2127659574468085,0.0,0.0,0.0,0.0,0.0,0.0,0.0,0.0,0.0,0.0,0.0,0.0,0.0,0.0,0.0,0.0,0.0,0.0,0.0,0.0,0.0,0.0,0.0,0.0,0.0,0.0,0.0,0.0,0.0,0.0,0.0,0.0,0.0,0.0,0.0,0.0,0.0,0.19148936170212766,0.0,0.0,0.0,0.0,0.0,0.02127659574468085,0.0,0.0,0.0,0.574468085106383,0.0,2.66063829787234,0.98,3.44,2.46,0.996150899137486,19.299194212765958,6.941,126.90447,119.96347,17.641101756902902,0.8744680851063829,0.6,1.45,0.85,0.35020850027132494,79.87234042553192,12.0,101.0,89.0,35.53099756746818,2.25531914893617,2.0,5.0,3.0,0.5637294169996497,12.638297872340427,1.0,17.0,16.0,6.064986825036622,1.1789164076595746,0.61804922,3.059046537,2.440997317,0.4729436598476147,0.31553191489361704,0.0,0.9,0.9,0.3836432768537155,-0.5531914893617021,-2.0,3.0,5.0,1.7111463202453703
Li6.55La3Zr1.55Ta0.45O12,-3.39794000867204,685,train,298.0,5,1.2166553568405785,0.5095541401273885,0.01910828025477707,0.5095541401273885,0.0,0.0,0.0,0.0,0.2781316348195329,0.0,0.12738853503184713,0.0,0.0,0.0,0.0,0.0,0.0,0.0,0.0,0.0,0.0,0.06581740976645435,0.0,0.01910828025477707,0.0,0.0,0.0,0.0,0.0,0.0,0.0,0.0,0.0,0.0,0.0,0.0,0.0,0.0,0.0,0.0,0.0,0.0,0.0,0.0,0.0,0.0,0.0,0.0,0.0,0.0,0.0,0.0,0.0,0.0,0.0,0.0,0.5095541401273885,0.0,2.2817622080679407,0.98,3.44,2.46,1.1849459458653484,37.23976670912951,6.941,180.94788,174.00688,48.870535955450414,1.0871549893842887,0.6,1.95,1.35,0.5186537114192368,63.225053078556265,12.0,101.0,89.0,39.86261290200508,2.78343949044586,2.0,6.0,4.0,1.523984349425547,9.171974522292995,1.0,16.0,15.0,7.01969780316493,1.0222420952229299,0.32885923,1.461112979,1.132253749,0.45067523259022707,0.47188959660297236,0.0,1.172,1.172,0.48899146232983665,5.551115123125783e-17,-2.0,5.0,7.0,2.234643276509342
Li0.7Al0.3Ti1.7(PO4)3,-3.396855627,686,test,333.08,5,0.986224504652601,0.6779661016949153,0.01694915254237288,0.6779661016949153,0.0,0.0,0.0,0.0,0.03954802259887005,0.0,0.0,0.0,0.0,0.0,0.0,0.0,0.0,0.0,0.0,0.0,0.0,0.0,0.0,0.0,0.096045197740113,0.0,0.0,0.01694915254237288,0.0,0.0,0.0,0.0,0.0,0.0,0.0,0.0,0.0,0.0,0.0,0.0,0.0,0.0,0.0,0.0,0.0,0.0,0.16949152542372883,0.0,0.0,0.0,0.0,0.0,0.0,0.0,0.0,0.0,0.6779661016949153,0.0,2.917344632768362,0.98,3.44,2.46,0.7965393084643217,21.426053535593223,6.941,47.867,40.925999999999995,10.553870434266214,0.7892655367231639,0.6,1.45,0.85,0.2974904880953302,90.45762711864408,12.0,101.0,89.0,21.6844254301063,2.378531073446328,2.0,4.0,2.0,0.6537091825591289,14.033898305084747,1.0,16.0,15.0,4.380101777684907,1.156163532881356,0.075545,1.461112979,1.385567979,0.47323531937658997,0.2220527306967985,0.0,0.9,0.9,0.33374417954877905,-0.5988700564971752,-2.0,4.0,6.0,2.13373906895301
Li6.15La3Zr1.75Ta0.25Ga0.2O12,-3.38721614328026,687,train,298.0,6,1.2406713557310154,0.5139186295503212,0.008565310492505354,0.5139186295503212,0.0,0.0,0.0,0.0,0.2633832976445396,0.0,0.1284796573875803,0.0,0.0,0.0,0.0,0.0,0.0,0.0,0.0,0.0,0.0,0.07494646680942184,0.0,0.010706638115631691,0.0,0.0,0.0,0.0,0.0,0.0,0.0,0.0,0.0,0.008565310492505354,0.0,0.0,0.0,0.0,0.0,0.0,0.0,0.0,0.0,0.0,0.0,0.0,0.0,0.0,0.0,0.0,0.0,0.0,0.0,0.0,0.0,0.0,0.5139186295503212,0.0,2.2985653104925055,0.98,3.44,2.46,1.1795093332177646,37.268519486081374,6.941,180.94788,174.00688,47.435932880632656,1.0836188436830836,0.6,1.95,1.35,0.5197433565203666,64.22912205567452,12.0,101.0,89.0,39.49733636805649,2.7987152034261245,2.0,6.0,4.0,1.5158542789866625,9.336188436830836,1.0,16.0,15.0,6.980888320699318,1.0238844042184154,0.30116615,1.461112979,1.159946829,0.4531589269226258,0.4673661670235546,0.0,1.172,1.172,0.4888392500490527,0.0,-2.0,5.0,7.0,2.240373171730133
La0.61Li0.18TiO3,-3.38510278396687,688,train,298.0,4,1.005851415046881,0.6263048016701461,0.037578288100208766,0.6263048016701461,0.0,0.0,0.0,0.0,0.037578288100208766,0.0,0.12734864300626306,0.0,0.0,0.0,0.0,0.0,0.0,0.0,0.0,0.0,0.0,0.0,0.0,0.0,0.20876826722338204,0.0,0.0,0.0,0.0,0.0,0.0,0.0,0.0,0.0,0.0,0.0,0.0,0.0,0.0,0.0,0.0,0.0,0.0,0.0,0.0,0.0,0.0,0.0,0.0,0.0,0.0,0.0,0.0,0.0,0.0,0.0,0.6263048016701461,0.0,2.652901878914405,0.98,3.44,2.46,1.0290038825836627,37.9638656993737,6.941,138.90547,131.96447,40.69858955029848,0.9708768267223382,0.6,1.95,1.35,0.5052774341435095,78.55741127348644,12.0,101.0,89.0,30.079372078115846,2.9269311064718164,2.0,6.0,4.0,1.4189609158989094,11.275574112734864,1.0,16.0,15.0,6.141617539908479,1.0251014569102297,0.075545,1.461112979,1.385567979,0.5842667391079881,0.3608740431454419,0.0,1.172,1.172,0.47598273064404223,0.0020876826722338038,-2.0,4.0,6.0,2.651268224641244
Li4.2Ge0.8Ga0.2S4,-3.381951903,689,train,347.0,4,1.0157110897988502,0.4565217391304348,0.02173913043478261,0.4347826086956522,0.0,0.0,0.0,0.0,0.4565217391304348,0.0,0.0,0.0,0.0,0.0,0.0,0.0,0.0,0.0,0.0,0.0,0.0,0.0,0.0,0.0,0.0,0.0,0.0,0.0,0.0,0.0,0.0,0.0,0.0,0.02173913043478261,0.0,0.0,0.0,0.0,0.0,0.0,0.08695652173913045,0.0,0.0,0.0,0.0,0.0,0.0,0.0,0.0,0.0,0.0,0.4347826086956522,0.0,0.0,0.0,0.0,0.0,0.0,1.7832608695652175,0.98,2.58,1.6,0.7583163683818025,24.942260869565217,6.941,72.64,65.699,20.283444402886573,1.233695652173913,1.0,1.45,0.44999999999999996,0.21265770307409176,55.413043478260875,12.0,94.0,82.0,39.91326252663204,2.6521739130434785,2.0,4.0,2.0,0.6665091181198214,8.913043478260871,1.0,16.0,15.0,7.282576249116558,1.2989780570000002,0.30116615,2.07710426,1.77593811,0.7049478194051109,0.698695652173913,0.47,0.9,0.43000000000000005,0.20436123915276336,1.666666666666667,0.6666666666666666,3.0,2.3333333333333335,0.7939992333804207
Li3OCl,-3.377785977,690,train,363.16,3,0.9502705392332347,0.6,0.2,0.4,0.0,0.0,0.0,0.0,0.6,0.0,0.0,0.0,0.0,0.0,0.0,0.0,0.0,0.0,0.0,0.0,0.0,0.0,0.0,0.0,0.0,0.0,0.0,0.0,0.0,0.0,0.0,0.0,0.0,0.0,0.0,0.0,0.0,0.0,0.0,0.0,0.0,0.0,0.0,0.0,0.0,0.0,0.0,0.0,0.0,0.0,0.0,0.0,0.0,0.0,0.0,0.2,0.2,0.0,1.9080000000000004,0.98,3.44,2.46,1.1400070175222607,14.455080000000002,6.941,35.453,28.512000000000004,11.069613934803689,1.19,0.6,1.45,0.85,0.3426368339802363,47.2,12.0,101.0,89.0,43.115658408517895,2.2,2.0,3.0,1.0,0.4,7.2,1.0,17.0,16.0,7.6000000000000005,1.3855971837999999,0.61804922,3.61272528,2.9946760599999998,1.160447484585899,0.607,0.0,0.9,0.9,0.3741603934143752,0.8000000000000002,-2.0,3.0,5.0,1.6
Li1.3Al0.1Sc0.2Ti1.7(PO4)3,-3.36754270781528,691,train,298.0,6,1.0595943854054333,0.6557377049180328,0.005464480874316941,0.6557377049180328,0.0,0.0,0.0,0.0,0.07103825136612023,0.0,0.0,0.0,0.0,0.0,0.0,0.0,0.0,0.0,0.0,0.0,0.0,0.0,0.010928961748633882,0.0,0.09289617486338798,0.0,0.0,0.005464480874316941,0.0,0.0,0.0,0.0,0.0,0.0,0.0,0.0,0.0,0.0,0.0,0.0,0.0,0.0,0.0,0.0,0.0,0.0,0.1639344262295082,0.0,0.0,0.0,0.0,0.0,0.0,0.0,0.0,0.0,0.6557377049180328,0.0,2.8510928961748636,0.98,3.44,2.46,0.8603309231808592,21.147574986885243,6.941,47.867,40.925999999999995,10.965741651180625,0.8147540983606557,0.6,1.6,1.0,0.3226865024705031,87.21857923497268,12.0,101.0,89.0,26.47147726070346,2.3770491803278686,2.0,4.0,2.0,0.665231816110741,13.497267759562838,1.0,16.0,15.0,5.015685033970813,1.1357504431693988,0.075545,1.461112979,1.385567979,0.47999541832437653,0.24657559198542806,0.0,0.9,0.9,0.3532168814686825,-0.5464480874316938,-2.0,4.0,6.0,2.117696093964934
Li6.6La2.75Y0.25Zr1.6Ta0.4O12,-3.360513511,692,train,300.0,6,1.2504688344066035,0.5084745762711865,0.010593220338983052,0.5084745762711865,0.0,0.0,0.0,0.0,0.2796610169491526,0.0,0.11652542372881357,0.0,0.0,0.0,0.0,0.0,0.010593220338983052,0.0,0.0,0.0,0.0,0.06779661016949154,0.0,0.016949152542372885,0.0,0.0,0.0,0.0,0.0,0.0,0.0,0.0,0.0,0.0,0.0,0.0,0.0,0.0,0.0,0.0,0.0,0.0,0.0,0.0,0.0,0.0,0.0,0.0,0.0,0.0,0.0,0.0,0.0,0.0,0.0,0.0,0.5084745762711865,0.0,2.2799152542372885,0.98,3.44,2.46,1.1842640536427504,36.455824449152544,6.941,180.94788,174.00688,47.600488124653495,1.0865466101694916,0.6,1.95,1.35,0.5161216003056531,63.02542372881357,12.0,101.0,89.0,39.96427681605941,2.76906779661017,2.0,6.0,4.0,1.4998788014811175,9.152542372881358,1.0,16.0,15.0,7.023721451471832,1.0189983810169494,0.3112922,1.461112979,1.149820779,0.45364805394390656,0.4714830508474577,0.0,1.172,1.172,0.48711725928055294,-1.1102230246251565e-16,-2.0,5.0,7.0,2.2284751950415007
Li6.05P0.95Si0.05S5Br,-3.355561411,693,train,298.0,5,1.1328473778542758,0.4636015325670498,0.0038314176245210726,0.4597701149425287,0.0,0.0,0.0,0.0,0.4636015325670498,0.0,0.0,0.0,0.0,0.0,0.0,0.0,0.0,0.0,0.0,0.0,0.0,0.0,0.0,0.0,0.0,0.0,0.0,0.0,0.0,0.0,0.0,0.0,0.0,0.0,0.0,0.0,0.0038314176245210726,0.0,0.0,0.0,0.0,0.0,0.0,0.0,0.0,0.0,0.07279693486590037,0.0,0.0,0.0,0.0,0.38314176245210724,0.0,0.07662835249042145,0.0,0.0,0.0,0.0,1.8363601532567047,0.98,2.96,1.98,0.81100486873357,23.988612942528732,6.941,79.904,72.963,20.07289448369572,1.2204980842911874,1.0,1.45,0.44999999999999996,0.21684639096840772,55.9655172413793,12.0,98.0,86.0,40.906429515301326,2.6130268199233715,2.0,4.0,2.0,0.6248853038429153,9.04214559386973,1.0,17.0,16.0,7.48754685117457,1.3997748735249038,0.61804922,3.3635883,2.74553908,0.8863746339916113,0.683103448275862,0.47,0.9,0.43000000000000005,0.20385730685700384,1.6960408684546615,0.0,2.5,2.5,0.7002928232866577
La0.62Li0.14TiO3,-3.35457773065091,694,train,298.0,4,0.9879369813678092,0.6302521008403361,0.029411764705882356,0.6302521008403361,0.0,0.0,0.0,0.0,0.029411764705882356,0.0,0.13025210084033614,0.0,0.0,0.0,0.0,0.0,0.0,0.0,0.0,0.0,0.0,0.0,0.0,0.0,0.21008403361344538,0.0,0.0,0.0,0.0,0.0,0.0,0.0,0.0,0.0,0.0,0.0,0.0,0.0,0.0,0.0,0.0,0.0,0.0,0.0,0.0,0.0,0.0,0.0,0.0,0.0,0.0,0.0,0.0,0.0,0.0,0.0,0.6302521008403361,0.0,2.6636974789915966,0.98,3.44,2.46,1.0232078947486662,38.43662424369748,6.941,138.90547,131.96447,40.986697602775486,0.9689075630252102,0.6,1.95,1.35,0.5069471819005589,79.02100840336135,12.0,101.0,89.0,29.620775056529315,2.9411764705882355,2.0,6.0,4.0,1.4277803049174733,11.344537815126051,1.0,16.0,15.0,6.0999200639340465,1.027539805,0.075545,1.461112979,1.385567979,0.5853033812362504,0.35804761904761906,0.0,1.172,1.172,0.47636033581153714,1.1102230246251565e-16,-2.0,4.0,6.0,2.661584793585464
Li6.2La3Zr1.2Sb0.8O12,-3.346787486,695,train,298.0,5,1.2274629122378593,0.5172413793103449,0.034482758620689655,0.5172413793103449,0.0,0.0,0.0,0.0,0.26724137931034486,0.0,0.12931034482758622,0.0,0.0,0.0,0.0,0.0,0.0,0.0,0.0,0.0,0.0,0.05172413793103448,0.0,0.0,0.0,0.0,0.0,0.0,0.0,0.0,0.0,0.0,0.0,0.0,0.0,0.0,0.0,0.0,0.0,0.0,0.0,0.0,0.0,0.034482758620689655,0.0,0.0,0.0,0.0,0.0,0.0,0.0,0.0,0.0,0.0,0.0,0.0,0.5172413793103449,0.0,2.322931034482759,0.98,3.44,2.46,1.1723274942883697,37.009491810344834,6.941,138.90547,131.96447,47.03453474222662,1.0801724137931035,0.6,1.95,1.35,0.5194028115233027,65.2844827586207,12.0,101.0,89.0,39.810067613019086,2.775862068965518,2.0,6.0,4.0,1.497619990567515,9.655172413793105,1.0,16.0,15.0,7.01488988813704,1.0515416924137932,0.433289,1.461112979,1.0278239789999999,0.43395003966723433,0.4651724137931035,0.0,1.172,1.172,0.4896009683451601,-0.11494252873563218,-2.0,4.0,6.0,2.100038062178264
Li6.65La3Zr1.65Ta0.35O12,-3.33724216831843,696,train,298.0,5,1.211026530224114,0.507399577167019,0.01479915433403805,0.507399577167019,0.0,0.0,0.0,0.0,0.281183932346723,0.0,0.12684989429175475,0.0,0.0,0.0,0.0,0.0,0.0,0.0,0.0,0.0,0.0,0.0697674418604651,0.0,0.01479915433403805,0.0,0.0,0.0,0.0,0.0,0.0,0.0,0.0,0.0,0.0,0.0,0.0,0.0,0.0,0.0,0.0,0.0,0.0,0.0,0.0,0.0,0.0,0.0,0.0,0.0,0.0,0.0,0.0,0.0,0.0,0.0,0.0,0.507399577167019,0.0,2.2755391120507404,0.98,3.44,2.46,1.1859732424335487,36.732271374207194,6.941,180.94788,174.00688,48.02971800558557,1.0891120507399576,0.6,1.95,1.35,0.518426687752083,62.99577167019027,12.0,101.0,89.0,39.92085170341282,2.7758985200845667,2.0,6.0,4.0,1.5140255087968137,9.133192389006345,1.0,16.0,15.0,7.027672406227,1.02097459794926,0.32885923,1.461112979,1.132253749,0.4498580974439843,0.4738689217758985,0.0,1.172,1.172,0.4888733647386058,-1.1102230246251568e-16,-2.0,5.0,7.0,2.2223161831204363
Li6.6La3Zr1.6Ta0.4O12,-3.32790214206428,697,train,298.0,5,1.214006633170651,0.5084745762711864,0.01694915254237288,0.5084745762711864,0.0,0.0,0.0,0.0,0.2796610169491525,0.0,0.1271186440677966,0.0,0.0,0.0,0.0,0.0,0.0,0.0,0.0,0.0,0.0,0.06779661016949153,0.0,0.01694915254237288,0.0,0.0,0.0,0.0,0.0,0.0,0.0,0.0,0.0,0.0,0.0,0.0,0.0,0.0,0.0,0.0,0.0,0.0,0.0,0.0,0.0,0.0,0.0,0.0,0.0,0.0,0.0,0.0,0.0,0.0,0.0,0.0,0.5084745762711864,0.0,2.27864406779661,0.98,3.44,2.46,1.1854648771714755,36.985481440677965,6.941,180.94788,174.00688,48.451724705737846,1.088135593220339,0.6,1.95,1.35,0.5185408948005744,63.110169491525426,12.0,101.0,89.0,39.891969349924814,2.7796610169491527,2.0,6.0,4.0,1.5190072205022427,9.152542372881356,1.0,16.0,15.0,7.023721451471831,1.021607003898305,0.32885923,1.461112979,1.132253749,0.4502664307703008,0.4728813559322034,0.0,1.172,1.172,0.48893329359392385,5.551115123125783e-17,-2.0,5.0,7.0,2.2284751950415003
Li5.72Al0.26La3Zr1.5W0.25O12,-3.30980391997149,698,train,298.0,6,1.2318421203232355,0.5279366476022878,0.010998680158380994,0.5279366476022878,0.0,0.0,0.0,0.0,0.25164980202375714,0.0,0.13198416190057194,0.0,0.0,0.0,0.0,0.0,0.0,0.0,0.0,0.0,0.0,0.06599208095028597,0.0,0.0,0.0,0.0,0.0,0.011438627364716234,0.0,0.0,0.0,0.0,0.0,0.0,0.0,0.0,0.0,0.0,0.0,0.0,0.0,0.0,0.0,0.0,0.0,0.0,0.0,0.0,0.0,0.010998680158380994,0.0,0.0,0.0,0.0,0.0,0.0,0.5279366476022878,0.0,2.3400439947206335,0.98,3.44,2.46,1.1749945653477725,36.877383635547744,6.941,183.84,176.899,47.57255767253672,1.0704575450945886,0.6,1.95,1.35,0.5211576018805109,65.4505059392873,12.0,101.0,89.0,39.32691886301701,2.7813462384513863,2.0,6.0,4.0,1.510824571059925,9.573251209854819,1.0,16.0,15.0,6.951913702274445,1.043019432089749,0.432835,1.461112979,1.0282779789999998,0.44519226245178256,0.45407684411203986,0.0,1.172,1.172,0.4893119043783737,-0.054993400791904956,-2.0,5.0,7.0,2.232043351024783
Li6.5La2.7Ba0.3Zr1.2Ta0.8O12,-3.30803489723264,699,train,298.0,6,1.269917318160849,0.5106382978723404,0.01276595744680851,0.5106382978723404,0.0,0.01276595744680851,0.0,0.0,0.2765957446808511,0.0,0.11489361702127661,0.0,0.0,0.0,0.0,0.0,0.0,0.0,0.0,0.0,0.0,0.05106382978723404,0.0,0.03404255319148936,0.0,0.0,0.0,0.0,0.0,0.0,0.0,0.0,0.0,0.0,0.0,0.0,0.0,0.0,0.0,0.0,0.0,0.0,0.0,0.0,0.0,0.0,0.0,0.0,0.0,0.0,0.0,0.0,0.0,0.0,0.0,0.0,0.5106382978723404,0.0,2.284382978723404,0.89,3.44,2.55,1.1857411463271632,38.620394595744685,6.941,180.94788,174.00688,51.47489576140763,1.0874468085106381,0.6,2.15,1.5499999999999998,0.5224755642666667,63.136170212765954,12.0,101.0,89.0,40.06184806569853,2.8,2.0,6.0,4.0,1.5513892195829833,9.191489361702127,1.0,16.0,15.0,7.0192389048299475,1.016275421361702,0.144626,1.461112979,1.316486979,0.4606813782347436,0.47444255319148937,0.0,1.49,1.49,0.4957434561942686,1.1102230246251565e-16,-2.0,5.0,7.0,2.252185699610917
Li0.33La0.56Ti0.92Al0.08O2.92F0.08,-3.30627305107635,700,test,298.0,6,1.1868570329773473,0.5971370143149284,0.016359918200408996,0.6134969325153374,0.0,0.0,0.0,0.0,0.06748466257668712,0.0,0.11451942740286299,0.0,0.0,0.0,0.0,0.0,0.0,0.0,0.0,0.0,0.0,0.0,0.0,0.0,0.18813905930470345,0.0,0.0,0.016359918200408996,0.0,0.0,0.0,0.0,0.0,0.0,0.0,0.0,0.0,0.0,0.0,0.0,0.0,0.0,0.0,0.0,0.0,0.0,0.0,0.0,0.0,0.0,0.0,0.0,0.0,0.0,0.0,0.0,0.5971370143149284,0.016359918200408996,2.6274437627811866,0.98,3.98,3.0,1.0554361223643842,35.68750031574643,6.941,138.90547,131.96447,39.255816559522195,0.9714723926380368,0.5,1.95,1.45,0.49695296481441137,77.47239263803682,12.0,102.0,90.0,31.43428492121957,2.850715746421268,2.0,6.0,4.0,1.370222504798376,11.208588957055216,1.0,17.0,16.0,6.231840518680384,1.054980654233129,0.075545,3.401189824,3.325644824,0.6454328415532324,0.36982685753237904,0.0,1.172,1.172,0.46893772155768576,0.0020449897750510764,-2.0,4.0,6.0,2.580799782113741
Li1.4La0.4Ti1.6(PO4)3,-3.30277065724028,701,train,298.0,5,1.0660861369642038,0.6521739130434783,0.02173913043478261,0.6521739130434783,0.0,0.0,0.0,0.0,0.07608695652173914,0.0,0.02173913043478261,0.0,0.0,0.0,0.0,0.0,0.0,0.0,0.0,0.0,0.0,0.0,0.0,0.0,0.08695652173913045,0.0,0.0,0.0,0.0,0.0,0.0,0.0,0.0,0.0,0.0,0.0,0.0,0.0,0.0,0.0,0.0,0.0,0.0,0.0,0.0,0.0,0.16304347826086957,0.0,0.0,0.0,0.0,0.0,0.0,0.0,0.0,0.0,0.6521739130434783,0.0,2.8329347826086955,0.98,3.44,2.46,0.8829625749657627,23.19461271739131,6.941,138.90547,131.96447,20.192301223602573,0.8288043478260869,0.6,1.95,1.35,0.35210806885814117,86.60869565217394,12.0,101.0,89.0,27.07796975633077,2.423913043478261,2.0,6.0,4.0,0.8240105483201725,13.369565217391305,1.0,16.0,15.0,5.153549623706709,1.1403446992391302,0.075545,1.461112979,1.385567979,0.46809275862630395,0.2576884057971015,0.0,1.172,1.172,0.3707843032376239,-0.5434782608695652,-2.0,4.0,6.0,2.1045828710510817
Li1.2Y0.2Ti1.8(PO4)3,-3.297569464,702,train,298.0,5,1.0294638497997786,0.6593406593406593,0.01098901098901099,0.6593406593406593,0.0,0.0,0.0,0.0,0.06593406593406594,0.0,0.0,0.0,0.0,0.0,0.0,0.0,0.01098901098901099,0.0,0.0,0.0,0.0,0.0,0.0,0.0,0.09890109890109891,0.0,0.0,0.0,0.0,0.0,0.0,0.0,0.0,0.0,0.0,0.0,0.0,0.0,0.0,0.0,0.0,0.0,0.0,0.0,0.0,0.0,0.16483516483516483,0.0,0.0,0.0,0.0,0.0,0.0,0.0,0.0,0.0,0.6593406593406593,0.0,2.85945054945055,0.98,3.44,2.46,0.8548187426112499,21.823354725274733,6.941,88.90585,81.96485,12.934521241084337,0.8142857142857145,0.6,1.8,1.2000000000000002,0.3274347275182175,87.53846153846155,12.0,101.0,89.0,25.917581835167162,2.395604395604396,2.0,5.0,3.0,0.7091105848308431,13.516483516483518,1.0,16.0,15.0,4.993099936412551,1.138081405604396,0.075545,1.461112979,1.385567979,0.48069039145768144,0.2456593406593407,0.0,1.04,1.04,0.3557287897588577,-0.5494505494505495,-2.0,4.0,6.0,2.130867179389493
Li0.85Hf1.85Ta0.15(PO4)3,-3.292429824,703,train,473.0,5,0.9867597542776776,0.6722689075630253,0.008403361344537816,0.6722689075630253,0.0,0.0,0.0,0.0,0.04761904761904762,0.0,0.0,0.0,0.0,0.0,0.0,0.0,0.0,0.0,0.0,0.10364145658263306,0.0,0.0,0.0,0.008403361344537816,0.0,0.0,0.0,0.0,0.0,0.0,0.0,0.0,0.0,0.0,0.0,0.0,0.0,0.0,0.0,0.0,0.0,0.0,0.0,0.0,0.0,0.0,0.16806722689075632,0.0,0.0,0.0,0.0,0.0,0.0,0.0,0.0,0.0,0.6722689075630253,0.0,2.8746778711484597,0.98,3.44,2.46,0.8587494783352863,36.31163126050421,6.941,180.94788,174.00688,50.93241457694408,0.8133053221288515,0.6,1.55,0.9500000000000001,0.3397119381123435,89.2156862745098,12.0,101.0,89.0,23.418037061699792,2.61624649859944,2.0,6.0,4.0,1.2573879936954309,13.781512605042018,1.0,16.0,15.0,4.67994050070909,1.158391221260504,0.17807,1.461112979,1.283042979,0.4575955039350118,0.23028011204481796,0.0,0.9,0.9,0.3419271958349146,-0.5602240896358545,-2.0,5.0,7.0,2.181294201667505
Li7La3Zr2O12,-3.2915791,704,train,297.85,4,1.17295457751597,0.5,0.08333333333333333,0.5,0.0,0.0,0.0,0.0,0.2916666666666667,0.0,0.125,0.0,0.0,0.0,0.0,0.0,0.0,0.0,0.0,0.0,0.0,0.08333333333333333,0.0,0.0,0.0,0.0,0.0,0.0,0.0,0.0,0.0,0.0,0.0,0.0,0.0,0.0,0.0,0.0,0.0,0.0,0.0,0.0,0.0,0.0,0.0,0.0,0.0,0.0,0.0,0.0,0.0,0.0,0.0,0.0,0.0,0.0,0.5,0.0,2.254166666666667,0.98,3.44,2.46,1.189246668647379,34.989342083333334,6.941,138.90547,131.96447,44.97904126965423,1.0958333333333332,0.6,1.95,1.35,0.5175899009404603,62.208333333333336,12.0,101.0,89.0,40.11024304616244,2.75,2.0,6.0,4.0,1.479019945774904,9.0,1.0,16.0,15.0,7.053367989832942,1.016621537,0.433289,1.461112979,1.0278239789999999,0.4470130096846928,0.4806666666666667,0.0,1.172,1.172,0.4884064791635026,5.551115123125783e-17,-2.0,4.0,6.0,2.179449471770337
Li1.4Sc0.4Ti1.6(PO4)3,-3.288192771,705,train,298.0,5,1.0660861369642038,0.6521739130434783,0.02173913043478261,0.6521739130434783,0.0,0.0,0.0,0.0,0.07608695652173914,0.0,0.0,0.0,0.0,0.0,0.0,0.0,0.0,0.0,0.0,0.0,0.0,0.0,0.02173913043478261,0.0,0.08695652173913045,0.0,0.0,0.0,0.0,0.0,0.0,0.0,0.0,0.0,0.0,0.0,0.0,0.0,0.0,0.0,0.0,0.0,0.0,0.0,0.0,0.0,0.16304347826086957,0.0,0.0,0.0,0.0,0.0,0.0,0.0,0.0,0.0,0.6521739130434783,0.0,2.838586956521739,0.98,3.44,2.46,0.8726229594705178,21.152231021739134,6.941,47.867,40.925999999999995,11.080933601612145,0.821195652173913,0.6,1.6,1.0,0.3309434550129055,86.30434782608698,12.0,101.0,89.0,27.749163375729548,2.380434782608696,2.0,4.0,2.0,0.6731236611039582,13.369565217391303,1.0,16.0,15.0,5.153549623706709,1.1321236998913042,0.075545,1.461112979,1.385567979,0.4813881180556539,0.25144927536231887,0.0,0.9,0.9,0.35752438325949015,-0.543478260869565,-2.0,4.0,6.0,2.104582871051081
LiTi0.5Zr1.5(PO4)3,-3.283996656,706,train,573.0,5,1.0361306059326865,0.6666666666666666,0.027777777777777776,0.6666666666666666,0.0,0.0,0.0,0.0,0.05555555555555555,0.0,0.0,0.0,0.0,0.0,0.0,0.0,0.0,0.0,0.0,0.0,0.0,0.08333333333333333,0.0,0.0,0.027777777777777776,0.0,0.0,0.0,0.0,0.0,0.0,0.0,0.0,0.0,0.0,0.0,0.0,0.0,0.0,0.0,0.0,0.0,0.0,0.0,0.0,0.0,0.16666666666666666,0.0,0.0,0.0,0.0,0.0,0.0,0.0,0.0,0.0,0.6666666666666666,0.0,2.8663888888888884,0.98,3.44,2.46,0.8595772629540954,25.145810333333333,6.941,91.224,84.283,21.40198459042527,0.8152777777777777,0.6,1.55,0.9500000000000001,0.3368191578009309,88.5,12.0,101.0,89.0,24.469368606484313,2.472222222222222,2.0,5.0,3.0,0.8970975145530634,13.666666666666666,1.0,16.0,15.0,4.818944098266987,1.1710521276666666,0.075545,1.461112979,1.385567979,0.42638017683370527,0.23699074074074072,0.0,0.9,0.9,0.3478988561518951,-0.5555555555555556,-2.0,4.0,6.0,2.1573875376608442
Li1.15Fe0.15Ti1.85(PO4)3,-3.282329497,707,train,298.0,5,1.0182866305854708,0.6611570247933884,0.008264462809917356,0.6611570247933884,0.0,0.0,0.0,0.0,0.06336088154269973,0.0,0.0,0.0,0.0,0.0,0.0,0.0,0.0,0.0,0.0,0.0,0.0,0.0,0.0,0.0,0.1019283746556474,0.0,0.0,0.0,0.0,0.0,0.0,0.0,0.0,0.0,0.008264462809917356,0.0,0.0,0.0,0.0,0.0,0.0,0.0,0.0,0.0,0.0,0.0,0.1652892561983471,0.0,0.0,0.0,0.0,0.0,0.0,0.0,0.0,0.0,0.6611570247933884,0.0,2.8705509641873284,0.98,3.44,2.46,0.8407203552443647,21.478068099173555,6.941,55.845,48.903999999999996,11.352546236563857,0.8081267217630854,0.6,1.45,0.85,0.31532713421532366,88.11570247933886,12.0,101.0,89.0,24.978400614006404,2.385674931129477,2.0,4.0,2.0,0.6762510285085558,13.59504132231405,1.0,16.0,15.0,4.8830597919928,1.1375583131404958,0.075545,1.461112979,1.385567979,0.4843015262119838,0.24178833792470159,0.0,0.9,0.9,0.350427302842973,-0.5550964187327825,-2.0,4.0,6.0,2.131079692656242
Li0.022La0.115Ti0.165Al0.055O0.618,-3.280006174,708,train,303.0,5,1.0894894465610356,0.6338461538461538,0.022564102564102562,0.6338461538461538,0.0,0.0,0.0,0.0,0.022564102564102562,0.0,0.11794871794871795,0.0,0.0,0.0,0.0,0.0,0.0,0.0,0.0,0.0,0.0,0.0,0.0,0.0,0.1692307692307692,0.0,0.0,0.056410256410256404,0.0,0.0,0.0,0.0,0.0,0.0,0.0,0.0,0.0,0.0,0.0,0.0,0.0,0.0,0.0,0.0,0.0,0.0,0.0,0.0,0.0,0.0,0.0,0.0,0.0,0.0,0.0,0.0,0.6338461538461538,0.0,2.6837230769230773,0.98,3.44,2.46,1.0051216460277876,36.30410243384616,6.941,138.90547,131.96447,39.36949453728982,0.9504615384615385,0.6,1.95,1.35,0.4904914252709214,81.32512820512822,12.0,101.0,89.0,28.017465877811517,2.8666666666666667,2.0,6.0,4.0,1.3672606589095255,11.928205128205128,1.0,16.0,15.0,5.771279408346513,1.0430292993456411,0.075545,1.461112979,1.385567979,0.5675169906811275,0.34074871794871797,0.0,1.172,1.172,0.46111909220852165,-0.045128205128205263,-2.0,4.0,6.0,2.6139692500053826
Li1.7Cr0.7Hf1.3(PO4)3,-3.277366077,709,test,573.0,5,1.1045563702072443,0.6417112299465241,0.0374331550802139,0.6417112299465241,0.0,0.0,0.0,0.0,0.09090909090909091,0.0,0.0,0.0,0.0,0.0,0.0,0.0,0.0,0.0,0.0,0.06951871657754011,0.0,0.0,0.0,0.0,0.0,0.0,0.0,0.0,0.0,0.0,0.0374331550802139,0.0,0.0,0.0,0.0,0.0,0.0,0.0,0.0,0.0,0.0,0.0,0.0,0.0,0.0,0.0,0.16042780748663102,0.0,0.0,0.0,0.0,0.0,0.0,0.0,0.0,0.0,0.6417112299465241,0.0,2.8004278074866313,0.98,3.44,2.46,0.9103474267012622,30.221821176470588,6.941,178.49,171.549,41.53523718463776,0.8374331550802139,0.6,1.55,0.9500000000000001,0.34881746689479454,85.95187165775401,12.0,101.0,89.0,27.682941990430866,2.5133689839572195,2.0,6.0,4.0,1.0765278349206122,13.267379679144385,1.0,16.0,15.0,5.186691637187062,1.1512570877540107,0.17807,1.461112979,1.283042979,0.4336176257820785,0.26433155080213905,0.0,0.94,0.94,0.3682360862378312,-0.47860962566844917,-2.0,4.5,6.5,2.1782195690750834
Li1.2La0.2Ti1.8(PO4)3,-3.277366077,710,test,298.0,5,1.0294638497997786,0.6593406593406593,0.01098901098901099,0.6593406593406593,0.0,0.0,0.0,0.0,0.06593406593406594,0.0,0.01098901098901099,0.0,0.0,0.0,0.0,0.0,0.0,0.0,0.0,0.0,0.0,0.0,0.0,0.0,0.09890109890109891,0.0,0.0,0.0,0.0,0.0,0.0,0.0,0.0,0.0,0.0,0.0,0.0,0.0,0.0,0.0,0.0,0.0,0.0,0.0,0.0,0.0,0.16483516483516483,0.0,0.0,0.0,0.0,0.0,0.0,0.0,0.0,0.0,0.6593406593406593,0.0,2.8581318681318684,0.98,3.44,2.46,0.8574353685160324,22.3728010989011,6.941,138.90547,131.96447,16.37646255560949,0.8159340659340659,0.6,1.95,1.35,0.33272758227166455,87.62637362637363,12.0,101.0,89.0,25.718103407782046,2.4065934065934065,2.0,6.0,4.0,0.7556093818756522,13.516483516483516,1.0,16.0,15.0,4.993099936412551,1.1407874935164835,0.075545,1.461112979,1.385567979,0.47670492545220533,0.2471098901098901,0.0,1.172,1.172,0.3592169276509348,-0.5494505494505493,-2.0,4.0,6.0,2.1308671793894924
Li1.3La0.3Ti1.7(PO4)3,-3.277366077,711,train,298.0,5,1.049159726908797,0.6557377049180328,0.01639344262295082,0.6557377049180328,0.0,0.0,0.0,0.0,0.07103825136612023,0.0,0.01639344262295082,0.0,0.0,0.0,0.0,0.0,0.0,0.0,0.0,0.0,0.0,0.0,0.0,0.0,0.09289617486338798,0.0,0.0,0.0,0.0,0.0,0.0,0.0,0.0,0.0,0.0,0.0,0.0,0.0,0.0,0.0,0.0,0.0,0.0,0.0,0.0,0.0,0.1639344262295082,0.0,0.0,0.0,0.0,0.0,0.0,0.0,0.0,0.0,0.6557377049180328,0.0,2.845464480874317,0.98,3.44,2.46,0.8704534824629252,22.785952295081966,6.941,138.90547,131.96447,18.39861065452663,0.8224043715846994,0.6,1.95,1.35,0.3426682672814252,87.11475409836065,12.0,101.0,89.0,26.415406806309285,2.415300546448087,2.0,6.0,4.0,0.7907842080935817,13.442622950819668,1.0,16.0,15.0,5.0749290236947,1.1405648865573768,0.075545,1.461112979,1.385567979,0.472394989132861,0.2524280510018215,0.0,1.172,1.172,0.36511634763827855,-0.546448087431694,-2.0,4.0,6.0,2.1176960939649336
Li6PS5Cl,-3.270025714,712,train,298.36,4,1.1189688668816267,0.46153846153846156,0.07692307692307693,0.46153846153846156,0.0,0.0,0.0,0.0,0.46153846153846156,0.0,0.0,0.0,0.0,0.0,0.0,0.0,0.0,0.0,0.0,0.0,0.0,0.0,0.0,0.0,0.0,0.0,0.0,0.0,0.0,0.0,0.0,0.0,0.0,0.0,0.0,0.0,0.0,0.0,0.0,0.0,0.0,0.0,0.0,0.0,0.0,0.0,0.07692307692307693,0.0,0.0,0.0,0.0,0.38461538461538464,0.0,0.0,0.0,0.07692307692307693,0.0,0.0,1.856153846153846,0.98,3.16,2.18,0.8337638335749008,20.645981692307693,6.941,35.453,28.512000000000004,12.72441587574028,1.2076923076923076,1.0,1.45,0.44999999999999996,0.22433333186796436,56.230769230769226,12.0,99.0,87.0,40.988091790653705,2.5384615384615388,2.0,3.0,1.0,0.49851851526214314,9.076923076923077,1.0,17.0,16.0,7.488057553007974,1.4194731546153847,0.61804922,3.61272528,2.9946760599999998,0.9314660157198721,0.6642307692307693,0.33499999999999996,0.9,0.5650000000000001,0.22250191143384812,1.782051282051282,1.0,3.0,2.0,0.7717906124765339
Li3YCl6,-3.26841123481326,713,train,298.0,3,0.8979457248567797,0.6,0.1,0.6,0.0,0.0,0.0,0.0,0.3,0.0,0.0,0.0,0.0,0.0,0.0,0.0,0.1,0.0,0.0,0.0,0.0,0.0,0.0,0.0,0.0,0.0,0.0,0.0,0.0,0.0,0.0,0.0,0.0,0.0,0.0,0.0,0.0,0.0,0.0,0.0,0.0,0.0,0.0,0.0,0.0,0.0,0.0,0.0,0.0,0.0,0.0,0.0,0.0,0.0,0.0,0.6,0.0,0.0,2.3120000000000003,0.98,3.16,2.18,1.0406613281947208,32.24468500000001,6.941,88.90585,81.96485,22.788323224252924,1.215,1.0,1.8,0.8,0.2802231253840411,65.50000000000001,12.0,99.0,87.0,41.183127613137884,2.9000000000000004,2.0,5.0,3.0,0.8306623862918076,10.800000000000002,1.0,17.0,16.0,7.6131465242697125,2.3841791540000004,0.3112922,3.61272528,3.30143308,1.5069989601069265,0.5750000000000001,0.33499999999999996,1.04,0.7050000000000001,0.2964287435455611,2.4,1.0,3.0,2.0,0.9165151389911681
(YPO4)0.8(Li3PO4)0.2,-3.26760624,714,test,673.0,4,1.0656468608080325,0.625,0.09375000000000001,0.625,0.0,0.0,0.0,0.0,0.09375000000000001,0.0,0.0,0.0,0.0,0.0,0.0,0.0,0.125,0.0,0.0,0.0,0.0,0.0,0.0,0.0,0.0,0.0,0.0,0.0,0.0,0.0,0.0,0.0,0.0,0.0,0.0,0.0,0.0,0.0,0.0,0.0,0.0,0.0,0.0,0.0,0.0,0.0,0.15625,0.0,0.0,0.0,0.0,0.0,0.0,0.0,0.0,0.0,0.625,0.0,2.7365625,0.98,3.44,2.46,0.9657659181156426,26.6032253125,6.941,88.90585,81.96485,24.38660471471013,0.8921875,0.6,1.8,1.2000000000000002,0.43285198375859385,81.4375,12.0,101.0,89.0,33.178435673642,2.53125,2.0,5.0,3.0,0.9995115994824673,12.8125,1.0,16.0,15.0,5.675812166553787,1.1267069246874999,0.3112922,1.461112979,1.149820779,0.4470291727557747,0.30031250000000004,0.0,1.04,1.04,0.4101408628066094,-0.5208333333333333,-2.0,3.0,5.0,1.9701549219964065
Li3.2Ge0.2P0.8S4,-3.26760624,715,train,300.0,4,1.0350051771580668,0.4878048780487804,0.024390243902439022,0.4878048780487804,0.0,0.0,0.0,0.0,0.39024390243902435,0.0,0.0,0.0,0.0,0.0,0.0,0.0,0.0,0.0,0.0,0.0,0.0,0.0,0.0,0.0,0.0,0.0,0.0,0.0,0.0,0.0,0.0,0.0,0.0,0.0,0.0,0.0,0.0,0.0,0.0,0.0,0.024390243902439022,0.0,0.0,0.0,0.0,0.0,0.09756097560975609,0.0,0.0,0.0,0.0,0.4878048780487804,0.0,0.0,0.0,0.0,0.0,0.0,1.9036585365853655,0.98,2.58,1.6,0.7512323407203659,23.14368409756097,6.941,72.64,65.699,14.387795359698481,1.1817073170731707,1.0,1.45,0.44999999999999996,0.21801658517157602,61.36585365853657,12.0,94.0,82.0,39.53495279577238,2.6341463414634143,2.0,4.0,2.0,0.5298917312780592,9.999999999999998,1.0,16.0,15.0,7.211102550927978,1.3573167212926829,0.61804922,2.07710426,1.45905504,0.709062166345779,0.6529268292682926,0.47,0.9,0.43000000000000005,0.20374833714645738,1.7886178861788615,0.6666666666666666,2.5,1.8333333333333335,0.7222972143883339
LiSrTiTaO6,-3.259637311,716,train,298.0,5,1.2275294114572126,0.6,0.1,0.6,0.0,0.0,0.0,0.1,0.1,0.0,0.0,0.0,0.0,0.0,0.0,0.0,0.0,0.0,0.0,0.0,0.0,0.0,0.0,0.1,0.1,0.0,0.0,0.0,0.0,0.0,0.0,0.0,0.0,0.0,0.0,0.0,0.0,0.0,0.0,0.0,0.0,0.0,0.0,0.0,0.0,0.0,0.0,0.0,0.0,0.0,0.0,0.0,0.0,0.0,0.0,0.0,0.6,0.0,2.5610000000000004,0.95,3.44,2.49,1.090820333510519,41.93722800000001,6.941,180.94788,174.00688,51.67920348207252,0.9900000000000002,0.6,2.0,1.4,0.5023942674832189,73.60000000000001,12.0,101.0,89.0,35.65164792825151,2.9000000000000004,2.0,6.0,4.0,1.445683229480096,10.8,1.0,16.0,15.0,6.446704584514479,0.9841197324000001,0.052066,1.461112979,1.409046979,0.601892141027182,0.38916666666666677,0.0,1.32,1.32,0.4935209384278105,1.1102230246251568e-16,-2.0,5.0,7.0,2.6457513110645907
Li1.3Y0.3Ti1.7(PO4)3,-3.256490235,717,train,298.0,5,1.049159726908797,0.6557377049180328,0.01639344262295082,0.6557377049180328,0.0,0.0,0.0,0.0,0.07103825136612023,0.0,0.0,0.0,0.0,0.0,0.0,0.0,0.01639344262295082,0.0,0.0,0.0,0.0,0.0,0.0,0.0,0.09289617486338798,0.0,0.0,0.0,0.0,0.0,0.0,0.0,0.0,0.0,0.0,0.0,0.0,0.0,0.0,0.0,0.0,0.0,0.0,0.0,0.0,0.0,0.1639344262295082,0.0,0.0,0.0,0.0,0.0,0.0,0.0,0.0,0.0,0.6557377049180328,0.0,2.8474316939890714,0.98,3.44,2.46,0.8666337516748002,21.966286393442623,6.941,88.90585,81.96485,13.728131230448682,0.8199453551912569,0.6,1.8,1.2000000000000002,0.3350205886630738,86.98360655737706,12.0,101.0,89.0,26.702054813347964,2.398907103825137,2.0,5.0,3.0,0.7238323229916299,13.442622950819672,1.0,16.0,15.0,5.0749290236947,1.136527935737705,0.075545,1.461112979,1.385567979,0.47837441361576494,0.250264116575592,0.0,1.04,1.04,0.36001544029265375,-0.5464480874316939,-2.0,4.0,6.0,2.117696093964934
Li3.2Ge0.2P0.8S4,-3.25570701687732,718,train,298.0,4,1.0350051771580668,0.4878048780487804,0.024390243902439022,0.4878048780487804,0.0,0.0,0.0,0.0,0.39024390243902435,0.0,0.0,0.0,0.0,0.0,0.0,0.0,0.0,0.0,0.0,0.0,0.0,0.0,0.0,0.0,0.0,0.0,0.0,0.0,0.0,0.0,0.0,0.0,0.0,0.0,0.0,0.0,0.0,0.0,0.0,0.0,0.024390243902439022,0.0,0.0,0.0,0.0,0.0,0.09756097560975609,0.0,0.0,0.0,0.0,0.4878048780487804,0.0,0.0,0.0,0.0,0.0,0.0,1.9036585365853655,0.98,2.58,1.6,0.7512323407203659,23.14368409756097,6.941,72.64,65.699,14.387795359698481,1.1817073170731707,1.0,1.45,0.44999999999999996,0.21801658517157602,61.36585365853657,12.0,94.0,82.0,39.53495279577238,2.6341463414634143,2.0,4.0,2.0,0.5298917312780592,9.999999999999998,1.0,16.0,15.0,7.211102550927978,1.3573167212926829,0.61804922,2.07710426,1.45905504,0.709062166345779,0.6529268292682926,0.47,0.9,0.43000000000000005,0.20374833714645738,1.7886178861788615,0.6666666666666666,2.5,1.8333333333333335,0.7222972143883339
Li9.8Ba0.1GeP2S12,-3.25103713874384,719,test,298.0,5,1.0726082440768288,0.48192771084337355,0.004016064257028113,0.48192771084337355,0.0,0.004016064257028113,0.0,0.0,0.3935742971887551,0.0,0.0,0.0,0.0,0.0,0.0,0.0,0.0,0.0,0.0,0.0,0.0,0.0,0.0,0.0,0.0,0.0,0.0,0.0,0.0,0.0,0.0,0.0,0.0,0.0,0.0,0.0,0.0,0.0,0.0,0.0,0.040160642570281124,0.0,0.0,0.0,0.0,0.0,0.08032128514056225,0.0,0.0,0.0,0.0,0.48192771084337355,0.0,0.0,0.0,0.0,0.0,0.0,1.8892771084337352,0.89,2.58,1.69,0.7531184695882929,24.141446746987953,6.941,137.327,130.386,17.215084728164964,1.1917670682730925,1.0,2.15,1.15,0.22526755613542815,60.682730923694784,12.0,94.0,82.0,39.58986198079658,2.6586345381526106,2.0,6.0,4.0,0.5944317787013137,9.879518072289157,1.0,16.0,15.0,7.2195588708614356,1.3543168959437755,0.144626,2.07710426,1.9324782600000001,0.7079948179988074,0.6618072289156627,0.47,1.49,1.02,0.21044881039134516,1.7670682730923697,0.6666666666666666,2.5,1.8333333333333335,0.7349287861010683
(La0.6Li0.4)(Ti0.8Al0.2)O3,-3.24565166428898,720,test,298.0,5,1.1849533573427236,0.6,0.04,0.6,0.0,0.0,0.0,0.0,0.08,0.0,0.12,0.0,0.0,0.0,0.0,0.0,0.0,0.0,0.0,0.0,0.0,0.0,0.0,0.0,0.16,0.0,0.0,0.04,0.0,0.0,0.0,0.0,0.0,0.0,0.0,0.0,0.0,0.0,0.0,0.0,0.0,0.0,0.0,0.0,0.0,0.0,0.0,0.0,0.0,0.0,0.0,0.0,0.0,0.0,0.0,0.0,0.6,0.0,2.5852,0.98,3.44,2.46,1.0592794532133625,35.561557944,6.941,138.90547,131.96447,40.0487941647557,0.984,0.6,1.95,1.35,0.49834124854360584,76.88,12.0,101.0,89.0,32.006649309166995,2.8400000000000003,2.0,6.0,4.0,1.3763720427268202,11.2,1.0,16.0,15.0,6.216108107168021,1.022417869,0.075545,1.461112979,1.385567979,0.5584273233710837,0.37590666666666667,0.0,1.172,1.172,0.4718082616204737,0.0,-2.0,4.0,6.0,2.545584412271571
Li1.3Sc0.3Ti1.7(PO4)3,-3.245651664,721,train,298.0,5,1.049159726908797,0.6557377049180328,0.01639344262295082,0.6557377049180328,0.0,0.0,0.0,0.0,0.07103825136612023,0.0,0.0,0.0,0.0,0.0,0.0,0.0,0.0,0.0,0.0,0.0,0.0,0.0,0.01639344262295082,0.0,0.09289617486338798,0.0,0.0,0.0,0.0,0.0,0.0,0.0,0.0,0.0,0.0,0.0,0.0,0.0,0.0,0.0,0.0,0.0,0.0,0.0,0.0,0.0,0.1639344262295082,0.0,0.0,0.0,0.0,0.0,0.0,0.0,0.0,0.0,0.6557377049180328,0.0,2.849726775956284,0.98,3.44,2.46,0.8624963335276399,21.245795606557376,6.941,47.867,40.925999999999995,11.097266681770096,0.8166666666666665,0.6,1.6,1.0,0.3262777879350935,86.88524590163934,12.0,101.0,89.0,26.94018776368886,2.3825136612021853,2.0,4.0,2.0,0.6743709625781368,13.442622950819668,1.0,16.0,15.0,5.074929023694699,1.1343654444262292,0.075545,1.461112979,1.385567979,0.48238137602882525,0.2477231329690346,0.0,0.9,0.9,0.35494380012032584,-0.5464480874316938,-2.0,4.0,6.0,2.1176960939649336
Li9.6Ba0.2GeP2S12,-3.24260397120698,722,train,298.0,5,1.0900286402097485,0.48387096774193544,0.008064516129032258,0.48387096774193544,0.0,0.008064516129032258,0.0,0.0,0.3870967741935483,0.0,0.0,0.0,0.0,0.0,0.0,0.0,0.0,0.0,0.0,0.0,0.0,0.0,0.0,0.0,0.0,0.0,0.0,0.0,0.0,0.0,0.0,0.0,0.0,0.0,0.0,0.0,0.0,0.0,0.0,0.0,0.04032258064516129,0.0,0.0,0.0,0.0,0.0,0.08064516129032258,0.0,0.0,0.0,0.0,0.48387096774193544,0.0,0.0,0.0,0.0,0.0,0.0,1.89258064516129,0.89,2.58,1.69,0.7528760671774711,24.73655338709677,6.941,137.327,130.386,18.61373663122797,1.193548387096774,1.0,2.15,1.15,0.23261900717137995,60.88709677419354,12.0,94.0,82.0,39.53871309876895,2.677419354838709,2.0,6.0,4.0,0.629239006552618,9.919354838709676,1.0,16.0,15.0,7.207295558056868,1.3553767526209677,0.144626,2.07710426,1.9324782600000001,0.7104967657328493,0.6632258064516128,0.47,1.49,1.02,0.2162717391165075,1.7741935483870965,0.6666666666666666,2.5,1.8333333333333335,0.7332947046238262
Li3N,-3.240332155,723,test,298.0,2,0.5623351446188083,0.75,0.25,0.25,0.0,0.0,0.0,0.0,0.75,0.0,0.0,0.0,0.0,0.0,0.0,0.0,0.0,0.0,0.0,0.0,0.0,0.0,0.0,0.0,0.0,0.0,0.0,0.0,0.0,0.0,0.0,0.0,0.0,0.0,0.0,0.0,0.0,0.0,0.0,0.0,0.0,0.0,0.0,0.0,0.0,0.0,0.0,0.0,0.0,0.0,0.0,0.0,0.0,0.0,0.25,0.0,0.0,0.0,1.495,0.98,3.04,2.06,0.8920061658979719,8.707425,6.941,14.0067,7.0657000000000005,3.0595378477598545,1.25,0.65,1.45,0.7999999999999999,0.3464101615137754,34.0,12.0,100.0,88.0,38.1051177665153,2.0,2.0,2.0,0.0,0.0,4.5,1.0,15.0,14.0,6.06217782649107,0.4460369149999999,-0.07,0.61804922,0.6880492199999999,0.297934051787034,0.7462500000000001,0.28500000000000003,0.9,0.615,0.2663028116637149,1.1666666666666667,1.0,1.6666666666666667,0.6666666666666667,0.2886751345948129
Li0.27La0.59TiO3,-3.236572006,724,train,298.0,4,1.0396776247889223,0.617283950617284,0.055555555555555566,0.617283950617284,0.0,0.0,0.0,0.0,0.055555555555555566,0.0,0.12139917695473251,0.0,0.0,0.0,0.0,0.0,0.0,0.0,0.0,0.0,0.0,0.0,0.0,0.0,0.20576131687242802,0.0,0.0,0.0,0.0,0.0,0.0,0.0,0.0,0.0,0.0,0.0,0.0,0.0,0.0,0.0,0.0,0.0,0.0,0.0,0.0,0.0,0.0,0.0,0.0,0.0,0.0,0.0,0.0,0.0,0.0,0.0,0.617283950617284,0.0,2.6283127572016465,0.98,3.44,2.46,1.0415831734053718,36.973970637860084,6.941,138.90547,131.96447,40.09276378004359,0.9757201646090536,0.6,1.95,1.35,0.5019068535031063,77.51234567901236,12.0,101.0,89.0,31.050583512602444,2.8971193415637866,2.0,6.0,4.0,1.4002174780217505,11.11934156378601,1.0,16.0,15.0,6.230992197394619,1.0194875482304526,0.075545,1.461112979,1.385567979,0.5818831749888239,0.36751989026063103,0.0,1.172,1.172,0.4753180101135986,0.008230452674897193,-2.0,4.0,6.0,2.628573240414826
Li0.7Al0.3Ti1.7(PO4)3,-3.230622674,725,test,298.0,5,0.986224504652601,0.6779661016949153,0.01694915254237288,0.6779661016949153,0.0,0.0,0.0,0.0,0.03954802259887005,0.0,0.0,0.0,0.0,0.0,0.0,0.0,0.0,0.0,0.0,0.0,0.0,0.0,0.0,0.0,0.096045197740113,0.0,0.0,0.01694915254237288,0.0,0.0,0.0,0.0,0.0,0.0,0.0,0.0,0.0,0.0,0.0,0.0,0.0,0.0,0.0,0.0,0.0,0.0,0.16949152542372883,0.0,0.0,0.0,0.0,0.0,0.0,0.0,0.0,0.0,0.6779661016949153,0.0,2.917344632768362,0.98,3.44,2.46,0.7965393084643217,21.426053535593223,6.941,47.867,40.925999999999995,10.553870434266214,0.7892655367231639,0.6,1.45,0.85,0.2974904880953302,90.45762711864408,12.0,101.0,89.0,21.6844254301063,2.378531073446328,2.0,4.0,2.0,0.6537091825591289,14.033898305084747,1.0,16.0,15.0,4.380101777684907,1.156163532881356,0.075545,1.461112979,1.385567979,0.47323531937658997,0.2220527306967985,0.0,0.9,0.9,0.33374417954877905,-0.5988700564971752,-2.0,4.0,6.0,2.13373906895301
La0.58Li0.27TiO3,-3.22257317761069,726,train,298.0,4,1.0374580641550528,0.6185567010309279,0.055670103092783516,0.6185567010309279,0.0,0.0,0.0,0.0,0.055670103092783516,0.0,0.11958762886597939,0.0,0.0,0.0,0.0,0.0,0.0,0.0,0.0,0.0,0.0,0.0,0.0,0.0,0.2061855670103093,0.0,0.0,0.0,0.0,0.0,0.0,0.0,0.0,0.0,0.0,0.0,0.0,0.0,0.0,0.0,0.0,0.0,0.0,0.0,0.0,0.0,0.0,0.0,0.0,0.0,0.0,0.0,0.0,0.0,0.0,0.0,0.6185567010309279,0.0,2.6314639175257732,0.98,3.44,2.46,1.0403396160578007,36.76380259793815,6.941,138.90547,131.96447,39.86573819142037,0.9737113402061857,0.6,1.95,1.35,0.5004684807065057,77.60412371134022,12.0,101.0,89.0,31.01665637501448,2.8907216494845365,2.0,6.0,4.0,1.394546260629763,11.136082474226805,1.0,16.0,15.0,6.226484596157586,1.0204400046185567,0.075545,1.461112979,1.385567979,0.5821041683598951,0.36586116838487975,0.0,1.172,1.172,0.4744005479802378,0.0020618556701031965,-2.0,4.0,6.0,2.627765284024898
Li0.5La0.5TiO3,-3.220403509,727,train,345.0,4,1.0888999753452238,0.6,0.1,0.6,0.0,0.0,0.0,0.0,0.1,0.0,0.1,0.0,0.0,0.0,0.0,0.0,0.0,0.0,0.0,0.0,0.0,0.0,0.0,0.0,0.2,0.0,0.0,0.0,0.0,0.0,0.0,0.0,0.0,0.0,0.0,0.0,0.0,0.0,0.0,0.0,0.0,0.0,0.0,0.0,0.0,0.0,0.0,0.0,0.0,0.0,0.0,0.0,0.0,0.0,0.0,0.0,0.6,0.0,2.58,0.98,3.44,2.46,1.0654201049351377,33.757687000000004,6.941,138.90547,131.96447,37.50396904486405,0.98,0.6,1.95,1.35,0.48795491595023405,75.3,12.0,101.0,89.0,33.0758219852508,2.8,2.0,6.0,4.0,1.3266499161421599,10.8,1.0,16.0,15.0,6.4156059729381765,1.0093363294,0.075545,1.461112979,1.385567979,0.5766944826746587,0.37753333333333333,0.0,1.172,1.172,0.4699938344749263,1.1102230246251565e-16,-2.0,4.0,6.0,2.569046515733026
(Li2S)0.75(P2S5)0.25,-3.218244625,728,train,307.76,3,0.9743147528693494,0.5,0.125,0.5,0.0,0.0,0.0,0.0,0.375,0.0,0.0,0.0,0.0,0.0,0.0,0.0,0.0,0.0,0.0,0.0,0.0,0.0,0.0,0.0,0.0,0.0,0.0,0.0,0.0,0.0,0.0,0.0,0.0,0.0,0.0,0.0,0.0,0.0,0.0,0.0,0.0,0.0,0.0,0.0,0.0,0.0,0.125,0.0,0.0,0.0,0.0,0.5,0.0,0.0,0.0,0.0,0.0,0.0,1.93125,0.98,2.58,1.6,0.7470849600279743,22.50709525,6.941,32.065,25.124,12.062382552236848,1.16875,1.0,1.45,0.44999999999999996,0.21785531322416718,62.75,12.0,94.0,82.0,39.33112635051277,2.625,2.0,3.0,1.0,0.4841229182759271,10.25,1.0,16.0,15.0,7.171994143890526,1.36364672625,0.61804922,2.07710426,1.45905504,0.7145425944008401,0.64125,0.47,0.9,0.43000000000000005,0.20201717129986752,1.8333333333333335,1.0,2.5,1.5,0.6972166887783963
Li1.4Y0.4Ti1.6(PO4)3,-3.214670165,729,train,298.0,5,1.0660861369642038,0.6521739130434783,0.02173913043478261,0.6521739130434783,0.0,0.0,0.0,0.0,0.07608695652173914,0.0,0.0,0.0,0.0,0.0,0.0,0.0,0.02173913043478261,0.0,0.0,0.0,0.0,0.0,0.0,0.0,0.08695652173913045,0.0,0.0,0.0,0.0,0.0,0.0,0.0,0.0,0.0,0.0,0.0,0.0,0.0,0.0,0.0,0.0,0.0,0.0,0.0,0.0,0.0,0.16304347826086957,0.0,0.0,0.0,0.0,0.0,0.0,0.0,0.0,0.0,0.6521739130434783,0.0,2.8355434782608695,0.98,3.44,2.46,0.8780021344561988,22.107664456521743,6.941,88.90585,81.96485,14.468971698497366,0.8255434782608695,0.6,1.8,1.2000000000000002,0.3422666267134655,86.43478260869567,12.0,101.0,89.0,27.444926809183457,2.4021739130434785,2.0,5.0,3.0,0.7380907009289114,13.369565217391303,1.0,16.0,15.0,5.153549623706709,1.1349913514130432,0.075545,1.461112979,1.385567979,0.4760675391358862,0.25481884057971016,0.0,1.04,1.04,0.36414858812633694,-0.543478260869565,-2.0,4.0,6.0,2.104582871051081
Li49.6Al1.6La24Zr14.4Ta1.6O96,-3.21183162885883,730,train,298.0,6,1.2364470007385708,0.5128205128205129,0.008547008547008548,0.5128205128205129,0.0,0.0,0.0,0.0,0.26495726495726496,0.0,0.12820512820512822,0.0,0.0,0.0,0.0,0.0,0.0,0.0,0.0,0.0,0.0,0.07692307692307693,0.0,0.008547008547008548,0.0,0.0,0.0,0.008547008547008548,0.0,0.0,0.0,0.0,0.0,0.0,0.0,0.0,0.0,0.0,0.0,0.0,0.0,0.0,0.0,0.0,0.0,0.0,0.0,0.0,0.0,0.0,0.0,0.0,0.0,0.0,0.0,0.0,0.5128205128205129,0.0,2.293675213675214,0.98,3.44,2.46,1.1809380584656617,36.64668776581197,6.941,180.94788,174.00688,46.91428521761756,1.084188034188034,0.6,1.95,1.35,0.5194774483497804,64.10256410256412,12.0,101.0,89.0,39.52741872462981,2.7863247863247866,2.0,6.0,4.0,1.5068451212052842,9.316239316239319,1.0,16.0,15.0,6.985515628233923,1.0243657503418806,0.32885923,1.461112979,1.132253749,0.4511103696175205,0.4676495726495727,0.0,1.172,1.172,0.4884192068757294,-5.551115123125783e-17,-2.0,5.0,7.0,2.234155990850458
Li1.35Al0.35Ge0.2Ti1.45(PO4)3,-3.209011525,731,train,298.0,6,1.091139127959215,0.6539509536784741,0.010899182561307902,0.6539509536784741,0.0,0.0,0.0,0.0,0.07356948228882834,0.0,0.0,0.0,0.0,0.0,0.0,0.0,0.0,0.0,0.0,0.0,0.0,0.0,0.0,0.0,0.07901907356948228,0.0,0.0,0.019073569482288825,0.0,0.0,0.0,0.0,0.0,0.0,0.0,0.0,0.0,0.0,0.0,0.0,0.010899182561307902,0.0,0.0,0.0,0.0,0.0,0.16348773841961853,0.0,0.0,0.0,0.0,0.0,0.0,0.0,0.0,0.0,0.6539509536784741,0.0,2.854032697547684,0.98,3.44,2.46,0.8536551186522401,21.126055831607633,6.941,72.64,65.699,11.57269490608085,0.8106267029972752,0.6,1.45,0.85,0.3133433833802835,88.11716621253406,12.0,101.0,89.0,25.40998762275815,2.362397820163488,2.0,4.0,2.0,0.6410164992929749,13.705722070844688,1.0,16.0,15.0,4.800720309160708,1.150687591694823,0.075545,1.461112979,1.385567979,0.4602457453403786,0.24469573115349688,0.0,0.9,0.9,0.34876672525285374,-0.5812897366030881,-2.0,4.0,6.0,2.060684238168108
Li0.33La0.56Ti0.96Al0.04O2.96F0.04,-3.206209615,732,train,298.0,6,1.1322017042819161,0.6053169734151329,0.0081799591002045,0.6134969325153374,0.0,0.0,0.0,0.0,0.06748466257668713,0.0,0.114519427402863,0.0,0.0,0.0,0.0,0.0,0.0,0.0,0.0,0.0,0.0,0.0,0.0,0.0,0.19631901840490798,0.0,0.0,0.0081799591002045,0.0,0.0,0.0,0.0,0.0,0.0,0.0,0.0,0.0,0.0,0.0,0.0,0.0,0.0,0.0,0.0,0.0,0.0,0.0,0.0,0.0,0.0,0.0,0.0,0.0,0.0,0.0,0.0,0.6053169734151329,0.0081799591002045,2.6224539877300614,0.98,3.98,3.0,1.051457120430372,35.83381081226994,6.941,138.90547,131.96447,39.27446434111007,0.9735173824130878,0.5,1.95,1.45,0.4971278450043095,77.22699386503068,12.0,102.0,90.0,31.517314476681676,2.8588957055214723,2.0,6.0,4.0,1.3740687894724983,11.12678936605317,1.0,17.0,16.0,6.2563079103681245,1.0361882874028627,0.075545,3.401189824,3.325644824,0.6141923479277984,0.36947239263803683,0.0,1.172,1.172,0.471142184661512,0.002044989775051187,-2.0,4.0,6.0,2.5965991424092354
Li6.25Ba1.25La1.75Ta2O12,-3.20481541,733,test,373.0,5,1.257399094397555,0.5161290322580645,0.053763440860215055,0.5161290322580645,0.0,0.053763440860215055,0.0,0.0,0.26881720430107525,0.0,0.07526881720430108,0.0,0.0,0.0,0.0,0.0,0.0,0.0,0.0,0.0,0.0,0.0,0.0,0.08602150537634409,0.0,0.0,0.0,0.0,0.0,0.0,0.0,0.0,0.0,0.0,0.0,0.0,0.0,0.0,0.0,0.0,0.0,0.0,0.0,0.0,0.0,0.0,0.0,0.0,0.0,0.0,0.0,0.0,0.0,0.0,0.0,0.0,0.5161290322580645,0.0,2.298602150537634,0.89,3.44,2.55,1.1872128663819737,43.52744655913978,6.941,180.94788,174.00688,59.4403866272137,1.0865591397849461,0.6,2.15,1.5499999999999998,0.534766544629686,63.064516129032256,12.0,101.0,89.0,40.641312328425386,2.8602150537634405,2.0,6.0,4.0,1.643438552648843,9.29032258064516,1.0,16.0,15.0,7.009334245319479,0.9982954917419353,0.144626,1.461112979,1.316486979,0.4917055985283417,0.4807956989247312,0.0,1.49,1.49,0.516881562506267,1.1102230246251565e-16,-2.0,5.0,7.0,2.3186944788008415
Li1.1Fe0.1Ti1.9(PO4)3,-3.20065945054642,734,train,298.0,5,1.0059217871296122,0.6629834254143646,0.0055248618784530384,0.6629834254143646,0.0,0.0,0.0,0.0,0.06077348066298342,0.0,0.0,0.0,0.0,0.0,0.0,0.0,0.0,0.0,0.0,0.0,0.0,0.0,0.0,0.0,0.10497237569060772,0.0,0.0,0.0,0.0,0.0,0.0,0.0,0.0,0.0,0.0055248618784530384,0.0,0.0,0.0,0.0,0.0,0.0,0.0,0.0,0.0,0.0,0.0,0.16574585635359115,0.0,0.0,0.0,0.0,0.0,0.0,0.0,0.0,0.0,0.6629834254143646,0.0,2.874972375690608,0.98,3.44,2.46,0.8371199141210972,21.496187071823204,6.941,55.845,48.903999999999996,11.283317224052134,0.806353591160221,0.6,1.45,0.85,0.3139500027951256,88.29834254143647,12.0,101.0,89.0,24.726111804884283,2.386740331491713,2.0,4.0,2.0,0.6768801390405206,13.61878453038674,1.0,16.0,15.0,4.862016572623737,1.1387788041436466,0.075545,1.461112979,1.385567979,0.484652481600117,0.23996777163904234,0.0,0.9,0.9,0.34919277214261285,-0.5552486187845305,-2.0,4.0,6.0,2.1398363741151147
Li6.5La2.8Ba0.2Zr1.3Ta0.7O12,-3.19997064075587,735,train,298.0,6,1.2575092800442667,0.5106382978723404,0.00851063829787234,0.5106382978723404,0.0,0.00851063829787234,0.0,0.0,0.2765957446808511,0.0,0.11914893617021276,0.0,0.0,0.0,0.0,0.0,0.0,0.0,0.0,0.0,0.0,0.055319148936170216,0.0,0.02978723404255319,0.0,0.0,0.0,0.0,0.0,0.0,0.0,0.0,0.0,0.0,0.0,0.0,0.0,0.0,0.0,0.0,0.0,0.0,0.0,0.0,0.0,0.0,0.0,0.0,0.0,0.0,0.0,0.0,0.0,0.0,0.0,0.0,0.5106382978723404,0.0,2.2845531914893615,0.89,3.44,2.55,1.1852997252425344,38.24530774468085,6.941,180.94788,174.00688,50.758599163365325,1.0870212765957445,0.6,2.15,1.5499999999999998,0.5212420309860433,63.204255319148935,12.0,101.0,89.0,39.98575255543121,2.7957446808510635,2.0,6.0,4.0,1.543959740243567,9.191489361702127,1.0,16.0,15.0,7.018026327001244,1.0184769105957445,0.144626,1.461112979,1.316486979,0.45751538084136906,0.47325957446808514,0.0,1.49,1.49,0.4935245156167143,2.7755575615628914e-17,-2.0,5.0,7.0,2.2484036890505608
Li3.4Si0.4P0.6S4,-3.193820026,736,train,300.0,4,1.0528742957319466,0.4761904761904763,0.04761904761904763,0.4761904761904763,0.0,0.0,0.0,0.0,0.4047619047619048,0.0,0.0,0.0,0.0,0.0,0.0,0.0,0.0,0.0,0.0,0.0,0.0,0.0,0.0,0.0,0.0,0.0,0.0,0.0,0.0,0.0,0.0,0.0,0.0,0.0,0.0,0.0,0.04761904761904763,0.0,0.0,0.0,0.0,0.0,0.0,0.0,0.0,0.0,0.07142857142857144,0.0,0.0,0.0,0.0,0.4761904761904763,0.0,0.0,0.0,0.0,0.0,0.0,1.8721428571428573,0.98,2.58,1.6,0.7536657580319887,21.62831633333333,6.941,32.065,25.124,12.14111792077524,1.1869047619047617,1.0,1.45,0.44999999999999996,0.21796120335463473,60.0952380952381,12.0,94.0,82.0,39.71254421213092,2.595238095238095,2.0,3.0,1.0,0.49084590781162624,9.761904761904761,1.0,16.0,15.0,7.240131292579358,1.3587569483333333,0.61804922,2.07710426,1.45905504,0.7032837938916269,0.6530952380952381,0.47,0.9,0.43000000000000005,0.20495630306921633,1.7142857142857142,0.0,2.5,2.5,0.8003683959034101
La0.56Li0.36Ti0.95Al0.05O3,-3.193820026,737,train,298.0,5,1.1045221857470429,0.6097560975609756,0.010162601626016262,0.6097560975609756,0.0,0.0,0.0,0.0,0.07317073170731707,0.0,0.11382113821138212,0.0,0.0,0.0,0.0,0.0,0.0,0.0,0.0,0.0,0.0,0.0,0.0,0.0,0.19308943089430894,0.0,0.0,0.010162601626016262,0.0,0.0,0.0,0.0,0.0,0.0,0.0,0.0,0.0,0.0,0.0,0.0,0.0,0.0,0.0,0.0,0.0,0.0,0.0,0.0,0.0,0.0,0.0,0.0,0.0,0.0,0.0,0.0,0.6097560975609756,0.0,2.6081910569105693,0.98,3.44,2.46,1.0512941019051276,35.59080287195122,6.941,138.90547,131.96447,39.22841288800495,0.976930894308943,0.6,1.95,1.35,0.4960835755430636,76.880081300813,12.0,101.0,89.0,31.801401155303594,2.8516260162601625,2.0,6.0,4.0,1.370544295166782,11.07520325203252,1.0,16.0,15.0,6.272312607523121,1.0185918756504064,0.075545,1.461112979,1.385567979,0.5749324122607882,0.37055962059620595,0.0,1.172,1.172,0.4722095158325964,-0.00203252032520318,-2.0,4.0,6.0,2.5918093185375106
Li0.33La0.56Ti0.93Al0.07O2.93F0.07,-3.19044028536473,738,train,298.0,6,1.1742244248499434,0.5991820040899796,0.014314928425357875,0.6134969325153374,0.0,0.0,0.0,0.0,0.06748466257668713,0.0,0.114519427402863,0.0,0.0,0.0,0.0,0.0,0.0,0.0,0.0,0.0,0.0,0.0,0.0,0.0,0.1901840490797546,0.0,0.0,0.014314928425357875,0.0,0.0,0.0,0.0,0.0,0.0,0.0,0.0,0.0,0.0,0.0,0.0,0.0,0.0,0.0,0.0,0.0,0.0,0.0,0.0,0.0,0.0,0.0,0.0,0.0,0.0,0.0,0.0,0.5991820040899796,0.014314928425357875,2.626196319018405,0.98,3.98,3.0,1.0544449931918838,35.724077939877304,6.941,138.90547,131.96447,39.26053045240455,0.9719836400817996,0.5,1.95,1.45,0.4969974794904685,77.41104294478528,12.0,102.0,90.0,31.455242340370027,2.852760736196319,2.0,6.0,4.0,1.3711896622977058,11.188139059304703,1.0,17.0,16.0,6.238066924135045,1.0502825625255625,0.075545,3.401189824,3.325644824,0.6378181096338936,0.3697382413087935,0.0,1.172,1.172,0.46948983282409434,0.002044989775051187,-2.0,4.0,6.0,2.584758675990632
Li3ErI6,-3.18708664335714,739,train,298.0,3,0.8979457248567798,0.6,0.1,0.6,0.0,0.0,0.0,0.0,0.3,0.0,0.0,0.0,0.0,0.0,0.0,0.0,0.0,0.1,0.0,0.0,0.0,0.0,0.0,0.0,0.0,0.0,0.0,0.0,0.0,0.0,0.0,0.0,0.0,0.0,0.0,0.0,0.0,0.0,0.0,0.0,0.0,0.0,0.0,0.0,0.0,0.0,0.0,0.0,0.0,0.0,0.0,0.0,0.6,0.0,0.0,0.0,0.0,0.0,2.0140000000000002,0.98,2.66,1.6800000000000002,0.7943827792695408,94.950882,6.941,167.259,160.31799999999998,58.81485580540529,1.45,1.4,1.75,0.3500000000000001,0.10246950765959602,64.0,12.0,97.0,85.0,40.50925820105819,4.2,2.0,6.0,4.0,1.469693845669907,10.8,1.0,17.0,16.0,7.6131465242697125,2.0520426882,0.312,3.059046537,2.747046537,1.2361674994217877,0.901,0.8800000000000001,1.03,0.1499999999999999,0.04392038251199547,2.3999999999999995,1.0,3.0,2.0,0.916515138991168
Li6.3P0.7Ge0.3S5I,-3.18708664335714,740,train,298.0,5,1.156802535188627,0.47368421052631576,0.022556390977443608,0.45112781954887216,0.0,0.0,0.0,0.0,0.47368421052631576,0.0,0.0,0.0,0.0,0.0,0.0,0.0,0.0,0.0,0.0,0.0,0.0,0.0,0.0,0.0,0.0,0.0,0.0,0.0,0.0,0.0,0.0,0.0,0.0,0.0,0.0,0.0,0.0,0.0,0.0,0.0,0.022556390977443608,0.0,0.0,0.0,0.0,0.0,0.05263157894736842,0.0,0.0,0.0,0.0,0.37593984962406013,0.07518796992481203,0.0,0.0,0.0,0.0,0.0,1.7947368421052634,0.98,2.66,1.6800000000000002,0.7821818135155912,28.152737097744364,6.941,126.90447,119.96347,31.577982637241117,1.248872180451128,1.0,1.45,0.44999999999999996,0.21776946538286848,54.94736842105264,12.0,97.0,85.0,40.78871209572786,2.699248120300752,2.0,5.0,3.0,0.8405598063554887,8.872180451127821,1.0,17.0,16.0,7.482725503445827,1.3707298664586467,0.61804922,3.059046537,2.440997317,0.8313749282739832,0.7154887218045113,0.47,0.9,0.43000000000000005,0.2057316529625353,1.7418546365914789,0.6666666666666666,3.0,2.3333333333333335,0.7887752012143676
La0.55Li0.36Ti0.992Al0.008O3,-3.184422252,741,test,298.0,5,1.071388474952026,0.6109979633401221,0.001629327902240326,0.6109979633401221,0.0,0.0,0.0,0.0,0.07331975560081466,0.0,0.1120162932790224,0.0,0.0,0.0,0.0,0.0,0.0,0.0,0.0,0.0,0.0,0.0,0.0,0.0,0.2020366598778004,0.0,0.0,0.001629327902240326,0.0,0.0,0.0,0.0,0.0,0.0,0.0,0.0,0.0,0.0,0.0,0.0,0.0,0.0,0.0,0.0,0.0,0.0,0.0,0.0,0.0,0.0,0.0,0.0,0.0,0.0,0.0,0.0,0.6109979633401221,0.0,2.610663951120163,0.98,3.44,2.46,1.0507467653395643,35.559039675926684,6.941,138.90547,131.96447,38.998942109931015,0.9762321792260692,0.6,1.95,1.35,0.49554456772110683,76.72138492871692,12.0,101.0,89.0,31.860448172555685,2.853767820773931,2.0,6.0,4.0,1.3686187080734844,11.014663951120164,1.0,16.0,15.0,6.299370288179659,1.016474620407332,0.075545,1.461112979,1.385567979,0.5791851980499874,0.37043856076035303,0.0,1.172,1.172,0.4725620706626073,0.000407331975560199,-2.0,4.0,6.0,2.6024428123818852
Li3.4Ge0.4P0.6S4,-3.18442225167573,742,train,298.0,4,1.0528742957319466,0.4761904761904763,0.04761904761904763,0.4761904761904763,0.0,0.0,0.0,0.0,0.4047619047619048,0.0,0.0,0.0,0.0,0.0,0.0,0.0,0.0,0.0,0.0,0.0,0.0,0.0,0.0,0.0,0.0,0.0,0.0,0.0,0.0,0.0,0.0,0.0,0.0,0.0,0.0,0.0,0.0,0.0,0.0,0.0,0.04761904761904763,0.0,0.0,0.0,0.0,0.0,0.07142857142857144,0.0,0.0,0.0,0.0,0.4761904761904763,0.0,0.0,0.0,0.0,0.0,0.0,1.8773809523809528,0.98,2.58,1.6,0.7542232192123848,23.749959190476194,6.941,72.64,65.699,16.27371462938814,1.1940476190476192,1.0,1.45,0.44999999999999996,0.21745343807911222,60.047619047619065,12.0,94.0,82.0,39.68324126363935,2.6428571428571432,2.0,4.0,2.0,0.5699385335040869,9.761904761904763,1.0,16.0,15.0,7.240131292579359,1.3512881451428573,0.61804922,2.07710426,1.45905504,0.7037501045794253,0.6640476190476192,0.47,0.9,0.43000000000000005,0.20476536541926094,1.7460317460317463,0.6666666666666666,2.5,1.8333333333333335,0.7429012332594643
Li6.4La3Zr1.4Sb0.6O12,-3.18045606445813,743,test,298.0,5,1.2228390326709018,0.5128205128205129,0.02564102564102564,0.5128205128205129,0.0,0.0,0.0,0.0,0.27350427350427353,0.0,0.12820512820512822,0.0,0.0,0.0,0.0,0.0,0.0,0.0,0.0,0.0,0.0,0.05982905982905983,0.0,0.0,0.0,0.0,0.0,0.0,0.0,0.0,0.0,0.0,0.0,0.0,0.0,0.0,0.0,0.0,0.0,0.0,0.0,0.0,0.0,0.02564102564102564,0.0,0.0,0.0,0.0,0.0,0.0,0.0,0.0,0.0,0.0,0.0,0.0,0.5128205128205129,0.0,2.3052991452991454,0.98,3.44,2.46,1.1770719666977012,36.491504700854705,6.941,138.90547,131.96447,46.52450795107711,1.0841880341880343,0.6,1.95,1.35,0.5189836209661903,64.4957264957265,12.0,101.0,89.0,39.90986081514404,2.7692307692307696,2.0,6.0,4.0,1.4929155515907322,9.487179487179487,1.0,16.0,15.0,7.030599036635371,1.0425878064102565,0.433289,1.461112979,1.0278239789999999,0.43760244927347225,0.46914529914529923,0.0,1.172,1.172,0.4893417393422692,-0.08547008547008547,-2.0,4.0,6.0,2.1212772971990823
Li0.95Hf1.95Ta0.05(PO4)3,-3.180456064,744,test,573.0,5,0.981268739077074,0.6685236768802229,0.0027855153203342623,0.6685236768802229,0.0,0.0,0.0,0.0,0.052924791086350974,0.0,0.0,0.0,0.0,0.0,0.0,0.0,0.0,0.0,0.0,0.10863509749303621,0.0,0.0,0.0,0.0027855153203342623,0.0,0.0,0.0,0.0,0.0,0.0,0.0,0.0,0.0,0.0,0.0,0.0,0.0,0.0,0.0,0.0,0.0,0.0,0.0,0.0,0.0,0.0,0.1671309192200557,0.0,0.0,0.0,0.0,0.0,0.0,0.0,0.0,0.0,0.6685236768802229,0.0,2.863008356545961,0.98,3.44,2.46,0.869765042032861,36.13431364902507,6.941,180.94788,174.00688,50.79868080371372,0.8174094707520891,0.6,1.55,0.9500000000000001,0.343173339536743,88.77437325905292,12.0,101.0,89.0,24.067032909670488,2.6128133704735377,2.0,6.0,4.0,1.2547192902011373,13.70473537604457,1.0,16.0,15.0,4.773622378490512,1.1545409079944289,0.17807,1.461112979,1.283042979,0.4597382109070055,0.2341782729805014,0.0,0.9,0.9,0.34488919778385685,-0.5571030640668524,-2.0,5.0,7.0,2.16534239114754
Li6.4La3Zr1.4Sb0.6O12,-3.180456064,745,test,303.0,5,1.2228390326709018,0.5128205128205129,0.02564102564102564,0.5128205128205129,0.0,0.0,0.0,0.0,0.27350427350427353,0.0,0.12820512820512822,0.0,0.0,0.0,0.0,0.0,0.0,0.0,0.0,0.0,0.0,0.05982905982905983,0.0,0.0,0.0,0.0,0.0,0.0,0.0,0.0,0.0,0.0,0.0,0.0,0.0,0.0,0.0,0.0,0.0,0.0,0.0,0.0,0.0,0.02564102564102564,0.0,0.0,0.0,0.0,0.0,0.0,0.0,0.0,0.0,0.0,0.0,0.0,0.5128205128205129,0.0,2.3052991452991454,0.98,3.44,2.46,1.1770719666977012,36.491504700854705,6.941,138.90547,131.96447,46.52450795107711,1.0841880341880343,0.6,1.95,1.35,0.5189836209661903,64.4957264957265,12.0,101.0,89.0,39.90986081514404,2.7692307692307696,2.0,6.0,4.0,1.4929155515907322,9.487179487179487,1.0,16.0,15.0,7.030599036635371,1.0425878064102565,0.433289,1.461112979,1.0278239789999999,0.43760244927347225,0.46914529914529923,0.0,1.172,1.172,0.4893417393422692,-0.08547008547008547,-2.0,4.0,6.0,2.1212772971990823
Li0.5Sr0.5Fe0.25Ta0.75O3,-3.179798541,746,train,348.0,5,1.2013670042689852,0.6,0.05,0.6,0.0,0.0,0.0,0.1,0.1,0.0,0.0,0.0,0.0,0.0,0.0,0.0,0.0,0.0,0.0,0.0,0.0,0.0,0.0,0.15,0.0,0.0,0.0,0.0,0.0,0.0,0.0,0.0,0.0,0.0,0.05,0.0,0.0,0.0,0.0,0.0,0.0,0.0,0.0,0.0,0.0,0.0,0.0,0.0,0.0,0.0,0.0,0.0,0.0,0.0,0.0,0.0,0.6,0.0,2.5735,0.95,3.44,2.49,1.0809684315464536,48.990172,6.941,180.94788,174.00688,59.94455111559829,0.9924999999999999,0.6,2.0,1.4,0.5045480651038114,74.14999999999999,12.0,101.0,89.0,35.36845345784857,3.0,2.0,6.0,4.0,1.5811388300841898,11.049999999999999,1.0,16.0,15.0,6.240793218814416,1.0006700114,0.052066,1.461112979,1.409046979,0.5791684636765303,0.387625,0.0,1.32,1.32,0.4921226187394764,-0.02499999999999991,-2.0,5.0,7.0,2.638536526182649
La0.56Li0.33TiO3,-3.17522353752445,747,test,298.0,4,1.0544152395664228,0.6134969325153374,0.06748466257668713,0.6134969325153374,0.0,0.0,0.0,0.0,0.06748466257668713,0.0,0.114519427402863,0.0,0.0,0.0,0.0,0.0,0.0,0.0,0.0,0.0,0.0,0.0,0.0,0.0,0.20449897750511248,0.0,0.0,0.0,0.0,0.0,0.0,0.0,0.0,0.0,0.0,0.0,0.0,0.0,0.0,0.0,0.0,0.0,0.0,0.0,0.0,0.0,0.0,0.0,0.0,0.0,0.0,0.0,0.0,0.0,0.0,0.0,0.6134969325153374,0.0,2.6174642126789367,0.98,3.44,2.46,1.0474392336101273,35.98012130879346,6.941,138.90547,131.96447,39.29255847211543,0.975562372188139,0.6,1.95,1.35,0.4972942542932342,76.98159509202453,12.0,101.0,89.0,31.59822010841906,2.867075664621677,2.0,6.0,4.0,1.3778557763014005,11.044989775051125,1.0,16.0,15.0,6.279614537710635,1.017395920572597,0.075545,1.461112979,1.385567979,0.5806673931335192,0.3691179277436946,0.0,1.172,1.172,0.4733361156142728,0.002044989775051187,-2.0,4.0,6.0,2.612302949001594
Li1.4Al0.4(Ge0.67Ti0.33)1.6(PO4)3,-3.170053304,748,train,294.0,6,1.1212321052870045,0.6521739130434783,0.02173913043478261,0.6521739130434783,0.0,0.0,0.0,0.0,0.07608695652173914,0.0,0.0,0.0,0.0,0.0,0.0,0.0,0.0,0.0,0.0,0.0,0.0,0.0,0.0,0.0,0.028695652173913046,0.0,0.0,0.02173913043478261,0.0,0.0,0.0,0.0,0.0,0.0,0.0,0.0,0.0,0.0,0.0,0.0,0.0582608695652174,0.0,0.0,0.0,0.0,0.0,0.16304347826086957,0.0,0.0,0.0,0.0,0.0,0.0,0.0,0.0,0.0,0.6521739130434783,0.0,2.871404347826087,0.98,3.44,2.46,0.8291160206106685,22.204780295652174,6.941,72.64,65.699,14.932169025624496,0.8048478260869566,0.6,1.45,0.85,0.3020966205495321,89.55304347826088,12.0,101.0,89.0,24.280521166740726,2.358695652173913,2.0,4.0,2.0,0.6355675611323356,14.169565217391304,1.0,16.0,15.0,4.300347284520846,1.2050490685182609,0.075545,1.461112979,1.385567979,0.39097691540199914,0.24212608695652177,0.0,0.9,0.9,0.3429107735181749,-0.7376811594202898,-2.0,4.0,6.0,1.809470639429953
La0.55Li0.36TiO3,-3.16241156176449,749,train,298.0,4,1.0618987755177889,0.6109979633401222,0.07331975560081468,0.6109979633401222,0.0,0.0,0.0,0.0,0.07331975560081468,0.0,0.11201629327902242,0.0,0.0,0.0,0.0,0.0,0.0,0.0,0.0,0.0,0.0,0.0,0.0,0.0,0.20366598778004075,0.0,0.0,0.0,0.0,0.0,0.0,0.0,0.0,0.0,0.0,0.0,0.0,0.0,0.0,0.0,0.0,0.0,0.0,0.0,0.0,0.0,0.0,0.0,0.0,0.0,0.0,0.0,0.0,0.0,0.0,0.0,0.6109979633401222,0.0,2.610549898167006,0.98,3.44,2.46,1.0508591689316358,35.593068940936874,6.941,138.90547,131.96447,39.00055477155727,0.9764765784114052,0.6,1.95,1.35,0.49571648753039677,76.67413441955193,12.0,101.0,89.0,31.87705063910911,2.8553971486761713,2.0,6.0,4.0,1.369386856086036,11.000000000000002,1.0,16.0,15.0,6.305204264309282,1.0158924778411407,0.075545,1.461112979,1.385567979,0.5799505766877209,0.3707264086897488,0.0,1.172,1.172,0.47280124329998513,0.0020366598778004397,-2.0,4.0,6.0,2.6046323934424414
Li6.7La3Zr1.7Ta0.3O12,-3.16115090926274,750,train,298.0,5,1.2076812390344354,0.5063291139240507,0.012658227848101266,0.5063291139240507,0.0,0.0,0.0,0.0,0.28270042194092826,0.0,0.12658227848101267,0.0,0.0,0.0,0.0,0.0,0.0,0.0,0.0,0.0,0.0,0.07172995780590717,0.0,0.012658227848101266,0.0,0.0,0.0,0.0,0.0,0.0,0.0,0.0,0.0,0.0,0.0,0.0,0.0,0.0,0.0,0.0,0.0,0.0,0.0,0.0,0.0,0.0,0.0,0.0,0.0,0.0,0.0,0.0,0.0,0.0,0.0,0.0,0.5063291139240507,0.0,2.2724472573839667,0.98,3.44,2.46,1.1864711720707442,36.48012970464136,6.941,180.94788,174.00688,47.60443648327298,1.090084388185654,0.6,1.95,1.35,0.5183111096443369,62.881856540084385,12.0,101.0,89.0,39.9492659260474,2.7721518987341773,2.0,6.0,4.0,1.5090391535013903,9.113924050632912,1.0,16.0,15.0,7.031551572250539,1.020344860379747,0.32885923,1.461112979,1.132253749,0.449450234198918,0.47485232067510547,0.0,1.172,1.172,0.4888116988421965,-5.551115123125783e-17,-2.0,5.0,7.0,2.216166150148335
Li1.6Al0.6Ge0.8(PO4)3,-3.15490196,751,test,297.85,5,1.0358321881771342,0.6666666666666666,0.03333333333333333,0.6666666666666666,0.0,0.0,0.0,0.0,0.08888888888888889,0.0,0.0,0.0,0.0,0.0,0.0,0.0,0.0,0.0,0.0,0.0,0.0,0.0,0.0,0.0,0.0,0.0,0.0,0.03333333333333333,0.0,0.0,0.0,0.0,0.0,0.0,0.0,0.0,0.0,0.0,0.0,0.0,0.044444444444444446,0.0,0.0,0.0,0.0,0.0,0.16666666666666666,0.0,0.0,0.0,0.0,0.0,0.0,0.0,0.0,0.0,0.6666666666666666,0.0,2.888444444444444,0.98,3.44,2.46,0.8346481775256648,20.573367175555557,6.941,72.64,65.699,13.05180115588101,0.7927777777777778,0.6,1.45,0.85,0.2942562291525223,89.80000000000001,12.0,101.0,89.0,25.027185219277058,2.288888888888889,2.0,4.0,2.0,0.542513582921498,14.311111111111112,1.0,16.0,15.0,4.21806813190969,1.2226613311333334,0.432835,1.461112979,1.0282779789999998,0.35912334012233627,0.22838888888888895,0.0,0.9,0.9,0.33435578836005897,-0.837037037037037,-2.0,3.0,5.0,1.6845297870820006
Li1.6Al0.6Ge0.8Ti0.6(PO4)3,-3.15490195998574,752,train,298.0,6,1.144924114015771,0.6451612903225806,0.03225806451612903,0.6451612903225806,0.0,0.0,0.0,0.0,0.08602150537634408,0.0,0.0,0.0,0.0,0.0,0.0,0.0,0.0,0.0,0.0,0.0,0.0,0.0,0.0,0.0,0.03225806451612903,0.0,0.0,0.03225806451612903,0.0,0.0,0.0,0.0,0.0,0.0,0.0,0.0,0.0,0.0,0.0,0.0,0.04301075268817204,0.0,0.0,0.0,0.0,0.0,0.16129032258064516,0.0,0.0,0.0,0.0,0.0,0.0,0.0,0.0,0.0,0.6451612903225806,0.0,2.84494623655914,0.98,3.44,2.46,0.8549434033407967,21.453806944086022,6.941,72.64,65.699,13.7153050785974,0.8123655913978496,0.6,1.45,0.85,0.308713591208248,88.54838709677419,12.0,101.0,89.0,25.55681679112869,2.3440860215053765,2.0,4.0,2.0,0.6133746536323296,13.978494623655916,1.0,16.0,15.0,4.531795662581274,1.1856575785161292,0.075545,1.461112979,1.385567979,0.4072930098016178,0.248494623655914,0.0,0.9,0.9,0.3468641793723711,-0.6810035842293909,-2.0,4.0,6.0,1.8645366614135999
Li6PS5Br,-3.15428198203334,753,train,298.0,4,1.1189688668816267,0.46153846153846156,0.07692307692307693,0.46153846153846156,0.0,0.0,0.0,0.0,0.46153846153846156,0.0,0.0,0.0,0.0,0.0,0.0,0.0,0.0,0.0,0.0,0.0,0.0,0.0,0.0,0.0,0.0,0.0,0.0,0.0,0.0,0.0,0.0,0.0,0.0,0.0,0.0,0.0,0.0,0.0,0.0,0.0,0.0,0.0,0.0,0.0,0.0,0.0,0.07692307692307693,0.0,0.0,0.0,0.0,0.38461538461538464,0.0,0.07692307692307693,0.0,0.0,0.0,0.0,1.8407692307692307,0.98,2.96,1.98,0.8111005015832743,24.065289384615383,6.941,79.904,72.963,20.086568739188685,1.2192307692307693,1.0,1.45,0.44999999999999996,0.2170948583333859,56.15384615384615,12.0,98.0,86.0,40.90861514277168,2.615384615384616,2.0,4.0,2.0,0.6249260311258431,9.076923076923077,1.0,17.0,16.0,7.488057553007974,1.4003087715384617,0.61804922,3.3635883,2.74553908,0.8876776292975895,0.6823076923076924,0.47,0.9,0.43000000000000005,0.2037779276246136,1.7051282051282053,1.0,2.5,1.5,0.6923076923076924
Li9.4Ba0.3GeP2S12,-3.1505805862031,754,train,298.0,5,1.1053193004569226,0.48582995951417,0.012145748987854251,0.48582995951417,0.0,0.012145748987854251,0.0,0.0,0.38056680161943324,0.0,0.0,0.0,0.0,0.0,0.0,0.0,0.0,0.0,0.0,0.0,0.0,0.0,0.0,0.0,0.0,0.0,0.0,0.0,0.0,0.0,0.0,0.0,0.0,0.0,0.0,0.0,0.0,0.0,0.0,0.0,0.04048582995951417,0.0,0.0,0.0,0.0,0.0,0.08097165991902834,0.0,0.0,0.0,0.0,0.48582995951417,0.0,0.0,0.0,0.0,0.0,0.0,1.895910931174089,0.89,2.58,1.69,0.7526169459760974,25.33647870445344,6.941,137.327,130.386,19.90658374030056,1.1953441295546559,1.0,2.15,1.15,0.23978858560276783,61.093117408906885,12.0,94.0,82.0,39.486012400621114,2.6963562753036436,2.0,6.0,4.0,0.6619402245838812,9.959514170040485,1.0,16.0,15.0,7.194688532786343,1.3564451911336033,0.144626,2.07710426,1.9324782600000001,0.71300849135456,0.6646558704453441,0.47,1.49,1.02,0.22197809416111364,1.7813765182186234,0.6666666666666666,2.5,1.8333333333333335,0.7315734581235108
Li0.95Zr1.95Ta0.05(PO4)3,-3.13667714,755,train,573.0,5,0.9812687390770739,0.6685236768802229,0.0027855153203342623,0.6685236768802229,0.0,0.0,0.0,0.0,0.052924791086350974,0.0,0.0,0.0,0.0,0.0,0.0,0.0,0.0,0.0,0.0,0.0,0.0,0.10863509749303621,0.0,0.0027855153203342623,0.0,0.0,0.0,0.0,0.0,0.0,0.0,0.0,0.0,0.0,0.0,0.0,0.0,0.0,0.0,0.0,0.0,0.0,0.0,0.0,0.0,0.0,0.1671309192200557,0.0,0.0,0.0,0.0,0.0,0.0,0.0,0.0,0.0,0.6685236768802229,0.0,2.866267409470752,0.98,3.44,2.46,0.8639389588347393,26.654163231197767,6.941,180.94788,174.00688,24.876110767853284,0.8174094707520891,0.6,1.55,0.9500000000000001,0.343173339536743,88.6657381615599,12.0,101.0,89.0,24.243420184179982,2.5041782729805013,2.0,6.0,4.0,0.9670673765757631,13.70473537604457,1.0,16.0,15.0,4.773622378490512,1.182266648941504,0.32885923,1.461112979,1.132253749,0.4043759177558226,0.23526462395543177,0.0,0.9,0.9,0.3468374823550113,-0.5571030640668523,-2.0,5.0,7.0,2.16534239114754
La0.51Li0.36Ti0.95W0.05O3,-3.13667714,756,train,298.0,5,1.0931306000549865,0.6160164271047228,0.01026694045174538,0.6160164271047228,0.0,0.0,0.0,0.0,0.07392197125256673,0.0,0.10472279260780287,0.0,0.0,0.0,0.0,0.0,0.0,0.0,0.0,0.0,0.0,0.0,0.0,0.0,0.1950718685831622,0.0,0.0,0.0,0.0,0.0,0.0,0.0,0.0,0.0,0.0,0.0,0.0,0.0,0.0,0.0,0.0,0.0,0.0,0.0,0.0,0.0,0.0,0.0,0.0,0.01026694045174538,0.0,0.0,0.0,0.0,0.0,0.0,0.6160164271047228,0.0,2.631375770020534,0.98,3.44,2.46,1.040710326677681,36.140533819301844,6.941,183.84,176.899,40.86148765159958,0.9679671457905543,0.6,1.95,1.35,0.48937433859345714,77.07392197125256,12.0,101.0,89.0,31.72887383639939,2.8501026694045173,2.0,6.0,4.0,1.3774790941269253,11.086242299794662,1.0,16.0,15.0,6.2691804781302025,1.0272644782751539,0.075545,1.461112979,1.385567979,0.5732189892279737,0.3632724161533196,0.0,1.172,1.172,0.4682764682606814,-0.01232032854209468,-2.0,5.0,7.0,2.618809735599463
Li6.8La3Zr1.8Ta0.2O12,-3.13667713987954,757,train,298.0,5,1.1996889907347676,0.5042016806722689,0.008403361344537815,0.5042016806722689,0.0,0.0,0.0,0.0,0.2857142857142857,0.0,0.12605042016806722,0.0,0.0,0.0,0.0,0.0,0.0,0.0,0.0,0.0,0.0,0.07563025210084033,0.0,0.008403361344537815,0.0,0.0,0.0,0.0,0.0,0.0,0.0,0.0,0.0,0.0,0.0,0.0,0.0,0.0,0.0,0.0,0.0,0.0,0.0,0.0,0.0,0.0,0.0,0.0,0.0,0.0,0.0,0.0,0.0,0.0,0.0,0.0,0.5042016806722689,0.0,2.2663025210084036,0.98,3.44,2.46,1.1874362366224407,35.979024621848744,6.941,180.94788,174.00688,46.74371299647263,1.0920168067226892,0.6,1.95,1.35,0.5180759164251114,62.65546218487395,12.0,101.0,89.0,40.00471337246745,2.764705882352941,2.0,6.0,4.0,1.4990522627994174,9.075630252100842,1.0,16.0,15.0,7.039098089507395,1.0190933231092438,0.32885923,1.461112979,1.132253749,0.44863592407542846,0.47680672268907565,0.0,1.172,1.172,0.4886832466793368,0.0,-2.0,5.0,7.0,2.203892660077359
Li1.50Al0.50Ge0.2Ti1.3(PO4)3,-3.132532512,758,train,298.0,6,1.1126071268592237,0.6486486486486487,0.010810810810810811,0.6486486486486487,0.0,0.0,0.0,0.0,0.08108108108108109,0.0,0.0,0.0,0.0,0.0,0.0,0.0,0.0,0.0,0.0,0.0,0.0,0.0,0.0,0.0,0.07027027027027027,0.0,0.0,0.02702702702702703,0.0,0.0,0.0,0.0,0.0,0.0,0.0,0.0,0.0,0.0,0.0,0.0,0.010810810810810811,0.0,0.0,0.0,0.0,0.0,0.16216216216216217,0.0,0.0,0.0,0.0,0.0,0.0,0.0,0.0,0.0,0.6486486486486487,0.0,2.839405405405406,0.98,3.44,2.46,0.8658107732674136,20.841700286486486,6.941,72.64,65.699,11.352183123874278,0.8145945945945946,0.6,1.45,0.85,0.3153341821897335,87.73513513513514,12.0,101.0,89.0,26.012057663719293,2.3513513513513518,2.0,4.0,2.0,0.6245524328806131,13.675675675675675,1.0,16.0,15.0,4.838215295557349,1.1492658481405404,0.075545,1.461112979,1.385567979,0.4552062225761944,0.24857657657657659,0.0,0.9,0.9,0.3501898039502044,-0.5765765765765766,-2.0,4.0,6.0,2.041092342311277
((Li2S)0.6(SiS2)0.4)95(Li4SiO4)5,-3.12090412,759,train,346.0,4,1.1676586614519853,0.40606060606060607,0.06060606060606061,0.4636363636363636,0.0,0.0,0.0,0.0,0.40606060606060607,0.0,0.0,0.0,0.0,0.0,0.0,0.0,0.0,0.0,0.0,0.0,0.0,0.0,0.0,0.0,0.0,0.0,0.0,0.0,0.0,0.0,0.0,0.0,0.0,0.0,0.0,0.0,0.1303030303030303,0.0,0.0,0.0,0.0,0.0,0.0,0.0,0.0,0.0,0.0,0.0,0.0,0.0,0.0,0.403030303030303,0.0,0.0,0.0,0.0,0.06060606060606061,0.0,1.8938181818181818,0.98,3.44,2.46,0.8208203381667692,20.370919696969697,6.941,32.065,25.124,11.71607246967225,1.1715151515151514,0.6,1.45,0.85,0.2526060678764612,59.95454545454545,12.0,101.0,89.0,39.80933034313873,2.5333333333333337,2.0,3.0,1.0,0.49888765156985887,9.648484848484848,1.0,16.0,15.0,7.1793526006821775,1.3577125353939394,0.61804922,2.07710426,1.45905504,0.6568975208990835,0.6252424242424243,0.0,0.9,0.9,0.25496423163319376,1.2924242424242425,-2.0,2.5,4.5,1.2235455937636184
Li6.6La3Zr1.6Sb0.4O12,-3.113509275,760,train,303.0,5,1.214006633170651,0.5084745762711864,0.01694915254237288,0.5084745762711864,0.0,0.0,0.0,0.0,0.2796610169491525,0.0,0.1271186440677966,0.0,0.0,0.0,0.0,0.0,0.0,0.0,0.0,0.0,0.0,0.06779661016949153,0.0,0.0,0.0,0.0,0.0,0.0,0.0,0.0,0.0,0.0,0.0,0.0,0.0,0.0,0.0,0.0,0.0,0.0,0.0,0.0,0.0,0.01694915254237288,0.0,0.0,0.0,0.0,0.0,0.0,0.0,0.0,0.0,0.0,0.0,0.0,0.5084745762711864,0.0,2.287966101694915,0.98,3.44,2.46,1.181461002549733,35.982297033898305,6.941,138.90547,131.96447,46.01193257730353,1.088135593220339,0.6,1.95,1.35,0.5185408948005744,63.72033898305085,12.0,101.0,89.0,39.99255981508381,2.7627118644067794,2.0,6.0,4.0,1.48824755379764,9.322033898305085,1.0,16.0,15.0,7.042102627949959,1.0337856811864405,0.433289,1.461112979,1.0278239789999999,0.4409863104294718,0.47305084745762704,0.0,1.172,1.172,0.48905531293448934,-0.05649717514124286,-2.0,4.0,6.0,2.1415559600069667
Li6.6La3Zr1.6Sb0.4O12,-3.11350927482752,761,train,298.0,5,1.214006633170651,0.5084745762711864,0.01694915254237288,0.5084745762711864,0.0,0.0,0.0,0.0,0.2796610169491525,0.0,0.1271186440677966,0.0,0.0,0.0,0.0,0.0,0.0,0.0,0.0,0.0,0.0,0.06779661016949153,0.0,0.0,0.0,0.0,0.0,0.0,0.0,0.0,0.0,0.0,0.0,0.0,0.0,0.0,0.0,0.0,0.0,0.0,0.0,0.0,0.0,0.01694915254237288,0.0,0.0,0.0,0.0,0.0,0.0,0.0,0.0,0.0,0.0,0.0,0.0,0.5084745762711864,0.0,2.287966101694915,0.98,3.44,2.46,1.181461002549733,35.982297033898305,6.941,138.90547,131.96447,46.01193257730353,1.088135593220339,0.6,1.95,1.35,0.5185408948005744,63.72033898305085,12.0,101.0,89.0,39.99255981508381,2.7627118644067794,2.0,6.0,4.0,1.48824755379764,9.322033898305085,1.0,16.0,15.0,7.042102627949959,1.0337856811864405,0.433289,1.461112979,1.0278239789999999,0.4409863104294718,0.47305084745762704,0.0,1.172,1.172,0.48905531293448934,-0.05649717514124286,-2.0,4.0,6.0,2.1415559600069667
La0.52Li0.45TiO3,-3.10513034325475,762,test,298.0,4,1.0809919448057472,0.6036217303822938,0.09054325955734407,0.6036217303822938,0.0,0.0,0.0,0.0,0.09054325955734407,0.0,0.10462776659959759,0.0,0.0,0.0,0.0,0.0,0.0,0.0,0.0,0.0,0.0,0.0,0.0,0.0,0.2012072434607646,0.0,0.0,0.0,0.0,0.0,0.0,0.0,0.0,0.0,0.0,0.0,0.0,0.0,0.0,0.0,0.0,0.0,0.0,0.0,0.0,0.0,0.0,0.0,0.0,0.0,0.0,0.0,0.0,0.0,0.0,0.0,0.6036217303822938,0.0,2.590140845070423,0.98,3.44,2.46,1.0606266798481567,34.45060249496982,6.941,138.90547,131.96447,38.102679778814945,0.9791750503018108,0.6,1.95,1.35,0.4910198842220712,75.76659959758553,12.0,101.0,89.0,32.669336762377064,2.8209255533199196,2.0,6.0,4.0,1.3434859416246243,10.867203219315897,1.0,16.0,15.0,6.378288659372779,1.011454750503018,0.075545,1.461112979,1.385567979,0.577806741578548,0.37547417840375585,0.0,1.172,1.172,0.4711868920604991,0.002012072434607548,-2.0,4.0,6.0,2.5818582314719856
Li6.4La3Zr1.7W0.3O12,-3.102922997,763,test,576.0,5,1.2067573904274058,0.5128205128205129,0.01282051282051282,0.5128205128205129,0.0,0.0,0.0,0.0,0.27350427350427353,0.0,0.12820512820512822,0.0,0.0,0.0,0.0,0.0,0.0,0.0,0.0,0.0,0.0,0.07264957264957266,0.0,0.0,0.0,0.0,0.0,0.0,0.0,0.0,0.0,0.0,0.0,0.0,0.0,0.0,0.0,0.0,0.0,0.0,0.0,0.0,0.0,0.0,0.0,0.0,0.0,0.0,0.0,0.01282051282051282,0.0,0.0,0.0,0.0,0.0,0.0,0.5128205128205129,0.0,2.300042735042735,0.98,3.44,2.46,1.1815383633875889,36.895914957264964,6.941,183.84,176.899,47.90299537464196,1.0841880341880343,0.6,1.95,1.35,0.519230593366366,63.57264957264959,12.0,101.0,89.0,39.774539001839166,2.782051282051283,2.0,6.0,4.0,1.516130668015906,9.230769230769232,1.0,16.0,15.0,7.009010824761035,1.0317543120512822,0.433289,1.461112979,1.0278239789999999,0.44361336923483663,0.4687179487179488,0.0,1.172,1.172,0.48909068216011764,-0.01282051282051283,-2.0,5.0,7.0,2.2274142174255513
Li6.5La3Zr1.5Ta0.5O12,-3.100179498,764,train,299.85,5,1.2189980856095624,0.5106382978723404,0.02127659574468085,0.5106382978723404,0.0,0.0,0.0,0.0,0.2765957446808511,0.0,0.1276595744680851,0.0,0.0,0.0,0.0,0.0,0.0,0.0,0.0,0.0,0.0,0.06382978723404255,0.0,0.02127659574468085,0.0,0.0,0.0,0.0,0.0,0.0,0.0,0.0,0.0,0.0,0.0,0.0,0.0,0.0,0.0,0.0,0.0,0.0,0.0,0.0,0.0,0.0,0.0,0.0,0.0,0.0,0.0,0.0,0.0,0.0,0.0,0.0,0.5106382978723404,0.0,2.284893617021276,0.98,3.44,2.46,1.1844163161487,37.49513404255319,6.941,180.94788,174.00688,49.286227679859664,1.0861702127659574,0.6,1.95,1.35,0.5187651179708973,63.34042553191489,12.0,101.0,89.0,39.83277630173459,2.787234042553191,2.0,6.0,4.0,1.5289569551678026,9.191489361702127,1.0,16.0,15.0,7.015600542597268,1.0228798890638295,0.32885923,1.461112979,1.132253749,0.4510845012696154,0.47089361702127663,0.0,1.172,1.172,0.48904784755001235,0.0,-2.0,5.0,7.0,2.2408205184138867
LiP0.75I0.25O2.25,-3.100179498,765,train,383.0,4,1.1499171377909299,0.5294117647058824,0.058823529411764705,0.5882352941176471,0.0,0.0,0.0,0.0,0.23529411764705882,0.0,0.0,0.0,0.0,0.0,0.0,0.0,0.0,0.0,0.0,0.0,0.0,0.0,0.0,0.0,0.0,0.0,0.0,0.0,0.0,0.0,0.0,0.0,0.0,0.0,0.0,0.0,0.0,0.0,0.0,0.0,0.0,0.0,0.0,0.0,0.0,0.0,0.17647058823529413,0.0,0.0,0.0,0.0,0.0,0.058823529411764705,0.0,0.0,0.0,0.5294117647058824,0.0,2.594705882352941,0.98,3.44,2.46,1.0103995578166027,23.03437388235294,6.941,126.90447,119.96347,27.07234639425,0.9176470588235295,0.6,1.45,0.85,0.3673999169324045,77.88235294117646,12.0,101.0,89.0,36.76456470561129,2.3529411764705883,2.0,5.0,3.0,0.7624400821656306,12.35294117647059,1.0,17.0,16.0,6.314699717797479,1.2306522092941177,0.61804922,3.059046537,2.440997317,0.5953277975367369,0.36058823529411765,0.0,0.9,0.9,0.39937407775072076,-0.35294117647058826,-2.0,3.0,5.0,1.8022157322472245
Li6.1P0.95Si0.1S5Br,-3.09745322068601,766,train,298.0,5,1.146857961863588,0.46387832699619774,0.007604562737642586,0.45627376425855515,0.0,0.0,0.0,0.0,0.46387832699619774,0.0,0.0,0.0,0.0,0.0,0.0,0.0,0.0,0.0,0.0,0.0,0.0,0.0,0.0,0.0,0.0,0.0,0.0,0.0,0.0,0.0,0.0,0.0,0.0,0.0,0.0,0.0,0.007604562737642586,0.0,0.0,0.0,0.0,0.0,0.0,0.0,0.0,0.0,0.07224334600760457,0.0,0.0,0.0,0.0,0.3802281368821293,0.0,0.07604562737642587,0.0,0.0,0.0,0.0,1.8333460076045627,0.98,2.96,1.98,0.8096430596756938,23.939370638783274,6.941,79.904,72.963,20.02557045302901,1.2209125475285172,1.0,1.45,0.44999999999999996,0.2166104332772009,55.90874524714829,12.0,98.0,86.0,40.879857818144124,2.612167300380228,2.0,4.0,2.0,0.6241071634569366,9.030418250950571,1.0,17.0,16.0,7.481728479555789,1.3967635455893537,0.61804922,3.3635883,2.74553908,0.8843077958891381,0.683384030418251,0.47,0.9,0.43000000000000005,0.20371164490447596,1.6869455006337137,0.0,2.5,2.5,0.7066664920874015
Li6.75La3Zr1.75Nb0.25O12,-3.096910013,767,test,298.0,5,1.2039243153211845,0.5052631578947369,0.010526315789473684,0.5052631578947369,0.0,0.0,0.0,0.0,0.28421052631578947,0.0,0.12631578947368421,0.0,0.0,0.0,0.0,0.0,0.0,0.0,0.0,0.0,0.0,0.07368421052631578,0.0,0.0,0.0,0.0,0.010526315789473684,0.0,0.0,0.0,0.0,0.0,0.0,0.0,0.0,0.0,0.0,0.0,0.0,0.0,0.0,0.0,0.0,0.0,0.0,0.0,0.0,0.0,0.0,0.0,0.0,0.0,0.0,0.0,0.0,0.0,0.5052631578947369,0.0,2.270421052631579,0.98,3.44,2.46,1.186320198002363,35.30229705263158,6.941,138.90547,131.96447,45.14479528184516,1.0910526315789475,0.6,1.95,1.35,0.5181941795854452,62.77894736842105,12.0,101.0,89.0,39.97451265556419,2.757894736842105,2.0,6.0,4.0,1.4847703311583542,9.094736842105263,1.0,16.0,15.0,7.035359840736127,1.0259130140210526,0.433289,1.461112979,1.0278239789999999,0.44349432852696774,0.47583157894736844,0.0,1.172,1.172,0.4887483186700186,-5.551115123125783e-17,-2.0,5.0,7.0,2.21002500581233
Li11AlP2S12,-3.095825632,768,test,298.0,4,1.0434033780461756,0.46153846153846156,0.038461538461538464,0.46153846153846156,0.0,0.0,0.0,0.0,0.4230769230769231,0.0,0.0,0.0,0.0,0.0,0.0,0.0,0.0,0.0,0.0,0.0,0.0,0.0,0.0,0.0,0.0,0.0,0.0,0.038461538461538464,0.0,0.0,0.0,0.0,0.0,0.0,0.0,0.0,0.0,0.0,0.0,0.0,0.0,0.0,0.0,0.0,0.0,0.0,0.07692307692307693,0.0,0.0,0.0,0.0,0.46153846153846156,0.0,0.0,0.0,0.0,0.0,0.0,1.8357692307692308,0.98,2.58,1.6,0.7596617317895922,21.156156253846156,6.941,32.065,25.124,12.212096222318927,1.2000000000000002,1.0,1.45,0.44999999999999996,0.21926450482675727,58.46153846153847,12.0,94.0,82.0,39.88177795707899,2.5769230769230766,2.0,3.0,1.0,0.4940474068717357,9.461538461538462,1.0,16.0,15.0,7.270756860564365,1.2942248369230769,0.432835,2.07710426,1.64426926,0.7265807389876217,0.6659615384615385,0.47,0.9,0.43000000000000005,0.20477952135617447,1.8205128205128207,1.0,3.0,2.0,0.7438107540697584
Li6.10P0.90Si0.10S5Br,-3.09420412,769,train,298.0,5,1.1411108490641613,0.46564885496183206,0.0076335877862595426,0.45801526717557256,0.0,0.0,0.0,0.0,0.46564885496183206,0.0,0.0,0.0,0.0,0.0,0.0,0.0,0.0,0.0,0.0,0.0,0.0,0.0,0.0,0.0,0.0,0.0,0.0,0.0,0.0,0.0,0.0,0.0,0.0,0.0,0.0,0.0,0.0076335877862595426,0.0,0.0,0.0,0.0,0.0,0.0,0.0,0.0,0.0,0.06870229007633588,0.0,0.0,0.0,0.0,0.3816793893129771,0.0,0.07633587786259542,0.0,0.0,0.0,0.0,1.8319847328244274,0.98,2.96,1.98,0.8108862551868067,23.912521816793895,6.941,79.904,72.963,20.059025647506893,1.2217557251908395,1.0,1.45,0.44999999999999996,0.21659220808844157,55.778625954198475,12.0,98.0,86.0,40.90340325831089,2.6106870229007635,2.0,4.0,2.0,0.6248360894559123,9.007633587786259,1.0,17.0,16.0,7.486880314446153,1.3992450510687025,0.61804922,3.3635883,2.74553908,0.8850793705038689,0.6838931297709924,0.47,0.9,0.43000000000000005,0.20393298000686244,1.6870229007633588,0.0,2.5,2.5,0.7080126952073612
Li7.06La3Y0.06Zr1.94O12,-3.09151498112135,770,train,298.0,5,1.1842951514506452,0.49875311720698257,0.0024937655860349127,0.49875311720698257,0.0,0.0,0.0,0.0,0.29343308395677475,0.0,0.12468827930174564,0.0,0.0,0.0,0.0,0.0,0.0024937655860349127,0.0,0.0,0.0,0.0,0.08063175394846218,0.0,0.0,0.0,0.0,0.0,0.0,0.0,0.0,0.0,0.0,0.0,0.0,0.0,0.0,0.0,0.0,0.0,0.0,0.0,0.0,0.0,0.0,0.0,0.0,0.0,0.0,0.0,0.0,0.0,0.0,0.0,0.0,0.0,0.0,0.49875311720698257,0.0,2.2507148794679965,0.98,3.44,2.46,1.1896867659879207,34.91361517040732,6.941,138.90547,131.96447,44.93760496740292,1.097339983374896,0.6,1.95,1.35,0.5179419982056259,62.02327514546966,12.0,101.0,89.0,40.17572941252841,2.748129675810474,2.0,6.0,4.0,1.4776481762619,8.977556109725686,1.0,16.0,15.0,7.057794545949657,1.0153233596508728,0.3112922,1.461112979,1.149820779,0.4473352775217484,0.48216126350789695,0.0,1.172,1.172,0.48867539480927713,-5.551115123125783e-17,-2.0,4.0,6.0,2.173290597216609
Li1.076Al0.6923Ti1.462(PO4)3,-3.083546051,771,train,294.0,5,1.0658017286532213,0.6582447902667538,0.03797523902513947,0.6582447902667538,0.0,0.0,0.0,0.0,0.05902261619391892,0.0,0.0,0.0,0.0,0.0,0.0,0.0,0.0,0.0,0.0,0.0,0.0,0.0,0.0,0.0,0.08019615694749949,0.0,0.0,0.03797523902513947,0.0,0.0,0.0,0.0,0.0,0.0,0.0,0.0,0.0,0.0,0.0,0.0,0.0,0.0,0.0,0.0,0.0,0.0,0.16456119756668844,0.0,0.0,0.0,0.0,0.0,0.0,0.0,0.0,0.0,0.6582447902667538,0.0,2.8672354815883447,0.98,3.44,2.46,0.8384106072548806,20.901656866468464,6.941,47.867,40.925999999999995,10.184968160787532,0.8048345337158467,0.6,1.45,0.85,0.3072238996932194,89.12952611860473,12.0,101.0,89.0,23.74361746633291,2.362928750486827,2.0,4.0,2.0,0.6257825392673532,13.873819959079116,1.0,16.0,15.0,4.562239803698869,1.1436072088347422,0.075545,1.461112979,1.385567979,0.4682581398934465,0.23756269324512855,0.0,0.9,0.9,0.3415021010862207,-0.5484879568630248,-2.0,4.0,6.0,2.1149923967968896
Li6.5La2.9Ba0.1Zr1.4Ta0.6O12,-3.080921908,772,train,299.85,6,1.2417850027541522,0.5106382978723404,0.00425531914893617,0.5106382978723404,0.0,0.00425531914893617,0.0,0.0,0.2765957446808511,0.0,0.12340425531914893,0.0,0.0,0.0,0.0,0.0,0.0,0.0,0.0,0.0,0.0,0.05957446808510638,0.0,0.02553191489361702,0.0,0.0,0.0,0.0,0.0,0.0,0.0,0.0,0.0,0.0,0.0,0.0,0.0,0.0,0.0,0.0,0.0,0.0,0.0,0.0,0.0,0.0,0.0,0.0,0.0,0.0,0.0,0.0,0.0,0.0,0.0,0.0,0.5106382978723404,0.0,2.2847234042553195,0.89,3.44,2.55,1.1848581152534796,37.87022089361702,6.941,180.94788,174.00688,50.02923649342371,1.086595744680851,0.6,2.15,1.5499999999999998,0.52000522336061,63.272340425531915,12.0,101.0,89.0,39.90939580156298,2.7914893617021272,2.0,6.0,4.0,1.5364825520862742,9.191489361702127,1.0,16.0,15.0,7.016813539626575,1.0206783998297873,0.144626,1.461112979,1.316486979,0.4543166539440172,0.4720765957446808,0.0,1.49,1.49,0.49129270480301895,1.1102230246251565e-16,-2.0,5.0,7.0,2.2446153060915415
Li6.5La2.95Ba0.05Zr1.45Ta0.55O12,-3.07987667370928,773,train,298.0,6,1.2320178938059536,0.5106382978723404,0.002127659574468085,0.5106382978723404,0.0,0.002127659574468085,0.0,0.0,0.2765957446808511,0.0,0.12553191489361704,0.0,0.0,0.0,0.0,0.0,0.0,0.0,0.0,0.0,0.0,0.06170212765957447,0.0,0.02340425531914894,0.0,0.0,0.0,0.0,0.0,0.0,0.0,0.0,0.0,0.0,0.0,0.0,0.0,0.0,0.0,0.0,0.0,0.0,0.0,0.0,0.0,0.0,0.0,0.0,0.0,0.0,0.0,0.0,0.0,0.0,0.0,0.0,0.5106382978723404,0.0,2.284808510638298,0.89,3.44,2.55,1.1846372393537776,37.68267746808511,6.941,180.94788,174.00688,49.65947587368802,1.086382978723404,0.6,2.15,1.5499999999999998,0.5193855843611671,63.306382978723406,12.0,101.0,89.0,39.87111898944333,2.7893617021276595,2.0,6.0,4.0,1.5327258491804852,9.191489361702127,1.0,16.0,15.0,7.016207067325547,1.0217791444468083,0.144626,1.461112979,1.316486979,0.4527048004019669,0.47148510638297875,0.0,1.49,1.49,0.4901719181599944,1.942890293094024e-16,-2.0,5.0,7.0,2.242718714873212
Li6.5La2.9Ba0.1Zr1.4Ta0.6O12,-3.07883394936226,774,train,298.0,6,1.2417850027541522,0.5106382978723404,0.00425531914893617,0.5106382978723404,0.0,0.00425531914893617,0.0,0.0,0.2765957446808511,0.0,0.12340425531914893,0.0,0.0,0.0,0.0,0.0,0.0,0.0,0.0,0.0,0.0,0.05957446808510638,0.0,0.02553191489361702,0.0,0.0,0.0,0.0,0.0,0.0,0.0,0.0,0.0,0.0,0.0,0.0,0.0,0.0,0.0,0.0,0.0,0.0,0.0,0.0,0.0,0.0,0.0,0.0,0.0,0.0,0.0,0.0,0.0,0.0,0.0,0.0,0.5106382978723404,0.0,2.2847234042553195,0.89,3.44,2.55,1.1848581152534796,37.87022089361702,6.941,180.94788,174.00688,50.02923649342371,1.086595744680851,0.6,2.15,1.5499999999999998,0.52000522336061,63.272340425531915,12.0,101.0,89.0,39.90939580156298,2.7914893617021272,2.0,6.0,4.0,1.5364825520862742,9.191489361702127,1.0,16.0,15.0,7.016813539626575,1.0206783998297873,0.144626,1.461112979,1.316486979,0.4543166539440172,0.4720765957446808,0.0,1.49,1.49,0.49129270480301895,1.1102230246251565e-16,-2.0,5.0,7.0,2.2446153060915415
Li2.5Zn0.25PS4,-3.07572071393812,775,train,298.0,4,1.0813275938317102,0.5161290322580645,0.03225806451612903,0.5161290322580645,0.0,0.0,0.0,0.0,0.3225806451612903,0.0,0.0,0.0,0.0,0.0,0.0,0.0,0.0,0.0,0.0,0.0,0.0,0.0,0.0,0.0,0.0,0.0,0.0,0.0,0.0,0.03225806451612903,0.0,0.0,0.0,0.0,0.0,0.0,0.0,0.0,0.0,0.0,0.0,0.0,0.0,0.0,0.0,0.0,0.12903225806451613,0.0,0.0,0.0,0.0,0.5161290322580645,0.0,0.0,0.0,0.0,0.0,0.0,1.983548387096774,0.98,2.58,1.6,0.7194287536161289,24.89529187096774,6.941,65.409,58.468,13.719768105782357,1.1564516129032256,1.0,1.45,0.44999999999999996,0.21165322196547418,66.45161290322581,12.0,94.0,82.0,37.717830736444256,2.7096774193548385,2.0,4.0,2.0,0.5201456611805516,10.903225806451612,1.0,16.0,15.0,6.873768927712954,1.3477611870967743,-0.62,2.07710426,2.69710426,0.7860369359652076,0.6322580645161291,0.47,0.9,0.43000000000000005,0.19891171128562665,1.8924731182795698,1.0,2.5,1.5,0.674082925533655
La0.595Li0.215TiO3,-3.06905096883248,776,train,298.0,4,1.0184234245800616,0.6237006237006237,0.0446985446985447,0.6237006237006237,0.0,0.0,0.0,0.0,0.0446985446985447,0.0,0.1237006237006237,0.0,0.0,0.0,0.0,0.0,0.0,0.0,0.0,0.0,0.0,0.0,0.0,0.0,0.2079002079002079,0.0,0.0,0.0,0.0,0.0,0.0,0.0,0.0,0.0,0.0,0.0,0.0,0.0,0.0,0.0,0.0,0.0,0.0,0.0,0.0,0.0,0.0,0.0,0.0,0.0,0.0,0.0,0.0,0.0,0.0,0.0,0.6237006237006237,0.0,2.6455717255717257,0.98,3.44,2.46,1.033071302254357,37.42334088357588,6.941,138.90547,131.96447,40.304140942144166,0.9713097713097714,0.6,1.95,1.35,0.502915770308611,78.21517671517671,12.0,101.0,89.0,30.440946177455636,2.9106029106029108,2.0,6.0,4.0,1.4076978191402865,11.226611226611226,1.0,16.0,15.0,6.173732057539744,1.0235976108731808,0.075545,1.461112979,1.385567979,0.5834979682771977,0.36226749826749827,0.0,1.172,1.172,0.4750566352631601,0.0,-2.0,4.0,6.0,2.6418194448542427
Li6.08P0.92Si0.08S5Br,-3.063486258,777,train,298.0,5,1.1381448397638683,0.4648318042813456,0.0061162079510703364,0.45871559633027525,0.0,0.0,0.0,0.0,0.4648318042813456,0.0,0.0,0.0,0.0,0.0,0.0,0.0,0.0,0.0,0.0,0.0,0.0,0.0,0.0,0.0,0.0,0.0,0.0,0.0,0.0,0.0,0.0,0.0,0.0,0.0,0.0,0.0,0.0061162079510703364,0.0,0.0,0.0,0.0,0.0,0.0,0.0,0.0,0.0,0.07033639143730887,0.0,0.0,0.0,0.0,0.382262996941896,0.0,0.0764525993883792,0.0,0.0,0.0,0.0,1.833730886850153,0.98,2.96,1.98,0.8109364246133337,23.942888458715593,6.941,79.904,72.963,20.06459620850202,1.2212538226299694,1.0,1.45,0.44999999999999996,0.2166945590095601,55.85321100917431,12.0,98.0,86.0,40.904713400468104,2.6116207951070334,2.0,4.0,2.0,0.6248567810918211,9.021406727828746,1.0,17.0,16.0,7.487165400038845,1.399456493975535,0.61804922,3.3635883,2.74553908,0.8855965527495736,0.6835779816513763,0.47,0.9,0.43000000000000005,0.2039031502537125,1.6906218144750254,0.0,2.5,2.5,0.7049557987892012
Li6.75La3Zr1.75Ta0.25O12,-3.06048074738138,778,train,298.0,5,1.2039243153211845,0.5052631578947369,0.010526315789473684,0.5052631578947369,0.0,0.0,0.0,0.0,0.28421052631578947,0.0,0.12631578947368421,0.0,0.0,0.0,0.0,0.0,0.0,0.0,0.0,0.0,0.0,0.07368421052631578,0.0,0.010526315789473684,0.0,0.0,0.0,0.0,0.0,0.0,0.0,0.0,0.0,0.0,0.0,0.0,0.0,0.0,0.0,0.0,0.0,0.0,0.0,0.0,0.0,0.0,0.0,0.0,0.0,0.0,0.0,0.0,0.0,0.0,0.0,0.0,0.5052631578947369,0.0,2.2693684210526315,0.98,3.44,2.46,1.1869587945903604,36.22904968421053,6.941,180.94788,174.00688,47.17579711393396,1.0910526315789475,0.6,1.95,1.35,0.5181941795854452,62.76842105263158,12.0,101.0,89.0,39.97721788892399,2.768421052631579,2.0,6.0,4.0,1.5040480925887791,9.094736842105263,1.0,16.0,15.0,7.035359840736126,1.019717774336842,0.32885923,1.461112979,1.132253749,0.44904284257704874,0.47583157894736844,0.0,1.172,1.172,0.4887483186700186,0.0,-2.0,5.0,7.0,2.21002500581233
Li6.075P0.925Si0.075S5Br,-3.05898575629443,779,train,298.0,5,1.1373398161877553,0.4646271510516253,0.0057361376673040155,0.45889101338432126,0.0,0.0,0.0,0.0,0.4646271510516253,0.0,0.0,0.0,0.0,0.0,0.0,0.0,0.0,0.0,0.0,0.0,0.0,0.0,0.0,0.0,0.0,0.0,0.0,0.0,0.0,0.0,0.0,0.0,0.0,0.0,0.0,0.0,0.0057361376673040155,0.0,0.0,0.0,0.0,0.0,0.0,0.0,0.0,0.0,0.07074569789674953,0.0,0.0,0.0,0.0,0.38240917782026773,0.0,0.07648183556405354,0.0,0.0,0.0,0.0,1.8341682600382407,0.98,2.96,1.98,0.810948401638897,23.950494634799234,6.941,79.904,72.963,20.065984072401708,1.2211281070745696,1.0,1.45,0.44999999999999996,0.21672000605951436,55.8718929254302,12.0,98.0,86.0,40.90502025751477,2.6118546845124277,2.0,4.0,2.0,0.6248617452530857,9.024856596558315,1.0,17.0,16.0,7.487232838116474,1.3995094557743786,0.61804922,3.3635883,2.74553908,0.8857260403313171,0.6834990439770555,0.47,0.9,0.43000000000000005,0.2038956015883579,1.691523263224984,0.0,2.5,2.5,0.7041851547314701
Li6.02P0.98Si0.02S5Br,-3.058488567,780,train,298.0,5,1.1259662258740053,0.46236559139784944,0.0015360983102918587,0.46082949308755766,0.0,0.0,0.0,0.0,0.46236559139784944,0.0,0.0,0.0,0.0,0.0,0.0,0.0,0.0,0.0,0.0,0.0,0.0,0.0,0.0,0.0,0.0,0.0,0.0,0.0,0.0,0.0,0.0,0.0,0.0,0.0,0.0,0.0,0.0015360983102918587,0.0,0.0,0.0,0.0,0.0,0.0,0.0,0.0,0.0,0.07526881720430108,0.0,0.0,0.0,0.0,0.3840245775729647,0.0,0.07680491551459294,0.0,0.0,0.0,0.0,1.8390015360983103,0.98,2.96,1.98,0.8110650400736006,24.034548138248848,6.941,79.904,72.963,20.081122712272823,1.2197388632872503,1.0,1.45,0.44999999999999996,0.21699616540730127,56.07834101382488,12.0,98.0,86.0,40.90784301307049,2.614439324116743,2.0,4.0,2.0,0.6249107713305068,9.062980030721967,1.0,17.0,16.0,7.487872203524441,1.400094720261137,0.61804922,3.3635883,2.74553908,0.8871554986698943,0.6826267281105991,0.47,0.9,0.43000000000000005,0.20381012931014406,1.7014848950332822,0.0,2.5,2.5,0.6955343722998574
Li6.025P0.975Si0.025S5Br,-3.0565054840939,781,train,298.0,5,1.1272786086545783,0.46257197696737046,0.0019193857965451057,0.46065259117082535,0.0,0.0,0.0,0.0,0.46257197696737046,0.0,0.0,0.0,0.0,0.0,0.0,0.0,0.0,0.0,0.0,0.0,0.0,0.0,0.0,0.0,0.0,0.0,0.0,0.0,0.0,0.0,0.0,0.0,0.0,0.0,0.0,0.0,0.0019193857965451057,0.0,0.0,0.0,0.0,0.0,0.0,0.0,0.0,0.0,0.07485604606525911,0.0,0.0,0.0,0.0,0.3838771593090211,0.0,0.07677543186180422,0.0,0.0,0.0,0.0,1.8385604606525912,0.98,2.96,1.98,0.8110555908743022,24.026877577735124,6.941,79.904,72.963,20.079756251796486,1.2198656429942418,1.0,1.45,0.44999999999999996,0.2169713470518104,56.05950095969289,12.0,98.0,86.0,40.90762862349036,2.6142034548944335,2.0,4.0,2.0,0.6249067407331941,9.059500959692897,1.0,17.0,16.0,7.487821906954504,1.400041310153551,0.61804922,3.3635883,2.74553908,0.887025160591556,0.6827063339731286,0.47,0.9,0.43000000000000005,0.20381808563721093,1.7005758157389637,0.0,2.5,2.5,0.6963341915431946
Li1.8Sc0.8Ti1.2(PO4)3,-3.055517328,782,train,298.0,5,1.1140162481664606,0.6382978723404256,0.04255319148936171,0.6382978723404256,0.0,0.0,0.0,0.0,0.09574468085106384,0.0,0.0,0.0,0.0,0.0,0.0,0.0,0.0,0.0,0.0,0.0,0.0,0.0,0.04255319148936171,0.0,0.06382978723404256,0.0,0.0,0.0,0.0,0.0,0.0,0.0,0.0,0.0,0.0,0.0,0.0,0.0,0.0,0.0,0.0,0.0,0.0,0.0,0.0,0.0,0.1595744680851064,0.0,0.0,0.0,0.0,0.0,0.0,0.0,0.0,0.0,0.6382978723404256,0.0,2.7952127659574475,0.98,3.44,2.46,0.9096816472873895,20.78792636170213,6.941,47.867,40.925999999999995,11.009535334590895,0.8388297872340426,0.6,1.6,1.0,0.3479540700400005,84.04255319148936,12.0,101.0,89.0,30.591653323344286,2.372340425531915,2.0,4.0,2.0,0.6681833509549875,13.085106382978724,1.0,16.0,15.0,5.439531375442865,1.123395205212766,0.075545,1.461112979,1.385567979,0.47740079284801634,0.26595744680851063,0.0,0.9,0.9,0.36703934070048955,-0.5319148936170214,-2.0,4.0,6.0,2.052686153959639
Li4.25Si0.75Al0.25O4,-3.055517328,783,train,515.0,4,1.0211372837037784,0.4594594594594595,0.02702702702702703,0.43243243243243246,0.0,0.0,0.0,0.0,0.4594594594594595,0.0,0.0,0.0,0.0,0.0,0.0,0.0,0.0,0.0,0.0,0.0,0.0,0.0,0.0,0.0,0.0,0.0,0.0,0.02702702702702703,0.0,0.0,0.0,0.0,0.0,0.0,0.0,0.0,0.08108108108108109,0.0,0.0,0.0,0.0,0.0,0.0,0.0,0.0,0.0,0.0,0.0,0.0,0.0,0.0,0.0,0.0,0.0,0.0,0.0,0.43243243243243246,0.0,2.1354054054054057,0.98,3.44,2.46,1.1667478353620944,13.114201043243243,6.941,28.0855,21.1445,6.669323450507311,1.0486486486486486,0.6,1.45,0.85,0.4029429720374709,58.24324324324325,12.0,101.0,89.0,42.940817478217504,2.1081081081081083,2.0,3.0,1.0,0.31051689981286645,8.864864864864865,1.0,16.0,15.0,7.282567716767629,1.0401633309189189,0.432835,1.461112979,1.0282779789999998,0.42232444987606044,0.47554054054054057,0.0,0.9,0.9,0.4265920637998381,-0.32432432432432434,-2.0,3.0,5.0,1.5255314369373065
Li0.8La0.066Zr2(PO4)3,-3.052566278,784,train,449.37,5,0.9718336672224561,0.6716668532407926,0.0036941676928243595,0.6716668532407926,0.0,0.0,0.0,0.0,0.04477779021605284,0.0,0.0036941676928243595,0.0,0.0,0.0,0.0,0.0,0.0,0.0,0.0,0.0,0.0,0.1119444755401321,0.0,0.0,0.0,0.0,0.0,0.0,0.0,0.0,0.0,0.0,0.0,0.0,0.0,0.0,0.0,0.0,0.0,0.0,0.0,0.0,0.0,0.0,0.0,0.0,0.16791671331019814,0.0,0.0,0.0,0.0,0.0,0.0,0.0,0.0,0.0,0.6716668532407926,0.0,2.875103548639875,0.98,3.44,2.46,0.8560694616854632,26.983244543826267,6.941,138.90547,131.96447,24.69716723089003,0.8165621851561627,0.6,1.95,1.35,0.3465284365189378,89.0953766931602,12.0,101.0,89.0,23.517279515417428,2.5185268107018923,2.0,6.0,4.0,0.9826767641701422,13.769058546960709,1.0,16.0,15.0,4.691496409771552,1.184988162050823,0.433289,1.461112979,1.0278239789999999,0.403214563591039,0.23325601701556034,0.0,1.172,1.172,0.34716686207504965,-0.5598343221762007,-2.0,4.0,6.0,2.169982757424773
La0.54Li0.36TiO3,-3.050609993,785,train,298.0,4,1.0595817558096514,0.6122448979591837,0.07346938775510205,0.6122448979591837,0.0,0.0,0.0,0.0,0.07346938775510205,0.0,0.11020408163265308,0.0,0.0,0.0,0.0,0.0,0.0,0.0,0.0,0.0,0.0,0.0,0.0,0.0,0.20408163265306123,0.0,0.0,0.0,0.0,0.0,0.0,0.0,0.0,0.0,0.0,0.0,0.0,0.0,0.0,0.0,0.0,0.0,0.0,0.0,0.0,0.0,0.0,0.0,0.0,0.0,0.0,0.0,0.0,0.0,0.0,0.0,0.6122448979591837,0.0,2.6136326530612246,0.98,3.44,2.46,1.0497106830538836,35.38222730612245,6.941,138.90547,131.96447,38.759778542997736,0.9744897959183674,0.6,1.95,1.35,0.4942653225541422,76.76326530612246,12.0,101.0,89.0,31.848382484653698,2.848979591836735,2.0,6.0,4.0,1.3633875052161162,11.016326530612247,1.0,16.0,15.0,6.301258278580379,1.0168278784081632,0.075545,1.461112979,1.385567979,0.5801719337171669,0.36909115646258506,0.0,1.172,1.172,0.4718943349372062,-0.004081632653061162,-2.0,4.0,6.0,2.603761735837129
Li0.022La0.118Ti0.2Al0.004O0.631,-3.049976093,786,train,303.0,5,0.9702299123533099,0.6471794871794871,0.0041025641025641026,0.6471794871794871,0.0,0.0,0.0,0.0,0.022564102564102562,0.0,0.12102564102564102,0.0,0.0,0.0,0.0,0.0,0.0,0.0,0.0,0.0,0.0,0.0,0.0,0.0,0.20512820512820515,0.0,0.0,0.0041025641025641026,0.0,0.0,0.0,0.0,0.0,0.0,0.0,0.0,0.0,0.0,0.0,0.0,0.0,0.0,0.0,0.0,0.0,0.0,0.0,0.0,0.0,0.0,0.0,0.0,0.0,0.0,0.0,0.0,0.6471794871794871,0.0,2.7040410256410254,0.98,3.44,2.46,1.0059091452876383,37.25178975835897,6.941,138.90547,131.96447,39.839683723808506,0.9493333333333334,0.6,1.95,1.35,0.4978487739358225,80.41948717948718,12.0,101.0,89.0,28.799740556943764,2.8984615384615386,2.0,6.0,4.0,1.397781279360604,11.614358974358975,1.0,16.0,15.0,5.989306622627978,1.0442976042964103,0.075545,1.461112979,1.385567979,0.5824556285099806,0.33961982905982907,0.0,1.172,1.172,0.46886064480289347,-0.0758974358974357,-2.0,4.0,6.0,2.648344154129401
Li0.5Zr1.5Ta0.5(PO4)3,-3.045757491,787,train,473.0,5,0.9747856154973178,0.6857142857142857,0.02857142857142857,0.6857142857142857,0.0,0.0,0.0,0.0,0.02857142857142857,0.0,0.0,0.0,0.0,0.0,0.0,0.0,0.0,0.0,0.0,0.0,0.0,0.08571428571428572,0.0,0.02857142857142857,0.0,0.0,0.0,0.0,0.0,0.0,0.0,0.0,0.0,0.0,0.0,0.0,0.0,0.0,0.0,0.0,0.0,0.0,0.0,0.0,0.0,0.0,0.17142857142857143,0.0,0.0,0.0,0.0,0.0,0.0,0.0,0.0,0.0,0.6857142857142857,0.0,2.919142857142857,0.98,3.44,2.46,0.8115465708970089,29.468258628571427,6.941,180.94788,174.00688,33.49298892848095,0.7985714285714286,0.6,1.55,0.9500000000000001,0.3265590548836927,90.71428571428571,12.0,101.0,89.0,21.015057769638048,2.5428571428571427,2.0,6.0,4.0,1.05133539959852,14.057142857142857,1.0,16.0,15.0,4.315704591656962,1.1940897601714284,0.32885923,1.461112979,1.132253749,0.40460093719991613,0.21714285714285714,0.0,0.9,0.9,0.3323472489393451,-0.5714285714285715,-2.0,5.0,7.0,2.2375885951372823
Li6.12P0.90Si0.12S5Br,-3.045757491,788,train,298.0,5,1.146080076643773,0.4657534246575343,0.009132420091324202,0.4566210045662101,0.0,0.0,0.0,0.0,0.4657534246575343,0.0,0.0,0.0,0.0,0.0,0.0,0.0,0.0,0.0,0.0,0.0,0.0,0.0,0.0,0.0,0.0,0.0,0.0,0.0,0.0,0.0,0.0,0.0,0.0,0.0,0.0,0.0,0.009132420091324202,0.0,0.0,0.0,0.0,0.0,0.0,0.0,0.0,0.0,0.06849315068493152,0.0,0.0,0.0,0.0,0.3805175038051751,0.0,0.07610350076103502,0.0,0.0,0.0,0.0,1.8307914764079145,0.98,2.96,1.98,0.8103365597574599,23.893041537290713,6.941,79.904,72.963,20.04006455050925,1.221917808219178,1.0,1.45,0.44999999999999996,0.21649759318843084,55.75646879756468,12.0,98.0,86.0,40.89268419920792,2.6103500761035003,2.0,4.0,2.0,0.6245237082977887,9.00304414003044,1.0,17.0,16.0,7.484534425960916,1.3980412160578384,0.61804922,3.3635883,2.74553908,0.8842558348827941,0.6840030441400304,0.47,0.9,0.43000000000000005,0.20387409190090747,1.6834094368340942,0.0,2.5,2.5,0.7104880339347898
Li6.4La3Zr2Ga0.2O12,-3.045757491,789,train,297.0,5,1.209575924725064,0.5084745762711864,0.00847457627118644,0.5084745762711864,0.0,0.0,0.0,0.0,0.2711864406779661,0.0,0.1271186440677966,0.0,0.0,0.0,0.0,0.0,0.0,0.0,0.0,0.0,0.0,0.0847457627118644,0.0,0.0,0.0,0.0,0.0,0.0,0.0,0.0,0.0,0.0,0.0,0.00847457627118644,0.0,0.0,0.0,0.0,0.0,0.0,0.0,0.0,0.0,0.0,0.0,0.0,0.0,0.0,0.0,0.0,0.0,0.0,0.0,0.0,0.0,0.0,0.5084745762711864,0.0,2.282796610169491,0.98,3.44,2.46,1.1823094934464469,35.996788559322034,6.941,138.90547,131.96447,45.23949761298084,1.0885593220338983,0.6,1.95,1.35,0.5191833147140867,63.644067796610166,12.0,101.0,89.0,39.66032159320899,2.7796610169491522,2.0,6.0,4.0,1.4908511573011185,9.237288135593221,1.0,16.0,15.0,7.003241339262908,1.020691550254237,0.30116615,1.461112979,1.159946829,0.4510986378239747,0.47237288135593214,0.0,1.172,1.172,0.48857537274999796,0.0,-2.0,4.0,6.0,2.209379082955976
Li6.13P0.87Si0.13S5Br,-3.045275209,790,test,298.0,5,1.144915935606108,0.4668697638994669,0.009900990099009903,0.456968773800457,0.0,0.0,0.0,0.0,0.4668697638994669,0.0,0.0,0.0,0.0,0.0,0.0,0.0,0.0,0.0,0.0,0.0,0.0,0.0,0.0,0.0,0.0,0.0,0.0,0.0,0.0,0.0,0.0,0.0,0.0,0.0,0.0,0.0,0.009900990099009903,0.0,0.0,0.0,0.0,0.0,0.0,0.0,0.0,0.0,0.06626047220106626,0.0,0.0,0.0,0.0,0.38080731150038083,0.0,0.07616146230007617,0.0,0.0,0.0,0.0,1.8293754760091394,0.98,2.96,1.98,0.8108042737713119,23.86714531150038,6.941,79.904,72.963,20.050613034605583,1.2225057121096725,1.0,1.45,0.44999999999999996,0.21643700716594513,55.66717440974867,12.0,98.0,86.0,40.90119198602194,2.609291698400609,2.0,4.0,2.0,0.6248025682252455,8.987052551408988,1.0,17.0,16.0,7.486407072526716,1.3989290944935264,0.61804922,3.3635883,2.74553908,0.8843058934353102,0.6843640517897944,0.47,0.9,0.43000000000000005,0.20397663871592386,1.6816450875856819,0.0,2.5,2.5,0.712522263933753
Li6.125P0.875Si0.125S5Br,-3.04479346245806,791,train,298.0,5,1.1443291487403422,0.4666666666666667,0.009523809523809525,0.45714285714285713,0.0,0.0,0.0,0.0,0.4666666666666667,0.0,0.0,0.0,0.0,0.0,0.0,0.0,0.0,0.0,0.0,0.0,0.0,0.0,0.0,0.0,0.0,0.0,0.0,0.0,0.0,0.0,0.0,0.0,0.0,0.0,0.0,0.0,0.009523809523809525,0.0,0.0,0.0,0.0,0.0,0.0,0.0,0.0,0.0,0.06666666666666667,0.0,0.0,0.0,0.0,0.38095238095238093,0.0,0.0761904761904762,0.0,0.0,0.0,0.0,1.829809523809524,0.98,2.96,1.98,0.810818494106719,23.87469365714286,6.941,79.904,72.963,20.052019830793128,1.2223809523809523,1.0,1.45,0.44999999999999996,0.2164630126087697,55.68571428571428,12.0,98.0,86.0,40.90158089521591,2.609523809523809,2.0,4.0,2.0,0.624808360642161,8.99047619047619,1.0,17.0,16.0,7.486489721135747,1.3989816536190476,0.61804922,3.3635883,2.74553908,0.8844346154616018,0.6842857142857143,0.47,0.9,0.43000000000000005,0.20396945216126358,1.6825396825396826,0.0,2.5,2.5,0.7117768992074707
Li3OCl,-3.044793462,792,train,423.88,3,0.9502705392332347,0.6,0.2,0.4,0.0,0.0,0.0,0.0,0.6,0.0,0.0,0.0,0.0,0.0,0.0,0.0,0.0,0.0,0.0,0.0,0.0,0.0,0.0,0.0,0.0,0.0,0.0,0.0,0.0,0.0,0.0,0.0,0.0,0.0,0.0,0.0,0.0,0.0,0.0,0.0,0.0,0.0,0.0,0.0,0.0,0.0,0.0,0.0,0.0,0.0,0.0,0.0,0.0,0.0,0.0,0.2,0.2,0.0,1.9080000000000004,0.98,3.44,2.46,1.1400070175222607,14.455080000000002,6.941,35.453,28.512000000000004,11.069613934803689,1.19,0.6,1.45,0.85,0.3426368339802363,47.2,12.0,101.0,89.0,43.115658408517895,2.2,2.0,3.0,1.0,0.4,7.2,1.0,17.0,16.0,7.6000000000000005,1.3855971837999999,0.61804922,3.61272528,2.9946760599999998,1.160447484585899,0.607,0.0,0.9,0.9,0.3741603934143752,0.8000000000000002,-2.0,3.0,5.0,1.6
Li5.74La3Zr1.5Ta0.5O12,-3.04431224968649,793,train,298.0,5,1.2152971416801175,0.5277044854881267,0.021987686895338608,0.5277044854881267,0.0,0.0,0.0,0.0,0.25241864555848725,0.0,0.13192612137203166,0.0,0.0,0.0,0.0,0.0,0.0,0.0,0.0,0.0,0.0,0.06596306068601583,0.0,0.021987686895338608,0.0,0.0,0.0,0.0,0.0,0.0,0.0,0.0,0.0,0.0,0.0,0.0,0.0,0.0,0.0,0.0,0.0,0.0,0.0,0.0,0.0,0.0,0.0,0.0,0.0,0.0,0.0,0.0,0.0,0.0,0.0,0.0,0.5277044854881267,0.0,2.328504837291117,0.98,3.44,2.46,1.179371379083238,38.5162924362357,6.941,180.94788,174.00688,49.78025293862491,1.0740105540897098,0.6,1.95,1.35,0.5230101225398152,65.05628847845206,12.0,101.0,89.0,39.35277158065857,2.8135444151275286,2.0,6.0,4.0,1.5473958650154376,9.465259454705365,1.0,16.0,15.0,6.967500744265307,1.0364098498592786,0.32885923,1.461112979,1.132253749,0.45234643204342073,0.4565523306948109,0.0,1.172,1.172,0.4907152759900535,-0.03342128408091466,-2.0,5.0,7.0,2.270364693389452
Li1.4Al0.4Ti1.6(PO4)3,-3.037630664,794,train,294.0,5,1.0660861369642038,0.6521739130434783,0.02173913043478261,0.6521739130434783,0.0,0.0,0.0,0.0,0.07608695652173914,0.0,0.0,0.0,0.0,0.0,0.0,0.0,0.0,0.0,0.0,0.0,0.0,0.0,0.0,0.0,0.08695652173913045,0.0,0.0,0.02173913043478261,0.0,0.0,0.0,0.0,0.0,0.0,0.0,0.0,0.0,0.0,0.0,0.0,0.0,0.0,0.0,0.0,0.0,0.0,0.16304347826086957,0.0,0.0,0.0,0.0,0.0,0.0,0.0,0.0,0.0,0.6521739130434783,0.0,2.8440217391304348,0.98,3.44,2.46,0.8641344749700466,20.761483773913046,6.941,47.867,40.925999999999995,10.538282466717746,0.8135869565217391,0.6,1.45,0.85,0.31666599301822024,87.63043478260872,12.0,101.0,89.0,25.89683436726865,2.3586956521739135,2.0,4.0,2.0,0.6355675611323356,13.58695652173913,1.0,16.0,15.0,4.917033777799649,1.137633586195652,0.075545,1.461112979,1.385567979,0.4718067951306447,0.2468840579710145,0.0,0.9,0.9,0.35068068879629516,-0.5434782608695652,-2.0,4.0,6.0,2.1045828710510817
La0.5Li0.5TiO3,-3.03385826726097,795,train,298.0,4,1.0888999753452238,0.6,0.1,0.6,0.0,0.0,0.0,0.0,0.1,0.0,0.1,0.0,0.0,0.0,0.0,0.0,0.0,0.0,0.0,0.0,0.0,0.0,0.0,0.0,0.2,0.0,0.0,0.0,0.0,0.0,0.0,0.0,0.0,0.0,0.0,0.0,0.0,0.0,0.0,0.0,0.0,0.0,0.0,0.0,0.0,0.0,0.0,0.0,0.0,0.0,0.0,0.0,0.0,0.0,0.0,0.0,0.6,0.0,2.58,0.98,3.44,2.46,1.0654201049351377,33.757687000000004,6.941,138.90547,131.96447,37.50396904486405,0.98,0.6,1.95,1.35,0.48795491595023405,75.3,12.0,101.0,89.0,33.0758219852508,2.8,2.0,6.0,4.0,1.3266499161421599,10.8,1.0,16.0,15.0,6.4156059729381765,1.0093363294,0.075545,1.461112979,1.385567979,0.5766944826746587,0.37753333333333333,0.0,1.172,1.172,0.4699938344749263,1.1102230246251565e-16,-2.0,4.0,6.0,2.569046515733026
Li0.33La0.56Ti0.97Al0.03O2.97F0.03,-3.03245202378114,796,train,298.0,6,1.1163266447288582,0.6073619631901841,0.006134969325153374,0.6134969325153374,0.0,0.0,0.0,0.0,0.06748466257668713,0.0,0.114519427402863,0.0,0.0,0.0,0.0,0.0,0.0,0.0,0.0,0.0,0.0,0.0,0.0,0.0,0.1983640081799591,0.0,0.0,0.006134969325153374,0.0,0.0,0.0,0.0,0.0,0.0,0.0,0.0,0.0,0.0,0.0,0.0,0.0,0.0,0.0,0.0,0.0,0.0,0.0,0.0,0.0,0.0,0.0,0.0,0.0,0.0,0.0,0.0,0.6073619631901841,0.006134969325153374,2.6212065439672805,0.98,3.98,3.0,1.0504563115389731,35.87038843640082,6.941,138.90547,131.96447,39.279039748315626,0.9740286298568507,0.5,1.95,1.45,0.4971702411338433,77.16564417177914,12.0,102.0,90.0,31.53773935662078,2.8609406952965237,2.0,6.0,4.0,1.375021076083249,11.106339468302659,1.0,17.0,16.0,6.262242871568603,1.0314901956952967,0.075545,3.401189824,3.325644824,0.6060396453607583,0.3693837764144513,0.0,1.172,1.172,0.47169164903613037,0.002044989775051076,-2.0,4.0,6.0,2.600533984417602
Li6.17P0.83Si0.17S5Br,-3.031984286,797,test,298.0,5,1.149023886363173,0.4684889901290813,0.0129081245254366,0.45558086560364475,0.0,0.0,0.0,0.0,0.4684889901290813,0.0,0.0,0.0,0.0,0.0,0.0,0.0,0.0,0.0,0.0,0.0,0.0,0.0,0.0,0.0,0.0,0.0,0.0,0.0,0.0,0.0,0.0,0.0,0.0,0.0,0.0,0.0,0.0129081245254366,0.0,0.0,0.0,0.0,0.0,0.0,0.0,0.0,0.0,0.06302201974183752,0.0,0.0,0.0,0.0,0.3796507213363706,0.0,0.07593014426727412,0.0,0.0,0.0,0.0,1.825914958238421,0.98,2.96,1.98,0.8106825786566373,23.80696487927107,6.941,79.904,72.963,20.039291888624398,1.2235003796507216,1.0,1.45,0.44999999999999996,0.21622698788169437,55.519362186788165,12.0,98.0,86.0,40.89779059835701,2.607441154138193,2.0,4.0,2.0,0.6247533008572275,8.959757023538346,1.0,17.0,16.0,7.485692103842936,1.3985100581852699,0.61804922,3.3635883,2.74553908,0.8832788529883883,0.68498861047836,0.47,0.9,0.43000000000000005,0.20403284985179793,1.6745127815742853,0.0,2.5,2.5,0.7183973036171512
Li0.5Hf1.5Ta0.5(PO4)3,-3.031517051,798,test,473.0,5,0.9747856154973179,0.6857142857142857,0.02857142857142857,0.6857142857142857,0.0,0.0,0.0,0.0,0.02857142857142857,0.0,0.0,0.0,0.0,0.0,0.0,0.0,0.0,0.0,0.0,0.08571428571428572,0.0,0.0,0.0,0.02857142857142857,0.0,0.0,0.0,0.0,0.0,0.0,0.0,0.0,0.0,0.0,0.0,0.0,0.0,0.0,0.0,0.0,0.0,0.0,0.0,0.0,0.0,0.0,0.17142857142857143,0.0,0.0,0.0,0.0,0.0,0.0,0.0,0.0,0.0,0.6857142857142857,0.0,2.9165714285714284,0.98,3.44,2.46,0.8166095162565866,36.948201485714286,6.941,180.94788,174.00688,51.40461349632162,0.7985714285714285,0.6,1.55,0.9500000000000001,0.3265590548836927,90.8,12.0,101.0,89.0,20.846102753272614,2.6285714285714286,2.0,6.0,4.0,1.266845672994021,14.057142857142857,1.0,16.0,15.0,4.315704591656962,1.172213845885714,0.17807,1.461112979,1.283042979,0.44954747931818406,0.2162857142857143,0.0,0.9,0.9,0.330696975788891,-0.5714285714285714,-2.0,5.0,7.0,2.237588595137282
Li6.175P0.825Si0.175S5Br,-3.03105031901866,799,train,298.0,5,1.1494705842281627,0.46869070208728647,0.013282732447817835,0.4554079696394686,0.0,0.0,0.0,0.0,0.46869070208728647,0.0,0.0,0.0,0.0,0.0,0.0,0.0,0.0,0.0,0.0,0.0,0.0,0.0,0.0,0.0,0.0,0.0,0.0,0.0,0.0,0.0,0.0,0.0,0.0,0.0,0.0,0.0,0.013282732447817835,0.0,0.0,0.0,0.0,0.0,0.0,0.0,0.0,0.0,0.06261859582542693,0.0,0.0,0.0,0.0,0.37950664136622386,0.0,0.07590132827324478,0.0,0.0,0.0,0.0,1.8254838709677417,0.98,2.96,1.98,0.8106663827279416,23.799468018975332,6.941,79.904,72.963,20.037868470644256,1.2236242884250474,1.0,1.45,0.44999999999999996,0.21620049030863203,55.50094876660342,12.0,98.0,86.0,40.89732943698245,2.6072106261859584,2.0,4.0,2.0,0.6247467792468436,8.956356736242885,1.0,17.0,16.0,7.4855960615343395,1.3984578575521822,0.61804922,3.3635883,2.74553908,0.8831508138347182,0.6850664136622391,0.47,0.9,0.43000000000000005,0.20403971724988113,1.6736242884250474,0.0,2.5,2.5,0.719120858321074
Fe0.16La2.95Li5.68Zr2O12,-3.02918838912748,800,train,298.0,5,1.197003309741246,0.5265467310223783,0.007020623080298377,0.5265467310223783,0.0,0.0,0.0,0.0,0.24923211935059236,0.0,0.12944273804300133,0.0,0.0,0.0,0.0,0.0,0.0,0.0,0.0,0.0,0.0,0.08775778850372971,0.0,0.0,0.0,0.0,0.0,0.0,0.0,0.0,0.0,0.0,0.0,0.0,0.007020623080298377,0.0,0.0,0.0,0.0,0.0,0.0,0.0,0.0,0.0,0.0,0.0,0.0,0.0,0.0,0.0,0.0,0.0,0.0,0.0,0.0,0.0,0.5265467310223783,0.0,2.3275208424747698,0.98,3.44,2.46,1.178271819762381,36.532339469065384,6.941,138.90547,131.96447,45.40862643849148,1.0755813953488373,0.6,1.95,1.35,0.5229689623756203,65.1720052654673,12.0,101.0,89.0,39.212188008726834,2.7950855638437915,2.0,6.0,4.0,1.5022733917999023,9.469504168494954,1.0,16.0,15.0,6.95644414909815,1.0346525855024133,0.15323635,1.461112979,1.307876629,0.45351353977013004,0.45747257569109256,0.0,1.172,1.172,0.4903114062883454,-0.04695041684949536,-2.0,4.0,6.0,2.228497891965868
Li3O(Cl0.5Br0.5),-3.027797162,801,train,302.61,4,1.0888999753452238,0.6,0.1,0.4,0.0,0.0,0.0,0.0,0.6,0.0,0.0,0.0,0.0,0.0,0.0,0.0,0.0,0.0,0.0,0.0,0.0,0.0,0.0,0.0,0.0,0.0,0.0,0.0,0.0,0.0,0.0,0.0,0.0,0.0,0.0,0.0,0.0,0.0,0.0,0.0,0.0,0.0,0.0,0.0,0.0,0.0,0.0,0.0,0.0,0.0,0.0,0.0,0.0,0.1,0.0,0.1,0.2,0.0,1.8880000000000003,0.98,3.44,2.46,1.119435572062993,18.90018,6.941,79.904,72.963,22.0690345765192,1.205,0.6,1.45,0.85,0.33723137457834496,47.10000000000001,12.0,101.0,89.0,42.996395197737215,2.3,2.0,4.0,2.0,0.6403124237432849,7.2,1.0,17.0,16.0,7.6000000000000005,1.3606834857999999,0.61804922,3.61272528,2.9946760599999998,1.1141151655111665,0.6305000000000001,0.0,0.9,0.9,0.363568769285812,0.7000000000000001,-2.0,3.0,5.0,1.4866068747318506
Li0.9Zr1.9Ta0.1(PO4)3,-3.022276395,802,test,573.0,5,0.9848478595619922,0.670391061452514,0.005586592178770951,0.670391061452514,0.0,0.0,0.0,0.0,0.05027932960893855,0.0,0.0,0.0,0.0,0.0,0.0,0.0,0.0,0.0,0.0,0.0,0.0,0.10614525139664804,0.0,0.005586592178770951,0.0,0.0,0.0,0.0,0.0,0.0,0.0,0.0,0.0,0.0,0.0,0.0,0.0,0.0,0.0,0.0,0.0,0.0,0.0,0.0,0.0,0.0,0.1675977653631285,0.0,0.0,0.0,0.0,0.0,0.0,0.0,0.0,0.0,0.670391061452514,0.0,2.872011173184357,0.98,3.44,2.46,0.8585601691908202,26.959853296089378,6.941,180.94788,174.00688,25.965809223073663,0.8153631284916198,0.6,1.55,0.9500000000000001,0.34145802556316857,88.88826815642456,12.0,101.0,89.0,23.922333054876297,2.508379888268156,2.0,6.0,4.0,0.9766475270012989,13.743016759776536,1.0,16.0,15.0,4.727300226923746,1.183550972011173,0.32885923,1.461112979,1.132253749,0.4044171018358683,0.23329608938547483,0.0,0.9,0.9,0.3453389178719908,-0.5586592178770949,-2.0,5.0,7.0,2.1733112130448555
Li7.06La3Zr1.94Y0.06O12,-3.019542108,803,train,298.0,5,1.1842951514506452,0.49875311720698257,0.0024937655860349127,0.49875311720698257,0.0,0.0,0.0,0.0,0.29343308395677475,0.0,0.12468827930174564,0.0,0.0,0.0,0.0,0.0,0.0024937655860349127,0.0,0.0,0.0,0.0,0.08063175394846218,0.0,0.0,0.0,0.0,0.0,0.0,0.0,0.0,0.0,0.0,0.0,0.0,0.0,0.0,0.0,0.0,0.0,0.0,0.0,0.0,0.0,0.0,0.0,0.0,0.0,0.0,0.0,0.0,0.0,0.0,0.0,0.0,0.0,0.0,0.49875311720698257,0.0,2.2507148794679965,0.98,3.44,2.46,1.1896867659879207,34.91361517040732,6.941,138.90547,131.96447,44.93760496740292,1.097339983374896,0.6,1.95,1.35,0.5179419982056259,62.02327514546966,12.0,101.0,89.0,40.17572941252841,2.748129675810474,2.0,6.0,4.0,1.4776481762619,8.977556109725686,1.0,16.0,15.0,7.057794545949657,1.0153233596508728,0.3112922,1.461112979,1.149820779,0.4473352775217484,0.48216126350789695,0.0,1.172,1.172,0.48867539480927713,-5.551115123125783e-17,-2.0,4.0,6.0,2.173290597216609
La0.565Li0.305TiO3,-3.01908806222316,804,train,298.0,4,1.0469355380692686,0.6160164271047228,0.06262833675564682,0.6160164271047228,0.0,0.0,0.0,0.0,0.06262833675564682,0.0,0.11601642710472278,0.0,0.0,0.0,0.0,0.0,0.0,0.0,0.0,0.0,0.0,0.0,0.0,0.0,0.2053388090349076,0.0,0.0,0.0,0.0,0.0,0.0,0.0,0.0,0.0,0.0,0.0,0.0,0.0,0.0,0.0,0.0,0.0,0.0,0.0,0.0,0.0,0.0,0.0,0.0,0.0,0.0,0.0,0.0,0.0,0.0,0.0,0.6160164271047228,0.0,2.624312114989733,0.98,3.44,2.46,1.0441204747674409,36.23486561601642,6.941,138.90547,131.96447,39.455395567018066,0.9741273100616017,0.6,1.95,1.35,0.49813101223746664,77.2700205338809,12.0,101.0,89.0,31.3492282440661,2.874743326488706,2.0,6.0,4.0,1.382910764503143,11.088295687885012,1.0,16.0,15.0,6.256364855257115,1.01897383,0.075545,1.461112979,1.385567979,0.5813391991060556,0.36721697467488024,0.0,1.172,1.172,0.47347503365698473,-1.1102230246251565e-16,-2.0,4.0,6.0,2.618446645184042
Li0.33La0.56Ti0.99Al0.01O2.99F0.01,-3.00877392430751,805,train,298.0,6,1.0795732505859112,0.6114519427402864,0.002044989775051125,0.6134969325153374,0.0,0.0,0.0,0.0,0.06748466257668713,0.0,0.114519427402863,0.0,0.0,0.0,0.0,0.0,0.0,0.0,0.0,0.0,0.0,0.0,0.0,0.0,0.20245398773006135,0.0,0.0,0.002044989775051125,0.0,0.0,0.0,0.0,0.0,0.0,0.0,0.0,0.0,0.0,0.0,0.0,0.0,0.0,0.0,0.0,0.0,0.0,0.0,0.0,0.0,0.0,0.0,0.0,0.0,0.0,0.0,0.0,0.6114519427402864,0.002044989775051125,2.6187116564417177,0.98,3.98,3.0,1.0484473751472148,35.943543684662586,6.941,138.90547,131.96447,39.28808680187292,0.9750511247443763,0.5,1.95,1.45,0.4972534456454791,77.04294478527608,12.0,102.0,90.0,31.578191918239593,2.8650306748466257,2.0,6.0,4.0,1.3769145618793839,11.065439672801638,1.0,17.0,16.0,6.273895984072238,1.0220940122801636,0.075545,3.401189824,3.325644824,0.5892836688274173,0.36920654396728014,0.0,1.172,1.172,0.4727886122349152,0.002044989775050965,-2.0,4.0,6.0,2.608385860951541
Li1.40Al0.4Ge0.2Ti1.4(PO4)3,-3.0,806,test,298.0,6,1.098848759682155,0.6521739130434783,0.010869565217391306,0.6521739130434783,0.0,0.0,0.0,0.0,0.07608695652173914,0.0,0.0,0.0,0.0,0.0,0.0,0.0,0.0,0.0,0.0,0.0,0.0,0.0,0.0,0.0,0.07608695652173914,0.0,0.0,0.02173913043478261,0.0,0.0,0.0,0.0,0.0,0.0,0.0,0.0,0.0,0.0,0.0,0.0,0.010869565217391306,0.0,0.0,0.0,0.0,0.0,0.16304347826086957,0.0,0.0,0.0,0.0,0.0,0.0,0.0,0.0,0.0,0.6521739130434783,0.0,2.8491304347826087,0.98,3.44,2.46,0.857776007264683,21.030755513043477,6.941,72.64,65.699,11.500045993854453,0.8119565217391305,0.6,1.45,0.85,0.31401758165411964,87.98913043478262,12.0,101.0,89.0,25.61397994863496,2.358695652173913,2.0,4.0,2.0,0.6355675611323356,13.695652173913043,1.0,16.0,15.0,4.813340001077582,1.1502111015543477,0.075545,1.461112979,1.385567979,0.45856343633956065,0.24599637681159423,0.0,0.9,0.9,0.34924911341847026,-0.5797101449275361,-2.0,4.0,6.0,2.0541401372407995
Li0.245La0.592Ti0.98Mn0.02O3,-3.0,807,train,298.0,5,1.0505864503735445,0.6202191440975812,0.004134794293983874,0.6202191440975812,0.0,0.0,0.0,0.0,0.050651230101302465,0.0,0.12238991110192268,0.0,0.0,0.0,0.0,0.0,0.0,0.0,0.0,0.0,0.0,0.0,0.0,0.0,0.20260492040520986,0.004134794293983874,0.0,0.0,0.0,0.0,0.0,0.0,0.0,0.0,0.0,0.0,0.0,0.0,0.0,0.0,0.0,0.0,0.0,0.0,0.0,0.0,0.0,0.0,0.0,0.0,0.0,0.0,0.0,0.0,0.0,0.0,0.6202191440975812,0.0,2.636241471986769,0.98,3.44,2.46,1.037701821968662,37.20057972710358,6.941,138.90547,131.96447,40.193278047170665,0.9736716973330577,0.6,1.95,1.35,0.5023285844456403,77.86975397973951,12.0,101.0,89.0,30.750511407635848,2.9030390738060783,2.0,6.0,4.0,1.403466375659566,11.180690510647096,1.0,16.0,15.0,6.193924819612678,1.0189089200537524,-0.52,1.461112979,1.981112979,0.587850608758602,0.3652072221073669,0.0,1.172,1.172,0.4752941062765473,0.005719798773344498,-2.0,4.333333333333333,6.333333333333333,2.636726240094624
(La0.5Li0.5)TiO3,-3.0,808,train,298.0,4,1.0888999753452238,0.6,0.1,0.6,0.0,0.0,0.0,0.0,0.1,0.0,0.1,0.0,0.0,0.0,0.0,0.0,0.0,0.0,0.0,0.0,0.0,0.0,0.0,0.0,0.2,0.0,0.0,0.0,0.0,0.0,0.0,0.0,0.0,0.0,0.0,0.0,0.0,0.0,0.0,0.0,0.0,0.0,0.0,0.0,0.0,0.0,0.0,0.0,0.0,0.0,0.0,0.0,0.0,0.0,0.0,0.0,0.6,0.0,2.58,0.98,3.44,2.46,1.0654201049351377,33.757687000000004,6.941,138.90547,131.96447,37.50396904486405,0.98,0.6,1.95,1.35,0.48795491595023405,75.3,12.0,101.0,89.0,33.0758219852508,2.8,2.0,6.0,4.0,1.3266499161421599,10.8,1.0,16.0,15.0,6.4156059729381765,1.0093363294,0.075545,1.461112979,1.385567979,0.5766944826746587,0.37753333333333333,0.0,1.172,1.172,0.4699938344749263,1.1102230246251565e-16,-2.0,4.0,6.0,2.569046515733026
Li0.5(La0.4Nd0.1)TiO3,-3.0,809,train,298.0,5,1.1389402176990424,0.6,0.02,0.6,0.0,0.0,0.0,0.0,0.1,0.0,0.08,0.0,0.0,0.02,0.0,0.0,0.0,0.0,0.0,0.0,0.0,0.0,0.0,0.0,0.2,0.0,0.0,0.0,0.0,0.0,0.0,0.0,0.0,0.0,0.0,0.0,0.0,0.0,0.0,0.0,0.0,0.0,0.0,0.0,0.0,0.0,0.0,0.0,0.0,0.0,0.0,0.0,0.0,0.0,0.0,0.0,0.6,0.0,2.5808,0.98,3.44,2.46,1.0643229585046072,33.8644176,6.941,144.242,137.301,37.80940155149884,0.978,0.6,1.95,1.35,0.4841652610421363,75.24,12.0,101.0,89.0,33.155126300468226,2.8,2.0,6.0,4.0,1.3266499161421599,10.8,1.0,16.0,15.0,6.4156059729381765,1.0001352714,0.075545,1.461112979,1.385567979,0.5873999784337031,0.3796233333333333,0.0,1.2765,1.2765,0.47373949804835896,0.0,-2.0,4.0,6.0,2.569046515733026
Li3P,-3.0,810,train,298.0,2,0.5623351446188083,0.75,0.25,0.0,0.0,0.0,0.0,0.0,0.75,0.0,0.0,0.0,0.0,0.0,0.0,0.0,0.0,0.0,0.0,0.0,0.0,0.0,0.0,0.0,0.0,0.0,0.0,0.0,0.0,0.0,0.0,0.0,0.0,0.0,0.0,0.0,0.0,0.0,0.0,0.0,0.0,0.0,0.0,0.0,0.0,0.0,0.25,0.0,0.0,0.0,0.0,0.0,0.0,0.0,0.0,0.0,0.0,0.0,1.2825,0.98,2.19,1.21,0.5239453692895853,12.9491905,6.941,30.973762,24.032762,10.406491207552657,1.3375,1.0,1.45,0.44999999999999996,0.1948557158514987,31.5,12.0,90.0,78.0,33.77499074759311,2.25,2.0,3.0,1.0,0.4330127018922193,4.5,1.0,15.0,14.0,6.06217782649107,0.6501891925,0.61804922,0.74660911,0.12855989,0.05566806532386651,0.8125,0.55,0.9,0.35,0.15155444566227674,1.1666666666666667,1.0,1.6666666666666667,0.6666666666666667,0.2886751345948129
LiLa(TiO3)2,-3.0,811,train,298.0,4,1.0888999753452238,0.6,0.1,0.6,0.0,0.0,0.0,0.0,0.1,0.0,0.1,0.0,0.0,0.0,0.0,0.0,0.0,0.0,0.0,0.0,0.0,0.0,0.0,0.0,0.2,0.0,0.0,0.0,0.0,0.0,0.0,0.0,0.0,0.0,0.0,0.0,0.0,0.0,0.0,0.0,0.0,0.0,0.0,0.0,0.0,0.0,0.0,0.0,0.0,0.0,0.0,0.0,0.0,0.0,0.0,0.0,0.6,0.0,2.58,0.98,3.44,2.46,1.0654201049351377,33.757687000000004,6.941,138.90547,131.96447,37.50396904486405,0.98,0.6,1.95,1.35,0.48795491595023405,75.3,12.0,101.0,89.0,33.0758219852508,2.8,2.0,6.0,4.0,1.3266499161421599,10.8,1.0,16.0,15.0,6.4156059729381765,1.0093363294,0.075545,1.461112979,1.385567979,0.5766944826746587,0.37753333333333333,0.0,1.172,1.172,0.4699938344749263,1.1102230246251565e-16,-2.0,4.0,6.0,2.569046515733026
La0.51Li0.34TiO2.94,-3.0,812,train,298.0,4,1.0528930080533543,0.6137787056367432,0.0709812108559499,0.6137787056367432,0.0,0.0,0.0,0.0,0.0709812108559499,0.0,0.10647181628392484,0.0,0.0,0.0,0.0,0.0,0.0,0.0,0.0,0.0,0.0,0.0,0.0,0.0,0.20876826722338204,0.0,0.0,0.0,0.0,0.0,0.0,0.0,0.0,0.0,0.0,0.0,0.0,0.0,0.0,0.0,0.0,0.0,0.0,0.0,0.0,0.0,0.0,0.0,0.0,0.0,0.0,0.0,0.0,0.0,0.0,0.0,0.6137787056367432,0.0,2.6195824634655533,0.98,3.44,2.46,1.0455216321450667,35.09539993736952,6.941,138.90547,131.96447,38.23000517420593,0.9710855949895615,0.6,1.95,1.35,0.49115779769345447,77.00417536534447,12.0,101.0,89.0,31.633667473882337,2.8434237995824634,2.0,6.0,4.0,1.3517612302970543,11.045929018789144,1.0,16.0,15.0,6.283655034123337,1.0158042703674321,0.075545,1.461112979,1.385567979,0.5829842533701431,0.3664690327070285,0.0,1.172,1.172,0.46996848323036094,-0.0020876826722338038,-2.0,4.0,6.0,2.6123993372211336
Li6.4La3Zr1.4Ta0.6O12,-3.0,813,train,298.0,5,1.2228390326709018,0.5128205128205129,0.02564102564102564,0.5128205128205129,0.0,0.0,0.0,0.0,0.27350427350427353,0.0,0.12820512820512822,0.0,0.0,0.0,0.0,0.0,0.0,0.0,0.0,0.0,0.0,0.05982905982905983,0.0,0.02564102564102564,0.0,0.0,0.0,0.0,0.0,0.0,0.0,0.0,0.0,0.0,0.0,0.0,0.0,0.0,0.0,0.0,0.0,0.0,0.0,0.0,0.0,0.0,0.0,0.0,0.0,0.0,0.0,0.0,0.0,0.0,0.0,0.0,0.5128205128205129,0.0,2.2911965811965813,0.98,3.44,2.46,1.1833244220633492,38.00914264957265,6.941,180.94788,174.00688,50.10854015565345,1.0841880341880343,0.6,1.95,1.35,0.5189836209661903,63.57264957264959,12.0,101.0,89.0,39.77163792928392,2.794871794871795,2.0,6.0,4.0,1.5388888295511445,9.23076923076923,1.0,16.0,15.0,7.007181438779528,1.0241636535897438,0.32885923,1.461112979,1.132253749,0.4519044324326734,0.4688888888888889,0.0,1.172,1.172,0.48915517223690463,-2.7755575615628914e-17,-2.0,5.0,7.0,2.2532028485964326
Li1.45Al0.45Ge0.2Ti1.35(PO4)3,-2.995678626,814,train,298.0,6,1.1059907133423317,0.6504065040650406,0.010840108401084013,0.6504065040650406,0.0,0.0,0.0,0.0,0.07859078590785908,0.0,0.0,0.0,0.0,0.0,0.0,0.0,0.0,0.0,0.0,0.0,0.0,0.0,0.0,0.0,0.07317073170731708,0.0,0.0,0.024390243902439025,0.0,0.0,0.0,0.0,0.0,0.0,0.0,0.0,0.0,0.0,0.0,0.0,0.010840108401084013,0.0,0.0,0.0,0.0,0.0,0.16260162601626016,0.0,0.0,0.0,0.0,0.0,0.0,0.0,0.0,0.0,0.6504065040650406,0.0,2.8442547425474256,0.98,3.44,2.46,0.8618273584720095,20.93597172737127,6.941,72.64,65.699,11.426544385237657,0.8132791327913279,0.6,1.45,0.85,0.3146811189724136,87.86178861788618,12.0,101.0,89.0,25.814637935872653,2.355013550135501,2.0,4.0,2.0,0.6300798438075063,13.685636856368564,1.0,16.0,15.0,4.825837718911082,1.1497371940162602,0.075545,1.461112979,1.385567979,0.4568836084627138,0.24728997289972898,0.0,0.9,0.9,0.3497234291426972,-0.5781391147244804,-2.0,4.0,6.0,2.0476095521283293
Li6.5La3Zr1.75Te0.25O12,-2.99139982823808,815,train,298.0,5,1.2032053210680838,0.5106382978723404,0.010638297872340425,0.5106382978723404,0.0,0.0,0.0,0.0,0.2765957446808511,0.0,0.1276595744680851,0.0,0.0,0.0,0.0,0.0,0.0,0.0,0.0,0.0,0.0,0.07446808510638298,0.0,0.0,0.0,0.0,0.0,0.0,0.0,0.0,0.0,0.0,0.0,0.0,0.0,0.0,0.0,0.0,0.0,0.0,0.0,0.0,0.0,0.0,0.010638297872340425,0.0,0.0,0.0,0.0,0.0,0.0,0.0,0.0,0.0,0.0,0.0,0.5106382978723404,0.0,2.2894680851063827,0.98,3.44,2.46,1.1831218773402061,35.973094042553186,6.941,138.90547,131.96447,45.89175130730681,1.0867021276595743,0.6,1.95,1.35,0.5192658243890615,63.734042553191486,12.0,101.0,89.0,39.93350204759687,2.7659574468085104,2.0,6.0,4.0,1.49057701175634,9.29787234042553,1.0,16.0,15.0,7.043677997210256,1.0414591043829786,0.433289,1.9708757,1.5375866999999999,0.4540291944840481,0.47222340425531917,0.0,1.172,1.172,0.49009018176326635,-0.03723404255319146,-2.0,4.0,6.0,2.173632318461975
Li0.34La0.51TiO2.94,-2.991399828,816,train,300.0,4,1.0528930080533543,0.6137787056367432,0.0709812108559499,0.6137787056367432,0.0,0.0,0.0,0.0,0.0709812108559499,0.0,0.10647181628392484,0.0,0.0,0.0,0.0,0.0,0.0,0.0,0.0,0.0,0.0,0.0,0.0,0.0,0.20876826722338204,0.0,0.0,0.0,0.0,0.0,0.0,0.0,0.0,0.0,0.0,0.0,0.0,0.0,0.0,0.0,0.0,0.0,0.0,0.0,0.0,0.0,0.0,0.0,0.0,0.0,0.0,0.0,0.0,0.0,0.0,0.0,0.6137787056367432,0.0,2.6195824634655533,0.98,3.44,2.46,1.0455216321450667,35.09539993736952,6.941,138.90547,131.96447,38.23000517420593,0.9710855949895615,0.6,1.95,1.35,0.49115779769345447,77.00417536534447,12.0,101.0,89.0,31.633667473882337,2.8434237995824634,2.0,6.0,4.0,1.3517612302970543,11.045929018789144,1.0,16.0,15.0,6.283655034123337,1.0158042703674321,0.075545,1.461112979,1.385567979,0.5829842533701431,0.3664690327070285,0.0,1.172,1.172,0.46996848323036094,-0.0020876826722338038,-2.0,4.0,6.0,2.6123993372211336
Li6.7La3Zr1.7Ta0.3O12,-2.987162775,817,train,303.0,5,1.2076812390344354,0.5063291139240507,0.012658227848101266,0.5063291139240507,0.0,0.0,0.0,0.0,0.28270042194092826,0.0,0.12658227848101267,0.0,0.0,0.0,0.0,0.0,0.0,0.0,0.0,0.0,0.0,0.07172995780590717,0.0,0.012658227848101266,0.0,0.0,0.0,0.0,0.0,0.0,0.0,0.0,0.0,0.0,0.0,0.0,0.0,0.0,0.0,0.0,0.0,0.0,0.0,0.0,0.0,0.0,0.0,0.0,0.0,0.0,0.0,0.0,0.0,0.0,0.0,0.0,0.5063291139240507,0.0,2.2724472573839667,0.98,3.44,2.46,1.1864711720707442,36.48012970464136,6.941,180.94788,174.00688,47.60443648327298,1.090084388185654,0.6,1.95,1.35,0.5183111096443369,62.881856540084385,12.0,101.0,89.0,39.9492659260474,2.7721518987341773,2.0,6.0,4.0,1.5090391535013903,9.113924050632912,1.0,16.0,15.0,7.031551572250539,1.020344860379747,0.32885923,1.461112979,1.132253749,0.449450234198918,0.47485232067510547,0.0,1.172,1.172,0.4888116988421965,-5.551115123125783e-17,-2.0,5.0,7.0,2.216166150148335
Li6CaLa2Ta2O12,-2.978810701,818,train,448.0,5,1.2510583317959272,0.5217391304347826,0.043478260869565216,0.5217391304347826,0.0,0.0,0.0,0.0,0.2608695652173913,0.043478260869565216,0.08695652173913043,0.0,0.0,0.0,0.0,0.0,0.0,0.0,0.0,0.0,0.0,0.0,0.0,0.08695652173913043,0.0,0.0,0.0,0.0,0.0,0.0,0.0,0.0,0.0,0.0,0.0,0.0,0.0,0.0,0.0,0.0,0.0,0.0,0.0,0.0,0.0,0.0,0.0,0.0,0.0,0.0,0.0,0.0,0.0,0.0,0.0,0.0,0.5217391304347826,0.0,2.3200000000000003,0.98,3.44,2.46,1.177513961885286,39.71406521739131,6.941,180.94788,174.00688,56.2467583100893,1.0652173913043477,0.6,1.95,1.35,0.5059289309535514,63.91304347826086,12.0,101.0,89.0,40.198326856246,2.7826086956521743,2.0,6.0,4.0,1.53102755318774,9.391304347826086,1.0,16.0,15.0,6.982830685734351,1.0016962142608694,0.024551,1.461112979,1.436561979,0.4965378271320821,0.45756521739130435,0.0,1.172,1.172,0.48616295586946495,5.551115123125783e-17,-2.0,5.0,7.0,2.3405684928164816
Li2.9Sc1.9Zr0.1(PO4)3,-2.974694135,819,train,423.0,5,1.1217930143853954,0.6030150753768845,0.0050251256281407045,0.6030150753768845,0.0,0.0,0.0,0.0,0.1457286432160804,0.0,0.0,0.0,0.0,0.0,0.0,0.0,0.0,0.0,0.0,0.0,0.0,0.0050251256281407045,0.09547738693467336,0.0,0.0,0.0,0.0,0.0,0.0,0.0,0.0,0.0,0.0,0.0,0.0,0.0,0.0,0.0,0.0,0.0,0.0,0.0,0.0,0.0,0.0,0.0,0.15075376884422112,0.0,0.0,0.0,0.0,0.0,0.0,0.0,0.0,0.0,0.6030150753768845,0.0,2.683869346733669,0.98,3.44,2.46,0.9905333840612208,20.07947833165829,6.941,91.224,84.283,11.730564173143433,0.8844221105527639,0.6,1.6,1.0,0.38539093603959507,78.2814070351759,12.0,101.0,89.0,36.22155728417269,2.35678391959799,2.0,5.0,3.0,0.6712634966631776,12.361809045226131,1.0,16.0,15.0,6.046698400902427,1.1029988519095477,0.17938023,1.461112979,1.281732749,0.46309463812256946,0.3028894472361809,0.0,0.9,0.9,0.38781188497755614,-0.5025125628140704,-2.0,4.0,6.0,1.9140869965630325
Li0.33La0.56Ti0.98Al0.02O2.98F0.02,-2.97469413473523,820,train,298.0,6,1.0990338497609078,0.6094069529652352,0.00408997955010225,0.6134969325153374,0.0,0.0,0.0,0.0,0.06748466257668713,0.0,0.114519427402863,0.0,0.0,0.0,0.0,0.0,0.0,0.0,0.0,0.0,0.0,0.0,0.0,0.0,0.20040899795501024,0.0,0.0,0.00408997955010225,0.0,0.0,0.0,0.0,0.0,0.0,0.0,0.0,0.0,0.0,0.0,0.0,0.0,0.0,0.0,0.0,0.0,0.0,0.0,0.0,0.0,0.0,0.0,0.0,0.0,0.0,0.0,0.0,0.6094069529652352,0.00408997955010225,2.6199591002044995,0.98,3.98,3.0,1.049453065443384,35.9069660605317,6.941,138.90547,131.96447,39.28358056457197,0.9745398773006135,0.5,1.95,1.45,0.49721210796966864,77.1042944785276,12.0,102.0,90.0,31.55803175200446,2.8629856850715747,2.0,6.0,4.0,1.375969664337661,11.085889570552146,1.0,17.0,16.0,6.268105495207686,1.0267921039877301,0.075545,3.401189824,3.325644824,0.5977388385520387,0.3692951601908657,0.0,1.172,1.172,0.4722404574658503,0.002044989775051298,-2.0,4.0,6.0,2.604462881644006
Li1.9Mg0.1TiO3.05,-2.970616222,821,train,873.0,4,1.074364763643234,0.5041322314049587,0.01652892561983471,0.5041322314049587,0.0,0.0,0.0,0.0,0.3140495867768595,0.0,0.0,0.0,0.0,0.0,0.0,0.0,0.0,0.0,0.0,0.0,0.01652892561983471,0.0,0.0,0.0,0.1652892561983471,0.0,0.0,0.0,0.0,0.0,0.0,0.0,0.0,0.0,0.0,0.0,0.0,0.0,0.0,0.0,0.0,0.0,0.0,0.0,0.0,0.0,0.0,0.0,0.0,0.0,0.0,0.0,0.0,0.0,0.0,0.0,0.5041322314049587,0.0,2.318181818181818,0.98,3.44,2.46,1.1461722138499313,18.55926776859504,6.941,47.867,40.925999999999995,13.719147534260733,1.0140495867768595,0.6,1.5,0.9,0.4178963027536869,64.32231404958678,12.0,101.0,89.0,39.60449404252228,2.347107438016529,2.0,4.0,2.0,0.7464598963687363,9.074380165289256,1.0,16.0,15.0,7.052536369555574,0.9362368766859503,-0.42,1.461112979,1.8811129789999999,0.5687960750770532,0.4376308539944904,0.0,0.9,0.9,0.44155912470369835,0.0,-2.0,4.0,6.0,2.2452889154960856
Li6.22P0.78Si0.22S5Br,-2.966576245,822,test,298.0,5,1.1529100764257423,0.4704992435703479,0.01664145234493192,0.4538577912254159,0.0,0.0,0.0,0.0,0.4704992435703479,0.0,0.0,0.0,0.0,0.0,0.0,0.0,0.0,0.0,0.0,0.0,0.0,0.0,0.0,0.0,0.0,0.0,0.0,0.0,0.0,0.0,0.0,0.0,0.0,0.0,0.0,0.0,0.01664145234493192,0.0,0.0,0.0,0.0,0.0,0.0,0.0,0.0,0.0,0.05900151285930408,0.0,0.0,0.0,0.0,0.37821482602117995,0.0,0.075642965204236,0.0,0.0,0.0,0.0,1.8216187594553706,0.98,2.96,1.98,0.8105109125581026,23.732251464447803,6.941,79.904,72.963,20.024976248158044,1.2247352496217851,1.0,1.45,0.44999999999999996,0.21595959261161332,55.33585476550681,12.0,98.0,86.0,40.89282402013822,2.6051437216338877,2.0,4.0,2.0,0.6246845029368404,8.925869894099849,1.0,17.0,16.0,7.484665880022212,1.3979898287291983,0.61804922,3.3635883,2.74553908,0.8820018513632967,0.6857639939485628,0.47,0.9,0.43000000000000005,0.2040999546848406,1.6656580937972767,0.0,2.5,2.5,0.7255273756813962
Li6.225P0.775Si0.225S5Br,-2.96657624451305,823,train,298.0,5,1.153232198911338,0.4706994328922495,0.017013232514177693,0.45368620037807184,0.0,0.0,0.0,0.0,0.4706994328922495,0.0,0.0,0.0,0.0,0.0,0.0,0.0,0.0,0.0,0.0,0.0,0.0,0.0,0.0,0.0,0.0,0.0,0.0,0.0,0.0,0.0,0.0,0.0,0.0,0.0,0.0,0.0,0.017013232514177693,0.0,0.0,0.0,0.0,0.0,0.0,0.0,0.0,0.0,0.05860113421550095,0.0,0.0,0.0,0.0,0.3780718336483932,0.0,0.07561436672967864,0.0,0.0,0.0,0.0,1.8211909262759927,0.98,2.96,1.98,0.8104925685179177,23.72481119470699,6.941,79.904,72.963,20.023534814150715,1.2248582230623817,1.0,1.45,0.44999999999999996,0.21593255951446552,55.317580340264655,12.0,98.0,86.0,40.89228430748736,2.604914933837429,2.0,4.0,2.0,0.6246771887281023,8.92249527410208,1.0,17.0,16.0,7.48455527647773,1.3979380221361057,0.61804922,3.3635883,2.74553908,0.8818745642336492,0.6858412098298677,0.47,0.9,0.43000000000000005,0.20410647477861021,1.6647763074984248,0.0,2.5,2.5,0.7262276739988112
La0.55Li0.361Ti0.995Al0.005O3,-2.958607315,824,train,308.0,5,1.0686242502851284,0.6108735491753208,0.001018122581958868,0.6108735491753208,0.0,0.0,0.0,0.0,0.07350845041743026,0.0,0.11199348401547549,0.0,0.0,0.0,0.0,0.0,0.0,0.0,0.0,0.0,0.0,0.0,0.0,0.0,0.2026063938098147,0.0,0.0,0.001018122581958868,0.0,0.0,0.0,0.0,0.0,0.0,0.0,0.0,0.0,0.0,0.0,0.0,0.0,0.0,0.0,0.0,0.0,0.0,0.0,0.0,0.0,0.0,0.0,0.0,0.0,0.0,0.0,0.0,0.6108735491753208,0.0,2.6102891468132765,0.98,3.44,2.46,1.0509394997303938,35.56597071736917,6.941,138.90547,131.96447,38.997719203281854,0.9764202810018328,0.6,1.95,1.35,0.4956046821050602,76.69049073508451,12.0,101.0,89.0,31.87681040703715,2.8542048462634906,2.0,6.0,4.0,1.3688219470364993,11.007126858073713,1.0,16.0,15.0,6.302539309121303,1.0161752322174709,0.075545,1.461112979,1.385567979,0.5794412584066069,0.37065431344600563,0.0,1.172,1.172,0.47266404388694927,0.0012217470983506562,-2.0,4.0,6.0,2.6030382084761428
Li1.3Al0.3Ge1.4Ti0.3(PO4)3,-2.958607315,825,train,500.0,6,1.0924492753696589,0.6557377049180328,0.01639344262295082,0.6557377049180328,0.0,0.0,0.0,0.0,0.07103825136612023,0.0,0.0,0.0,0.0,0.0,0.0,0.0,0.0,0.0,0.0,0.0,0.0,0.0,0.0,0.0,0.01639344262295082,0.0,0.0,0.01639344262295082,0.0,0.0,0.0,0.0,0.0,0.0,0.0,0.0,0.0,0.0,0.0,0.0,0.07650273224043716,0.0,0.0,0.0,0.0,0.0,0.1639344262295082,0.0,0.0,0.0,0.0,0.0,0.0,0.0,0.0,0.0,0.6557377049180328,0.0,2.889781420765028,0.98,3.44,2.46,0.8085931628716572,22.846335933333336,6.941,72.64,65.699,16.117257833136577,0.7994535519125684,0.6,1.45,0.85,0.29582657520357014,90.40983606557378,12.0,101.0,89.0,23.252975871022866,2.366120218579235,2.0,4.0,2.0,0.6464275317879833,14.371584699453551,1.0,16.0,15.0,4.038565617001413,1.2270441553114755,0.075545,1.461112979,1.385567979,0.3635818551673934,0.23803278688524593,0.0,0.9,0.9,0.33939656460977646,-0.801457194899818,-2.0,4.0,6.0,1.7178085230541555
La0.55Li0.36Ti0.995Al0.005O3,-2.958607315,826,test,298.0,5,1.0683099905783116,0.6109979633401221,0.0010183299389002036,0.6109979633401221,0.0,0.0,0.0,0.0,0.07331975560081466,0.0,0.1120162932790224,0.0,0.0,0.0,0.0,0.0,0.0,0.0,0.0,0.0,0.0,0.0,0.0,0.0,0.20264765784114053,0.0,0.0,0.0010183299389002036,0.0,0.0,0.0,0.0,0.0,0.0,0.0,0.0,0.0,0.0,0.0,0.0,0.0,0.0,0.0,0.0,0.0,0.0,0.0,0.0,0.0,0.0,0.0,0.0,0.0,0.0,0.0,0.0,0.6109979633401221,0.0,2.6106211812627285,0.98,3.44,2.46,1.0507889195463447,35.5718006503055,6.941,138.90547,131.96447,38.99955034543565,0.9763238289205702,0.6,1.95,1.35,0.4956090587617255,76.70366598778003,12.0,101.0,89.0,31.866683321437804,2.8543788187372705,2.0,6.0,4.0,1.3689070413512112,11.0091649694501,1.0,16.0,15.0,6.3015626610189654,1.01625631694501,0.075545,1.461112979,1.385567979,0.5794724020413918,0.37054650373387643,0.0,1.172,1.172,0.47265179512756766,0.0010183299389003864,-2.0,4.0,6.0,2.6032642405996724
Li1.05Al0.05Ti1.95(PO4)3,-2.95860731484177,827,train,298.0,5,0.9918477901150082,0.6648199445983379,0.002770083102493075,0.6648199445983379,0.0,0.0,0.0,0.0,0.05817174515235457,0.0,0.0,0.0,0.0,0.0,0.0,0.0,0.0,0.0,0.0,0.0,0.0,0.0,0.0,0.0,0.10803324099722991,0.0,0.0,0.002770083102493075,0.0,0.0,0.0,0.0,0.0,0.0,0.0,0.0,0.0,0.0,0.0,0.0,0.0,0.0,0.0,0.0,0.0,0.0,0.16620498614958448,0.0,0.0,0.0,0.0,0.0,0.0,0.0,0.0,0.0,0.6648199445983379,0.0,2.8788088642659284,0.98,3.44,2.46,0.8343072960834971,21.4344522398892,6.941,47.867,40.925999999999995,11.070160694943413,0.8041551246537396,0.6,1.45,0.85,0.3118560614821463,88.53462603878118,12.0,101.0,89.0,24.429661434906176,2.3850415512465375,2.0,4.0,2.0,0.6729420755567729,13.656509695290861,1.0,16.0,15.0,4.83162687804917,1.1407805683656511,0.075545,1.461112979,1.385567979,0.4836469694672938,0.2376454293628809,0.0,0.9,0.9,0.34719346450620603,-0.554016620498615,-2.0,4.0,6.0,2.150734811341765
(Li2S)0.8(P2S5)0.2,-2.950781977,828,train,298.0,3,0.955131195451464,0.4736842105263158,0.10526315789473685,0.4736842105263158,0.0,0.0,0.0,0.0,0.4210526315789474,0.0,0.0,0.0,0.0,0.0,0.0,0.0,0.0,0.0,0.0,0.0,0.0,0.0,0.0,0.0,0.0,0.0,0.0,0.0,0.0,0.0,0.0,0.0,0.0,0.0,0.0,0.0,0.0,0.0,0.0,0.0,0.0,0.0,0.0,0.0,0.0,0.0,0.10526315789473685,0.0,0.0,0.0,0.0,0.4736842105263158,0.0,0.0,0.0,0.0,0.0,0.0,1.865263157894737,0.98,2.58,1.6,0.7635813707099532,21.371606526315787,6.941,32.065,25.124,12.31062868347955,1.1894736842105265,1.0,1.45,0.44999999999999996,0.22217758862321507,59.05263157894737,12.0,94.0,82.0,40.14378589154704,2.5789473684210527,2.0,3.0,1.0,0.49372797471825575,9.578947368421053,1.0,16.0,15.0,7.322034441714337,1.3227131747368421,0.61804922,2.07710426,1.45905504,0.7166499286841256,0.6594736842105263,0.47,0.9,0.43000000000000005,0.20646074392281805,1.7807017543859651,1.0,2.5,1.5,0.7092798249731069
Li6BaLa2Ta2O12,-2.946921557,829,train,373.0,5,1.2510583317959272,0.5217391304347826,0.043478260869565216,0.5217391304347826,0.0,0.043478260869565216,0.0,0.0,0.2608695652173913,0.0,0.08695652173913043,0.0,0.0,0.0,0.0,0.0,0.0,0.0,0.0,0.0,0.0,0.0,0.0,0.08695652173913043,0.0,0.0,0.0,0.0,0.0,0.0,0.0,0.0,0.0,0.0,0.0,0.0,0.0,0.0,0.0,0.0,0.0,0.0,0.0,0.0,0.0,0.0,0.0,0.0,0.0,0.0,0.0,0.0,0.0,0.0,0.0,0.0,0.5217391304347826,0.0,2.315217391304348,0.89,3.44,2.55,1.1830758348482528,43.94228260869565,6.941,180.94788,174.00688,59.66646882401103,1.0804347826086955,0.6,2.15,1.5499999999999998,0.5323735061913937,63.826086956521735,12.0,101.0,89.0,40.3039022535288,2.869565217391304,2.0,6.0,4.0,1.6498839966095893,9.391304347826086,1.0,16.0,15.0,6.982830685734351,1.0069168664347825,0.144626,1.461112979,1.316486979,0.4867717717776901,0.47278260869565214,0.0,1.49,1.49,0.5120729360857256,5.551115123125783e-17,-2.0,5.0,7.0,2.3405684928164816
Li1.3Al0.3Ti1.7(PO4)3,-2.94692155651658,830,train,298.0,5,1.049159726908797,0.6557377049180328,0.01639344262295082,0.6557377049180328,0.0,0.0,0.0,0.0,0.07103825136612023,0.0,0.0,0.0,0.0,0.0,0.0,0.0,0.0,0.0,0.0,0.0,0.0,0.0,0.0,0.0,0.09289617486338798,0.0,0.0,0.01639344262295082,0.0,0.0,0.0,0.0,0.0,0.0,0.0,0.0,0.0,0.0,0.0,0.0,0.0,0.0,0.0,0.0,0.0,0.0,0.1639344262295082,0.0,0.0,0.0,0.0,0.0,0.0,0.0,0.0,0.0,0.6557377049180328,0.0,2.8538251366120218,0.98,3.44,2.46,0.8559771280470847,20.951133747540982,6.941,47.867,40.925999999999995,10.695135834943414,0.8109289617486337,0.6,1.45,0.85,0.3153464750479249,87.88524590163932,12.0,101.0,89.0,25.49516081415319,2.3661202185792347,2.0,4.0,2.0,0.6464275317879833,13.606557377049176,1.0,16.0,15.0,4.893216075157859,1.1385204406557374,0.075545,1.461112979,1.385567979,0.47517545352126767,0.24428051001821494,0.0,0.9,0.9,0.34972616784251925,-0.546448087431694,-2.0,4.0,6.0,2.1176960939649336
Li5La3Sb2O12,-2.935542011,831,train,480.0,4,1.1570333357787375,0.5454545454545454,0.09090909090909091,0.5454545454545454,0.0,0.0,0.0,0.0,0.22727272727272727,0.0,0.13636363636363635,0.0,0.0,0.0,0.0,0.0,0.0,0.0,0.0,0.0,0.0,0.0,0.0,0.0,0.0,0.0,0.0,0.0,0.0,0.0,0.0,0.0,0.0,0.0,0.0,0.0,0.0,0.0,0.0,0.0,0.0,0.0,0.0,0.09090909090909091,0.0,0.0,0.0,0.0,0.0,0.0,0.0,0.0,0.0,0.0,0.0,0.0,0.5454545454545454,0.0,2.4354545454545455,0.98,3.44,2.46,1.1351520814119507,40.315191363636366,6.941,138.90547,131.96447,50.04130956882118,1.0545454545454545,0.6,1.95,1.35,0.5213420380720866,70.31818181818181,12.0,101.0,89.0,38.79126701584024,2.818181818181818,2.0,6.0,4.0,1.526623238522424,10.727272727272727,1.0,16.0,15.0,6.816969589206431,1.1086837649090908,0.5575462,1.461112979,0.9035667789999999,0.40524159174521646,0.4398181818181818,0.0,1.172,1.172,0.49049470726118916,-0.303030303030303,-2.0,3.0,5.0,1.9486050200936698
Li1.4Al0.4(Ge0.67Ti0.33)1.6(PO4)3,-2.931814138,832,train,333.0,6,1.1212321052870045,0.6521739130434783,0.02173913043478261,0.6521739130434783,0.0,0.0,0.0,0.0,0.07608695652173914,0.0,0.0,0.0,0.0,0.0,0.0,0.0,0.0,0.0,0.0,0.0,0.0,0.0,0.0,0.0,0.028695652173913046,0.0,0.0,0.02173913043478261,0.0,0.0,0.0,0.0,0.0,0.0,0.0,0.0,0.0,0.0,0.0,0.0,0.0582608695652174,0.0,0.0,0.0,0.0,0.0,0.16304347826086957,0.0,0.0,0.0,0.0,0.0,0.0,0.0,0.0,0.0,0.6521739130434783,0.0,2.871404347826087,0.98,3.44,2.46,0.8291160206106685,22.204780295652174,6.941,72.64,65.699,14.932169025624496,0.8048478260869566,0.6,1.45,0.85,0.3020966205495321,89.55304347826088,12.0,101.0,89.0,24.280521166740726,2.358695652173913,2.0,4.0,2.0,0.6355675611323356,14.169565217391304,1.0,16.0,15.0,4.300347284520846,1.2050490685182609,0.075545,1.461112979,1.385567979,0.39097691540199914,0.24212608695652177,0.0,0.9,0.9,0.3429107735181749,-0.7376811594202898,-2.0,4.0,6.0,1.809470639429953
Li0.1Na0.1La0.6TiO3,-2.931814138,833,train,408.0,5,1.041777486008444,0.625,0.020833333333333336,0.625,0.0,0.0,0.020833333333333336,0.0,0.020833333333333336,0.0,0.125,0.0,0.0,0.0,0.0,0.0,0.0,0.0,0.0,0.0,0.0,0.0,0.0,0.0,0.20833333333333334,0.0,0.0,0.0,0.0,0.0,0.0,0.0,0.0,0.0,0.0,0.0,0.0,0.0,0.0,0.0,0.0,0.0,0.0,0.0,0.0,0.0,0.0,0.0,0.0,0.0,0.0,0.0,0.0,0.0,0.0,0.0,0.625,0.0,2.648125,0.93,3.44,2.51,1.03285739627582,37.95865811,6.941,138.90547,131.96447,40.253296610418374,0.9781249999999999,0.6,1.95,1.35,0.5130491214705144,78.35416666666667,11.0,101.0,90.0,30.327716684669085,2.9375,2.0,6.0,4.0,1.4054395812935776,11.25,1.0,16.0,15.0,6.15934249737746,1.0229185841666666,0.075545,1.461112979,1.385567979,0.5849601582746207,0.3668472222222222,0.0,1.172,1.172,0.48284691020652465,0.0,-2.0,4.0,6.0,2.6457513110645907
(Li2S)0.8(P2S5)0.2,-2.928117993,834,train,341.0,3,0.955131195451464,0.4736842105263158,0.10526315789473685,0.4736842105263158,0.0,0.0,0.0,0.0,0.4210526315789474,0.0,0.0,0.0,0.0,0.0,0.0,0.0,0.0,0.0,0.0,0.0,0.0,0.0,0.0,0.0,0.0,0.0,0.0,0.0,0.0,0.0,0.0,0.0,0.0,0.0,0.0,0.0,0.0,0.0,0.0,0.0,0.0,0.0,0.0,0.0,0.0,0.0,0.10526315789473685,0.0,0.0,0.0,0.0,0.4736842105263158,0.0,0.0,0.0,0.0,0.0,0.0,1.865263157894737,0.98,2.58,1.6,0.7635813707099532,21.371606526315787,6.941,32.065,25.124,12.31062868347955,1.1894736842105265,1.0,1.45,0.44999999999999996,0.22217758862321507,59.05263157894737,12.0,94.0,82.0,40.14378589154704,2.5789473684210527,2.0,3.0,1.0,0.49372797471825575,9.578947368421053,1.0,16.0,15.0,7.322034441714337,1.3227131747368421,0.61804922,2.07710426,1.45905504,0.7166499286841256,0.6594736842105263,0.47,0.9,0.43000000000000005,0.20646074392281805,1.7807017543859651,1.0,2.5,1.5,0.7092798249731069
Li9.6P3S12,-2.92081875395238,835,train,298.0,3,0.9739804913607268,0.4878048780487805,0.12195121951219512,0.4878048780487805,0.0,0.0,0.0,0.0,0.39024390243902435,0.0,0.0,0.0,0.0,0.0,0.0,0.0,0.0,0.0,0.0,0.0,0.0,0.0,0.0,0.0,0.0,0.0,0.0,0.0,0.0,0.0,0.0,0.0,0.0,0.0,0.0,0.0,0.0,0.0,0.0,0.0,0.0,0.0,0.0,0.0,0.0,0.0,0.12195121951219512,0.0,0.0,0.0,0.0,0.4878048780487805,0.0,0.0,0.0,0.0,0.0,0.0,1.9080487804878048,0.98,2.58,1.6,0.7523660873057617,22.127434390243902,6.941,32.065,25.124,12.153927798007873,1.175609756097561,1.0,1.45,0.44999999999999996,0.2195121951219512,61.512195121951216,12.0,94.0,82.0,39.62945563237054,2.6097560975609753,2.0,3.0,1.0,0.4878048780487805,10.024390243902438,1.0,16.0,15.0,7.226265793002934,1.345461421219512,0.61804922,2.07710426,1.45905504,0.7150848745764453,0.647560975609756,0.47,0.9,0.43000000000000005,0.20349124135049465,1.8130081300813008,1.0,2.5,1.5,0.7005564203095157
Li1.7Al0.3Ti1.6(PO4)3,-2.91364016932525,836,train,298.0,5,1.0732906852481114,0.6451612903225806,0.016129032258064516,0.6451612903225806,0.0,0.0,0.0,0.0,0.09139784946236558,0.0,0.0,0.0,0.0,0.0,0.0,0.0,0.0,0.0,0.0,0.0,0.0,0.0,0.0,0.0,0.08602150537634408,0.0,0.0,0.016129032258064516,0.0,0.0,0.0,0.0,0.0,0.0,0.0,0.0,0.0,0.0,0.0,0.0,0.0,0.0,0.0,0.0,0.0,0.0,0.16129032258064516,0.0,0.0,0.0,0.0,0.0,0.0,0.0,0.0,0.0,0.6451612903225806,0.0,2.820591397849462,0.98,3.44,2.46,0.8865689420221424,20.50513159032258,6.941,47.867,40.925999999999995,10.614531044060532,0.8215053763440859,0.6,1.45,0.85,0.3234888648315729,86.45161290322581,12.0,101.0,89.0,27.45887095589942,2.349462365591398,2.0,4.0,2.0,0.6319663213964414,13.387096774193548,1.0,16.0,15.0,5.1410895001642665,1.1330424329032258,0.075545,1.461112979,1.385567979,0.47103150371204655,0.2551164874551971,0.0,0.9,0.9,0.35704544945687955,-0.5376344086021505,-2.0,4.0,6.0,2.0862709084917315
Li2InTi(PO4)3,-2.913640169,837,train,473.0,5,1.1285962936622183,0.631578947368421,0.05263157894736842,0.631578947368421,0.0,0.0,0.0,0.0,0.10526315789473684,0.0,0.0,0.0,0.0,0.0,0.0,0.0,0.0,0.0,0.0,0.0,0.0,0.0,0.0,0.0,0.05263157894736842,0.0,0.0,0.0,0.0,0.0,0.0,0.0,0.05263157894736842,0.0,0.0,0.0,0.0,0.0,0.0,0.0,0.0,0.0,0.0,0.0,0.0,0.0,0.15789473684210525,0.0,0.0,0.0,0.0,0.0,0.0,0.0,0.0,0.0,0.631578947368421,0.0,2.796315789473684,0.98,3.44,2.46,0.89689646487098,24.288478210526314,6.941,114.818,107.877,23.2967084581954,0.844736842105263,0.6,1.55,0.9500000000000001,0.3501483658627347,86.10526315789473,12.0,101.0,89.0,28.0730152072321,2.421052631578947,2.0,5.0,3.0,0.815364914991035,13.473684210526315,1.0,16.0,15.0,5.050986574320032,1.1299343430526312,0.075545,1.461112979,1.385567979,0.45591344185586635,0.2758771929824561,0.0,0.94,0.94,0.37629634350443897,-0.5263157894736843,-2.0,4.0,6.0,2.0270561418054984
Li1.3Al0.15Sc0.15Ti1.7(PO4)3,-2.90657831483776,838,test,298.0,6,1.0605227954425667,0.6557377049180328,0.00819672131147541,0.6557377049180328,0.0,0.0,0.0,0.0,0.07103825136612023,0.0,0.0,0.0,0.0,0.0,0.0,0.0,0.0,0.0,0.0,0.0,0.0,0.0,0.00819672131147541,0.0,0.09289617486338798,0.0,0.0,0.00819672131147541,0.0,0.0,0.0,0.0,0.0,0.0,0.0,0.0,0.0,0.0,0.0,0.0,0.0,0.0,0.0,0.0,0.0,0.0,0.1639344262295082,0.0,0.0,0.0,0.0,0.0,0.0,0.0,0.0,0.0,0.6557377049180328,0.0,2.8517759562841536,0.98,3.44,2.46,0.8592453570920211,21.098464677049186,6.941,47.867,40.925999999999995,10.89905204914159,0.8137978142076504,0.6,1.6,1.0,0.32087151233307754,87.38524590163937,12.0,101.0,89.0,26.232393540071246,2.3743169398907105,2.0,4.0,2.0,0.6605978812797476,13.524590163934427,1.0,16.0,15.0,4.9855744604696115,1.1364429425409837,0.075545,1.461112979,1.385567979,0.4787964784568904,0.24600182149362482,0.0,0.9,0.9,0.35234884670171873,-0.5464480874316939,-2.0,4.0,6.0,2.117696093964934
La0.54Li0.39TiO3,-2.90308998699194,839,test,298.0,4,1.0687935478577075,0.6085192697768763,0.07910750507099393,0.6085192697768763,0.0,0.0,0.0,0.0,0.07910750507099393,0.0,0.10953346855983774,0.0,0.0,0.0,0.0,0.0,0.0,0.0,0.0,0.0,0.0,0.0,0.0,0.0,0.20283975659229211,0.0,0.0,0.0,0.0,0.0,0.0,0.0,0.0,0.0,0.0,0.0,0.0,0.0,0.0,0.0,0.0,0.0,0.0,0.0,0.0,0.0,0.0,0.0,0.0,0.0,0.0,0.0,0.0,0.0,0.0,0.0,0.6085192697768763,0.0,2.6036916835699797,0.98,3.44,2.46,1.0541955982179179,35.20915695740366,6.941,138.90547,131.96447,38.704920916566856,0.9773833671399594,0.6,1.95,1.35,0.49414487479814145,76.36916835699799,12.0,101.0,89.0,32.148325467166295,2.8438133874239355,2.0,6.0,4.0,1.360835585414607,10.955375253549695,1.0,16.0,15.0,6.330168318803022,1.014401233427992,0.075545,1.461112979,1.385567979,0.5792348449840525,0.3723218390804598,0.0,1.172,1.172,0.47226470051754127,0.0020283975659229903,-2.0,4.0,6.0,2.5970016927790067
Li0.022La0.117Ti0.208Al0.001O0.626,-2.89997427,840,train,303.0,5,0.9610637294826211,0.6427104722792608,0.001026694045174538,0.6427104722792608,0.0,0.0,0.0,0.0,0.022587268993839834,0.0,0.12012320328542095,0.0,0.0,0.0,0.0,0.0,0.0,0.0,0.0,0.0,0.0,0.0,0.0,0.0,0.2135523613963039,0.0,0.0,0.001026694045174538,0.0,0.0,0.0,0.0,0.0,0.0,0.0,0.0,0.0,0.0,0.0,0.0,0.0,0.0,0.0,0.0,0.0,0.0,0.0,0.0,0.0,0.0,0.0,0.0,0.0,0.0,0.0,0.0,0.6427104722792608,0.0,2.695718685831622,0.98,3.44,2.46,1.0073943491310176,37.375342842505134,6.941,138.90547,131.96447,39.705005102957315,0.9528747433264888,0.6,1.95,1.35,0.4978258178175519,80.12217659137576,12.0,101.0,89.0,28.858510269502403,2.9086242299794662,2.0,6.0,4.0,1.3970001434829373,11.533880903490761,1.0,16.0,15.0,6.016437266532405,1.0365840945523614,0.075545,1.461112979,1.385567979,0.5873371459633333,0.34368138261464753,0.0,1.172,1.172,0.4696201997346563,-0.045174537987679675,-2.0,4.0,6.0,2.6643151610769893
Li6.05Ga0.25La3Zr2O11.8F0.2,-2.89279003035213,841,test,298.0,6,1.2588569197312613,0.5064377682403434,0.008583690987124463,0.5150214592274678,0.0,0.0,0.0,0.0,0.259656652360515,0.0,0.12875536480686695,0.0,0.0,0.0,0.0,0.0,0.0,0.0,0.0,0.0,0.0,0.08583690987124463,0.0,0.0,0.0,0.0,0.0,0.0,0.0,0.0,0.0,0.0,0.0,0.01072961373390558,0.0,0.0,0.0,0.0,0.0,0.0,0.0,0.0,0.0,0.0,0.0,0.0,0.0,0.0,0.0,0.0,0.0,0.0,0.0,0.0,0.0,0.0,0.5064377682403434,0.008583690987124463,2.3059871244635195,0.98,3.98,3.0,1.1847070914526017,36.53136526351931,6.941,138.90547,131.96447,45.403572911701225,1.0827253218884119,0.5,1.95,1.45,0.5215802968834227,64.4656652360515,12.0,102.0,90.0,39.41764791367861,2.793991416309013,2.0,6.0,4.0,1.4983704853988227,9.377682403433477,1.0,17.0,16.0,6.98519708524629,1.0418487998068668,0.30116615,3.401189824,3.100023674,0.5013131912096398,0.46845493562231755,0.0,1.172,1.172,0.4876740969061574,-5.551115123125783e-17,-2.0,4.0,6.0,2.2187263871680707
Li1.4Al0.4Ge0.2Ti1.4(PO4)3,-2.88941029,842,train,298.0,6,1.098848759682155,0.6521739130434783,0.010869565217391306,0.6521739130434783,0.0,0.0,0.0,0.0,0.07608695652173914,0.0,0.0,0.0,0.0,0.0,0.0,0.0,0.0,0.0,0.0,0.0,0.0,0.0,0.0,0.0,0.07608695652173914,0.0,0.0,0.02173913043478261,0.0,0.0,0.0,0.0,0.0,0.0,0.0,0.0,0.0,0.0,0.0,0.0,0.010869565217391306,0.0,0.0,0.0,0.0,0.0,0.16304347826086957,0.0,0.0,0.0,0.0,0.0,0.0,0.0,0.0,0.0,0.6521739130434783,0.0,2.8491304347826087,0.98,3.44,2.46,0.857776007264683,21.030755513043477,6.941,72.64,65.699,11.500045993854453,0.8119565217391305,0.6,1.45,0.85,0.31401758165411964,87.98913043478262,12.0,101.0,89.0,25.61397994863496,2.358695652173913,2.0,4.0,2.0,0.6355675611323356,13.695652173913043,1.0,16.0,15.0,4.813340001077582,1.1502111015543477,0.075545,1.461112979,1.385567979,0.45856343633956065,0.24599637681159423,0.0,0.9,0.9,0.34924911341847026,-0.5797101449275361,-2.0,4.0,6.0,2.0541401372407995
Li6.55La3Zr2Ga0.9O12,-2.886056648,843,train,297.85,5,1.2859274496355197,0.49079754601226994,0.03680981595092025,0.49079754601226994,0.0,0.0,0.0,0.0,0.2678936605316974,0.0,0.12269938650306748,0.0,0.0,0.0,0.0,0.0,0.0,0.0,0.0,0.0,0.0,0.081799591002045,0.0,0.0,0.0,0.0,0.0,0.0,0.0,0.0,0.0,0.0,0.0,0.03680981595092025,0.0,0.0,0.0,0.0,0.0,0.0,0.0,0.0,0.0,0.0,0.0,0.0,0.0,0.0,0.0,0.0,0.0,0.0,0.0,0.0,0.0,0.0,0.49079754601226994,0.0,2.261267893660532,0.98,3.44,2.46,1.168592579727657,36.784108793456035,6.941,138.90547,131.96447,44.86186326808083,1.0968302658486708,0.6,1.95,1.35,0.5120482684943163,63.8241308793456,12.0,101.0,89.0,39.28374248764534,2.8098159509202456,2.0,6.0,4.0,1.4801432000000216,9.29447852760736,1.0,16.0,15.0,6.939645608371103,0.9976214426993866,0.30116615,1.461112979,1.159946829,0.46010892373614964,0.48323108384458086,0.0,1.172,1.172,0.4835078344203536,0.09202453987730069,-2.0,4.0,6.0,2.22867485442802
Li6PS5Cl,-2.88605664769316,844,train,298.0,4,1.1189688668816267,0.46153846153846156,0.07692307692307693,0.46153846153846156,0.0,0.0,0.0,0.0,0.46153846153846156,0.0,0.0,0.0,0.0,0.0,0.0,0.0,0.0,0.0,0.0,0.0,0.0,0.0,0.0,0.0,0.0,0.0,0.0,0.0,0.0,0.0,0.0,0.0,0.0,0.0,0.0,0.0,0.0,0.0,0.0,0.0,0.0,0.0,0.0,0.0,0.0,0.0,0.07692307692307693,0.0,0.0,0.0,0.0,0.38461538461538464,0.0,0.0,0.0,0.07692307692307693,0.0,0.0,1.856153846153846,0.98,3.16,2.18,0.8337638335749008,20.645981692307693,6.941,35.453,28.512000000000004,12.72441587574028,1.2076923076923076,1.0,1.45,0.44999999999999996,0.22433333186796436,56.230769230769226,12.0,99.0,87.0,40.988091790653705,2.5384615384615388,2.0,3.0,1.0,0.49851851526214314,9.076923076923077,1.0,17.0,16.0,7.488057553007974,1.4194731546153847,0.61804922,3.61272528,2.9946760599999998,0.9314660157198721,0.6642307692307693,0.33499999999999996,0.9,0.5650000000000001,0.22250191143384812,1.782051282051282,1.0,3.0,2.0,0.7717906124765339
Li6PS5Cl,-2.879426069,845,train,323.47,4,1.1189688668816267,0.46153846153846156,0.07692307692307693,0.46153846153846156,0.0,0.0,0.0,0.0,0.46153846153846156,0.0,0.0,0.0,0.0,0.0,0.0,0.0,0.0,0.0,0.0,0.0,0.0,0.0,0.0,0.0,0.0,0.0,0.0,0.0,0.0,0.0,0.0,0.0,0.0,0.0,0.0,0.0,0.0,0.0,0.0,0.0,0.0,0.0,0.0,0.0,0.0,0.0,0.07692307692307693,0.0,0.0,0.0,0.0,0.38461538461538464,0.0,0.0,0.0,0.07692307692307693,0.0,0.0,1.856153846153846,0.98,3.16,2.18,0.8337638335749008,20.645981692307693,6.941,35.453,28.512000000000004,12.72441587574028,1.2076923076923076,1.0,1.45,0.44999999999999996,0.22433333186796436,56.230769230769226,12.0,99.0,87.0,40.988091790653705,2.5384615384615388,2.0,3.0,1.0,0.49851851526214314,9.076923076923077,1.0,17.0,16.0,7.488057553007974,1.4194731546153847,0.61804922,3.61272528,2.9946760599999998,0.9314660157198721,0.6642307692307693,0.33499999999999996,0.9,0.5650000000000001,0.22250191143384812,1.782051282051282,1.0,3.0,2.0,0.7717906124765339
Fe0.19La2.95Li5.57Zr2O12,-2.86012091359876,846,train,298.0,5,1.2008832543007044,0.5284015852047556,0.00836635843240863,0.5284015852047556,0.0,0.0,0.0,0.0,0.24526640246587406,0.0,0.12989872302950242,0.0,0.0,0.0,0.0,0.0,0.0,0.0,0.0,0.0,0.0,0.08806693086745926,0.0,0.0,0.0,0.0,0.0,0.0,0.0,0.0,0.0,0.0,0.0,0.0,0.00836635843240863,0.0,0.0,0.0,0.0,0.0,0.0,0.0,0.0,0.0,0.0,0.0,0.0,0.0,0.0,0.0,0.0,0.0,0.0,0.0,0.0,0.0,0.5284015852047556,0.0,2.333390576838397,0.98,3.44,2.46,1.1767380397354517,36.701182584764425,6.941,138.90547,131.96447,45.44699943656531,1.0741963892558344,0.6,1.95,1.35,0.5233718156571051,65.42404227212681,12.0,101.0,89.0,39.10597467808022,2.8005284015852046,2.0,6.0,4.0,1.504527054680056,9.508586525759576,1.0,16.0,15.0,6.943807373325224,1.0355061250506383,0.15323635,1.461112979,1.307876629,0.45451506756815857,0.4558509467195069,0.0,1.172,1.172,0.4904152457827034,-0.048656979304271264,-2.0,4.0,6.0,2.2331489836097598
Li5Nd3Sb2O12,-2.8569852,847,train,480.0,4,1.1570333357787375,0.5454545454545454,0.09090909090909091,0.5454545454545454,0.0,0.0,0.0,0.0,0.22727272727272727,0.0,0.0,0.0,0.0,0.13636363636363635,0.0,0.0,0.0,0.0,0.0,0.0,0.0,0.0,0.0,0.0,0.0,0.0,0.0,0.0,0.0,0.0,0.0,0.0,0.0,0.0,0.0,0.0,0.0,0.0,0.0,0.0,0.0,0.0,0.0,0.09090909090909091,0.0,0.0,0.0,0.0,0.0,0.0,0.0,0.0,0.0,0.0,0.0,0.0,0.5454545454545454,0.0,2.440909090909091,0.98,3.44,2.46,1.1288002846582863,41.0429,6.941,144.242,137.301,51.48763479635404,1.0409090909090908,0.6,1.85,1.25,0.49855162120713686,69.9090909090909,12.0,101.0,89.0,39.19636937142044,2.818181818181818,2.0,6.0,4.0,1.526623238522424,10.727272727272727,1.0,16.0,15.0,6.816969589206431,1.0459492785454545,0.0974933,1.461112979,1.363619679,0.5082292577007378,0.45406818181818176,0.0,1.2765,1.2765,0.5125800446461231,-0.303030303030303,-2.0,3.0,5.0,1.9486050200936698
Li2.5Y0.5Zr0.5Cl6,-2.85387196432176,848,train,298.0,4,0.9514879602387298,0.631578947368421,0.05263157894736842,0.631578947368421,0.0,0.0,0.0,0.0,0.2631578947368421,0.0,0.0,0.0,0.0,0.0,0.0,0.0,0.05263157894736842,0.0,0.0,0.0,0.0,0.05263157894736842,0.0,0.0,0.0,0.0,0.0,0.0,0.0,0.0,0.0,0.0,0.0,0.0,0.0,0.0,0.0,0.0,0.0,0.0,0.0,0.0,0.0,0.0,0.0,0.0,0.0,0.0,0.0,0.0,0.0,0.0,0.0,0.0,0.0,0.631578947368421,0.0,0.0,2.3878947368421053,0.98,3.16,2.18,1.014311168633376,33.698465789473694,6.941,91.224,84.283,22.91149208137154,1.1894736842105265,1.0,1.8,0.8,0.25883288012498534,69.57894736842105,12.0,99.0,87.0,39.31962920727038,2.947368421052632,2.0,5.0,3.0,0.8254940600714801,11.36842105263158,1.0,17.0,16.0,7.407041644811905,2.483554245263158,0.3112922,3.61272528,3.30143308,1.480099244074699,0.548421052631579,0.33499999999999996,1.04,0.7050000000000001,0.2812895709312407,2.5263157894736845,1.0,4.0,3.0,0.9385555000066848
Li6.25Ba1.25La1.75Ta2O12,-2.853871964,849,test,400.0,5,1.257399094397555,0.5161290322580645,0.053763440860215055,0.5161290322580645,0.0,0.053763440860215055,0.0,0.0,0.26881720430107525,0.0,0.07526881720430108,0.0,0.0,0.0,0.0,0.0,0.0,0.0,0.0,0.0,0.0,0.0,0.0,0.08602150537634409,0.0,0.0,0.0,0.0,0.0,0.0,0.0,0.0,0.0,0.0,0.0,0.0,0.0,0.0,0.0,0.0,0.0,0.0,0.0,0.0,0.0,0.0,0.0,0.0,0.0,0.0,0.0,0.0,0.0,0.0,0.0,0.0,0.5161290322580645,0.0,2.298602150537634,0.89,3.44,2.55,1.1872128663819737,43.52744655913978,6.941,180.94788,174.00688,59.4403866272137,1.0865591397849461,0.6,2.15,1.5499999999999998,0.534766544629686,63.064516129032256,12.0,101.0,89.0,40.641312328425386,2.8602150537634405,2.0,6.0,4.0,1.643438552648843,9.29032258064516,1.0,16.0,15.0,7.009334245319479,0.9982954917419353,0.144626,1.461112979,1.316486979,0.4917055985283417,0.4807956989247312,0.0,1.49,1.49,0.516881562506267,1.1102230246251565e-16,-2.0,5.0,7.0,2.3186944788008415
Li3Fe(MoO4)3,-2.853871964,850,train,873.0,4,1.0280940565630372,0.631578947368421,0.05263157894736842,0.631578947368421,0.0,0.0,0.0,0.0,0.15789473684210525,0.0,0.0,0.0,0.0,0.0,0.0,0.0,0.0,0.0,0.0,0.0,0.0,0.0,0.0,0.0,0.0,0.0,0.0,0.0,0.0,0.0,0.0,0.0,0.0,0.0,0.05263157894736842,0.0,0.0,0.0,0.0,0.0,0.0,0.0,0.0,0.0,0.0,0.15789473684210525,0.0,0.0,0.0,0.0,0.0,0.0,0.0,0.0,0.0,0.0,0.631578947368421,0.0,2.764736842105263,0.98,3.44,2.46,0.9458628387325991,29.288463157894736,6.941,95.94,88.999,30.478594268803256,0.9105263157894736,0.6,1.45,0.85,0.406713059128145,77.73684210526315,12.0,101.0,89.0,33.36850406763706,2.5789473684210527,2.0,5.0,3.0,1.138595139620207,11.631578947368421,1.0,16.0,15.0,5.966666408744585,1.1464449346315788,0.15323635,1.461112979,1.307876629,0.42860604252208967,0.30934210526315786,0.0,0.9,0.9,0.4065563356001484,-0.18421052631578938,-2.0,5.0,7.0,2.6318420921065786
Li4.275Ga0.25Ge0.61S4,-2.850165303,851,test,400.0,4,0.9961596993423545,0.46798029556650245,0.027367268746579087,0.4378762999452654,0.0,0.0,0.0,0.0,0.46798029556650245,0.0,0.0,0.0,0.0,0.0,0.0,0.0,0.0,0.0,0.0,0.0,0.0,0.0,0.0,0.0,0.0,0.0,0.0,0.0,0.0,0.0,0.0,0.0,0.0,0.027367268746579087,0.0,0.0,0.0,0.0,0.0,0.0,0.06677613574165298,0.0,0.0,0.0,0.0,0.0,0.0,0.0,0.0,0.0,0.0,0.4378762999452654,0.0,0.0,0.0,0.0,0.0,0.0,1.7720963327859878,0.98,2.58,1.6,0.7637033725830383,24.047501368363434,6.941,72.64,65.699,19.490045618596383,1.235495347564313,1.0,1.45,0.44999999999999996,0.21434671399120056,54.60207991242473,12.0,94.0,82.0,40.072510305127295,2.6261631089217294,2.0,4.0,2.0,0.6498997452866618,8.764641488779418,1.0,16.0,15.0,7.311536341854342,1.2893050470640393,0.30116615,2.07710426,1.77593811,0.713833857237215,0.6992008757525998,0.47,0.9,0.43000000000000005,0.20568897569588812,1.689290275497172,0.6666666666666666,3.0,2.3333333333333335,0.7918265192617369
(Li2S)50(P2S5)17(LiBH4)33,-2.844663963,852,test,298.0,5,1.4515982292118834,0.2890792291220557,0.07066381156316917,0.2890792291220557,0.0,0.0,0.0,0.0,0.284796573875803,0.0,0.0,0.0,0.0,0.0,0.0,0.0,0.0,0.0,0.0,0.0,0.0,0.0,0.0,0.0,0.0,0.0,0.0,0.0,0.0,0.0,0.0,0.0,0.0,0.0,0.0,0.0,0.0,0.0,0.0,0.0,0.0,0.0,0.07066381156316917,0.0,0.0,0.0,0.0728051391862955,0.2826552462526767,0.0,0.0,0.0,0.2890792291220557,0.0,0.0,0.0,0.0,0.0,0.0,1.9503640256959316,0.98,2.58,1.6,0.6365001301375863,14.549993550321199,1.00794,32.065,31.057059999999996,13.327900448028576,0.9055674518201284,0.25,1.45,1.2,0.4575339460973451,72.33404710920772,12.0,103.0,91.0,38.394545044685174,2.0792291220556747,1.0,3.0,2.0,0.7989132373288822,7.203426124197002,1.0,16.0,15.0,7.1418293888683015,1.0637665169807282,0.27972325,2.07710426,1.79738101,0.6567122621719248,0.46119914346895075,0.0,0.9,0.9,0.3402062873369507,1.3408279800142755,0.0,3.0,3.0,1.063923345785645
(Li2S)9(LaOI),-2.838631998,853,train,483.0,5,1.0078069537235907,0.6000000000000001,0.03333333333333334,0.3666666666666667,0.0,0.0,0.0,0.0,0.6000000000000001,0.0,0.03333333333333334,0.0,0.0,0.0,0.0,0.0,0.0,0.0,0.0,0.0,0.0,0.0,0.0,0.0,0.0,0.0,0.0,0.0,0.0,0.0,0.0,0.0,0.0,0.0,0.0,0.0,0.0,0.0,0.0,0.0,0.0,0.0,0.0,0.0,0.0,0.0,0.0,0.0,0.0,0.0,0.0,0.30000000000000004,0.03333333333333334,0.0,0.0,0.0,0.03333333333333334,0.0,1.6020000000000003,0.98,3.44,2.46,0.8230407037322031,23.17774466666667,6.941,138.90547,131.96447,31.44301308201127,1.3016666666666667,0.6,1.95,1.35,0.26692175299555904,43.10000000000001,12.0,101.0,89.0,39.61763075534259,2.5333333333333337,2.0,6.0,4.0,0.9213516640723503,6.600000000000001,1.0,17.0,16.0,7.232334800509907,1.1632176672,0.5575462,3.059046537,2.501500337,0.7509150069934761,0.7494000000000002,0.0,1.172,1.172,0.24953778604986196,1.4833333333333336,-2.0,3.0,5.0,1.0040196987886023
Li6SrLa2Ta2O12,-2.823908741,854,train,422.0,5,1.2510583317959272,0.5217391304347826,0.043478260869565216,0.5217391304347826,0.0,0.0,0.0,0.043478260869565216,0.2608695652173913,0.0,0.08695652173913043,0.0,0.0,0.0,0.0,0.0,0.0,0.0,0.0,0.0,0.0,0.0,0.0,0.08695652173913043,0.0,0.0,0.0,0.0,0.0,0.0,0.0,0.0,0.0,0.0,0.0,0.0,0.0,0.0,0.0,0.0,0.0,0.0,0.0,0.0,0.0,0.0,0.0,0.0,0.0,0.0,0.0,0.0,0.0,0.0,0.0,0.0,0.5217391304347826,0.0,2.3178260869565217,0.95,3.44,2.49,1.1799924705792908,41.78110869565217,6.941,180.94788,174.00688,57.089412947882586,1.0739130434782607,0.6,2.0,1.4,0.5200061799836344,63.8695652173913,12.0,101.0,89.0,40.250632560869086,2.8260869565217392,2.0,6.0,4.0,1.5784465096235956,9.391304347826088,1.0,16.0,15.0,6.982830685734351,1.0028925186086954,0.052066,1.461112979,1.409046979,0.49420984693400416,0.4653913043478261,0.0,1.32,1.32,0.49838083387762766,0.0,-2.0,5.0,7.0,2.3405684928164816
Li6.25P0.75Si0.25S5Br,-2.823908741,855,test,298.0,5,1.1546776606602591,0.4716981132075472,0.018867924528301886,0.4528301886792453,0.0,0.0,0.0,0.0,0.4716981132075472,0.0,0.0,0.0,0.0,0.0,0.0,0.0,0.0,0.0,0.0,0.0,0.0,0.0,0.0,0.0,0.0,0.0,0.0,0.0,0.0,0.0,0.0,0.0,0.0,0.0,0.0,0.0,0.018867924528301886,0.0,0.0,0.0,0.0,0.0,0.0,0.0,0.0,0.0,0.05660377358490566,0.0,0.0,0.0,0.0,0.37735849056603776,0.0,0.07547169811320754,0.0,0.0,0.0,0.0,1.8190566037735851,0.98,2.96,1.98,0.8103976758495967,23.687694075471697,6.941,79.904,72.963,20.016301099331216,1.2254716981132077,1.0,1.45,0.44999999999999996,0.2157966026778575,55.22641509433963,12.0,98.0,86.0,40.88946974717397,2.6037735849056607,2.0,4.0,2.0,0.6246394474432774,8.90566037735849,1.0,17.0,16.0,7.483980756263885,1.3976795756603775,0.61804922,3.3635883,2.74553908,0.8812392494381903,0.6862264150943396,0.47,0.9,0.43000000000000005,0.20413856203517738,1.6603773584905661,0.0,2.5,2.5,0.7296952812732992
Li6.4P0.6Ge0.4S5I,-2.82390874094432,856,train,298.0,5,1.1583528387851303,0.4776119402985075,0.02985074626865672,0.44776119402985076,0.0,0.0,0.0,0.0,0.4776119402985075,0.0,0.0,0.0,0.0,0.0,0.0,0.0,0.0,0.0,0.0,0.0,0.0,0.0,0.0,0.0,0.0,0.0,0.0,0.0,0.0,0.0,0.0,0.0,0.0,0.0,0.0,0.0,0.0,0.0,0.0,0.0,0.02985074626865672,0.0,0.0,0.0,0.0,0.0,0.04477611940298508,0.0,0.0,0.0,0.0,0.373134328358209,0.0746268656716418,0.0,0.0,0.0,0.0,0.0,1.7873134328358211,0.98,2.66,1.6800000000000002,0.7818702837209173,28.305382626865672,6.941,126.90447,119.96347,31.74542500953987,1.2522388059701495,1.0,1.45,0.44999999999999996,0.21655939790841422,54.58208955223881,12.0,97.0,85.0,40.768421073519654,2.701492537313433,2.0,5.0,3.0,0.8466778867870349,8.805970149253731,1.0,17.0,16.0,7.479801270347031,1.3687402146417913,0.61804922,3.059046537,2.440997317,0.8291473673834864,0.7185074626865673,0.47,0.9,0.43000000000000005,0.2051155752205075,1.728855721393035,0.6666666666666666,3.0,2.3333333333333335,0.7937545502124824
(La0.55Li0.45)(Ti0.9Al0.1)O3,-2.82102305270683,857,test,298.0,5,1.152914896654242,0.6,0.02,0.6,0.0,0.0,0.0,0.0,0.09,0.0,0.11000000000000001,0.0,0.0,0.0,0.0,0.0,0.0,0.0,0.0,0.0,0.0,0.0,0.0,0.0,0.18,0.0,0.0,0.02,0.0,0.0,0.0,0.0,0.0,0.0,0.0,0.0,0.0,0.0,0.0,0.0,0.0,0.0,0.0,0.0,0.0,0.0,0.0,0.0,0.0,0.0,0.0,0.0,0.0,0.0,0.0,0.0,0.6,0.0,2.5826000000000002,0.98,3.44,2.46,1.0623573974891878,34.659622472,6.941,138.90547,131.96447,38.80773494653093,0.982,0.6,1.95,1.35,0.4931794805139403,76.09,12.0,101.0,89.0,32.5552131002087,2.8200000000000003,2.0,6.0,4.0,1.351887569289695,11.0,1.0,16.0,15.0,6.319810123729984,1.0158770992000001,0.075545,1.461112979,1.385567979,0.5676720731082067,0.37672,0.0,1.172,1.172,0.4709026243290645,1.1102230246251565e-16,-2.0,4.0,6.0,2.5573423705088842
Li0.34La0.56TiO3,-2.815308569,858,train,298.0,4,1.0577365880153105,0.6122448979591837,0.06938775510204083,0.6122448979591837,0.0,0.0,0.0,0.0,0.06938775510204083,0.0,0.1142857142857143,0.0,0.0,0.0,0.0,0.0,0.0,0.0,0.0,0.0,0.0,0.0,0.0,0.0,0.20408163265306123,0.0,0.0,0.0,0.0,0.0,0.0,0.0,0.0,0.0,0.0,0.0,0.0,0.0,0.0,0.0,0.0,0.0,0.0,0.0,0.0,0.0,0.0,0.0,0.0,0.0,0.0,0.0,0.0,0.0,0.0,0.0,0.6122448979591837,0.0,2.6141224489795913,0.98,3.44,2.46,1.0489760533570114,35.920857795918366,6.941,138.90547,131.96447,39.27431441312325,0.9765306122448979,0.6,1.95,1.35,0.49724773532654754,76.84897959183672,12.0,101.0,89.0,31.701890257483747,2.8653061224489798,2.0,6.0,4.0,1.3770051828646053,11.024489795918367,1.0,16.0,15.0,6.289561504855904,1.0165809273061224,0.075545,1.461112979,1.385567979,0.5803544698148402,0.3702013605442177,0.0,1.172,1.172,0.4734594392691623,0.004081632653061273,-2.0,4.0,6.0,2.610024566595891
Li9.6P3S12,-2.801342913,859,train,297.85,3,0.9739804913607268,0.4878048780487805,0.12195121951219512,0.4878048780487805,0.0,0.0,0.0,0.0,0.39024390243902435,0.0,0.0,0.0,0.0,0.0,0.0,0.0,0.0,0.0,0.0,0.0,0.0,0.0,0.0,0.0,0.0,0.0,0.0,0.0,0.0,0.0,0.0,0.0,0.0,0.0,0.0,0.0,0.0,0.0,0.0,0.0,0.0,0.0,0.0,0.0,0.0,0.0,0.12195121951219512,0.0,0.0,0.0,0.0,0.4878048780487805,0.0,0.0,0.0,0.0,0.0,0.0,1.9080487804878048,0.98,2.58,1.6,0.7523660873057617,22.127434390243902,6.941,32.065,25.124,12.153927798007873,1.175609756097561,1.0,1.45,0.44999999999999996,0.2195121951219512,61.512195121951216,12.0,94.0,82.0,39.62945563237054,2.6097560975609753,2.0,3.0,1.0,0.4878048780487805,10.024390243902438,1.0,16.0,15.0,7.226265793002934,1.345461421219512,0.61804922,2.07710426,1.45905504,0.7150848745764453,0.647560975609756,0.47,0.9,0.43000000000000005,0.20349124135049465,1.8130081300813008,1.0,2.5,1.5,0.7005564203095157
LiP0.65I0.35O1.95,-2.801342913,860,train,383.18,4,1.2079382023338163,0.4936708860759494,0.08860759493670886,0.5822784810126582,0.0,0.0,0.0,0.0,0.25316455696202533,0.0,0.0,0.0,0.0,0.0,0.0,0.0,0.0,0.0,0.0,0.0,0.0,0.0,0.0,0.0,0.0,0.0,0.0,0.0,0.0,0.0,0.0,0.0,0.0,0.0,0.0,0.0,0.0,0.0,0.0,0.0,0.0,0.0,0.0,0.0,0.0,0.0,0.16455696202531647,0.0,0.0,0.0,0.0,0.0,0.08860759493670886,0.0,0.0,0.0,0.4936708860759494,0.0,2.542405063291139,0.98,3.44,2.46,1.0185298603526847,25.99730121518987,6.941,126.90447,119.96347,32.36636782532589,0.9518987341772152,0.6,1.45,0.85,0.3769836176454903,76.30379746835443,12.0,101.0,89.0,37.639648645227766,2.430379746835443,2.0,5.0,3.0,0.8813617815457828,12.126582278481013,1.0,17.0,16.0,6.4970628000689965,1.2716915793670887,0.61804922,3.059046537,2.440997317,0.6740301976989539,0.3963291139240507,0.0,0.9,0.9,0.40790038873119866,-0.19409282700421943,-2.0,3.0,5.0,1.8560029909712588
Li3O(Cl0.5Br0.5),-2.801342913,861,train,363.59,4,1.0888999753452238,0.6,0.1,0.4,0.0,0.0,0.0,0.0,0.6,0.0,0.0,0.0,0.0,0.0,0.0,0.0,0.0,0.0,0.0,0.0,0.0,0.0,0.0,0.0,0.0,0.0,0.0,0.0,0.0,0.0,0.0,0.0,0.0,0.0,0.0,0.0,0.0,0.0,0.0,0.0,0.0,0.0,0.0,0.0,0.0,0.0,0.0,0.0,0.0,0.0,0.0,0.0,0.0,0.1,0.0,0.1,0.2,0.0,1.8880000000000003,0.98,3.44,2.46,1.119435572062993,18.90018,6.941,79.904,72.963,22.0690345765192,1.205,0.6,1.45,0.85,0.33723137457834496,47.10000000000001,12.0,101.0,89.0,42.996395197737215,2.3,2.0,4.0,2.0,0.6403124237432849,7.2,1.0,17.0,16.0,7.6000000000000005,1.3606834857999999,0.61804922,3.61272528,2.9946760599999998,1.1141151655111665,0.6305000000000001,0.0,0.9,0.9,0.363568769285812,0.7000000000000001,-2.0,3.0,5.0,1.4866068747318506
La0.57Li0.29TiO3,-2.795880017,862,test,299.85,4,1.042675162312332,0.617283950617284,0.05967078189300412,0.617283950617284,0.0,0.0,0.0,0.0,0.05967078189300412,0.0,0.11728395061728396,0.0,0.0,0.0,0.0,0.0,0.0,0.0,0.0,0.0,0.0,0.0,0.0,0.0,0.20576131687242802,0.0,0.0,0.0,0.0,0.0,0.0,0.0,0.0,0.0,0.0,0.0,0.0,0.0,0.0,0.0,0.0,0.0,0.0,0.0,0.0,0.0,0.0,0.0,0.0,0.0,0.0,0.0,0.0,0.0,0.0,0.0,0.617283950617284,0.0,2.6278189300411525,0.98,3.44,2.46,1.042335822666414,36.430906975308645,6.941,138.90547,131.96447,39.599107452564176,0.9736625514403292,0.6,1.95,1.35,0.49892452371791934,77.42592592592592,12.0,101.0,89.0,31.20319814954783,2.880658436213992,2.0,6.0,4.0,1.38709379498698,11.111111111111112,1.0,16.0,15.0,6.2430207946133995,1.0197365318518519,0.075545,1.461112979,1.385567979,0.5816983754006391,0.366400548696845,0.0,1.172,1.172,0.47373984703634925,0.0,-2.0,4.0,6.0,2.6223163824902107
LiTa2PO8,-2.795880017,863,train,298.0,4,0.9830877585747855,0.6666666666666666,0.08333333333333333,0.6666666666666666,0.0,0.0,0.0,0.0,0.08333333333333333,0.0,0.0,0.0,0.0,0.0,0.0,0.0,0.0,0.0,0.0,0.0,0.0,0.0,0.0,0.16666666666666666,0.0,0.0,0.0,0.0,0.0,0.0,0.0,0.0,0.0,0.0,0.0,0.0,0.0,0.0,0.0,0.0,0.0,0.0,0.0,0.0,0.0,0.0,0.08333333333333333,0.0,0.0,0.0,0.0,0.0,0.0,0.0,0.0,0.0,0.6666666666666666,0.0,2.8074999999999997,0.98,3.44,2.46,0.9282880748991661,43.983810166666665,6.941,180.94788,174.00688,61.45781865635771,0.8458333333333332,0.6,1.45,0.85,0.36540977758614446,84.5,12.0,101.0,89.0,28.250368729157028,2.75,2.0,6.0,4.0,1.479019945774904,12.833333333333334,1.0,16.0,15.0,5.382585087318381,1.1426067185,0.32885923,1.461112979,1.132253749,0.4625936417879774,0.2575,0.0,0.9,0.9,0.3721138938550938,-0.2777777777777779,-2.0,5.0,7.0,2.659132876394293
((Li2S)0.6(SiS2)0.4)95(Li4SiO4)5,-2.787812396,864,train,363.0,4,1.1676586614519853,0.40606060606060607,0.06060606060606061,0.4636363636363636,0.0,0.0,0.0,0.0,0.40606060606060607,0.0,0.0,0.0,0.0,0.0,0.0,0.0,0.0,0.0,0.0,0.0,0.0,0.0,0.0,0.0,0.0,0.0,0.0,0.0,0.0,0.0,0.0,0.0,0.0,0.0,0.0,0.0,0.1303030303030303,0.0,0.0,0.0,0.0,0.0,0.0,0.0,0.0,0.0,0.0,0.0,0.0,0.0,0.0,0.403030303030303,0.0,0.0,0.0,0.0,0.06060606060606061,0.0,1.8938181818181818,0.98,3.44,2.46,0.8208203381667692,20.370919696969697,6.941,32.065,25.124,11.71607246967225,1.1715151515151514,0.6,1.45,0.85,0.2526060678764612,59.95454545454545,12.0,101.0,89.0,39.80933034313873,2.5333333333333337,2.0,3.0,1.0,0.49888765156985887,9.648484848484848,1.0,16.0,15.0,7.1793526006821775,1.3577125353939394,0.61804922,2.07710426,1.45905504,0.6568975208990835,0.6252424242424243,0.0,0.9,0.9,0.25496423163319376,1.2924242424242425,-2.0,2.5,4.5,1.2235455937636184
Li6Sr0.5Ba0.5La2Ta2O12,-2.787812396,865,train,423.0,6,1.2811951657333163,0.5217391304347826,0.021739130434782608,0.5217391304347826,0.0,0.021739130434782608,0.0,0.021739130434782608,0.2608695652173913,0.0,0.08695652173913043,0.0,0.0,0.0,0.0,0.0,0.0,0.0,0.0,0.0,0.0,0.0,0.0,0.08695652173913043,0.0,0.0,0.0,0.0,0.0,0.0,0.0,0.0,0.0,0.0,0.0,0.0,0.0,0.0,0.0,0.0,0.0,0.0,0.0,0.0,0.0,0.0,0.0,0.0,0.0,0.0,0.0,0.0,0.0,0.0,0.0,0.0,0.5217391304347826,0.0,2.316521739130435,0.89,3.44,2.55,1.181535878480254,42.861695652173914,6.941,180.94788,174.00688,58.40215710486109,1.077173913043478,0.6,2.15,1.5499999999999998,0.5262362795628656,63.847826086956516,12.0,101.0,89.0,40.27728208054562,2.847826086956522,2.0,6.0,4.0,1.6147067482356454,9.391304347826086,1.0,16.0,15.0,6.982830685734351,1.004904692521739,0.052066,1.461112979,1.409046979,0.4905090357444173,0.46908695652173915,0.0,1.49,1.49,0.5052867815102609,5.551115123125783e-17,-2.0,5.0,7.0,2.3405684928164816
Li6.3P0.7Si0.3S5Br,-2.78251605578609,866,train,298.0,5,1.1568025351886273,0.47368421052631576,0.022556390977443608,0.45112781954887216,0.0,0.0,0.0,0.0,0.47368421052631576,0.0,0.0,0.0,0.0,0.0,0.0,0.0,0.0,0.0,0.0,0.0,0.0,0.0,0.0,0.0,0.0,0.0,0.0,0.0,0.0,0.0,0.0,0.0,0.0,0.0,0.0,0.0,0.022556390977443608,0.0,0.0,0.0,0.0,0.0,0.0,0.0,0.0,0.0,0.05263157894736842,0.0,0.0,0.0,0.0,0.37593984962406013,0.0,0.07518796992481203,0.0,0.0,0.0,0.0,1.814812030075188,0.98,2.96,1.98,0.8101922184474009,23.613878451127817,6.941,79.904,72.963,20.00170278252486,1.2266917293233082,1.0,1.45,0.44999999999999996,0.21552077793351987,55.04511278195489,12.0,98.0,86.0,40.8832676514422,2.6015037593984958,2.0,4.0,2.0,0.6245581851818102,8.87218045112782,1.0,17.0,16.0,7.482725503445827,1.3971655975187969,0.61804922,3.3635883,2.74553908,0.8799741963422388,0.6869924812030075,0.47,0.9,0.43000000000000005,0.20420020016635385,1.6516290726817042,0.0,2.5,2.5,0.7364647901005656
Li6.2P0.8Si0.2S5Br,-2.77211329538633,867,train,298.0,5,1.1515052576719615,0.4696969696969697,0.015151515151515154,0.45454545454545453,0.0,0.0,0.0,0.0,0.4696969696969697,0.0,0.0,0.0,0.0,0.0,0.0,0.0,0.0,0.0,0.0,0.0,0.0,0.0,0.0,0.0,0.0,0.0,0.0,0.0,0.0,0.0,0.0,0.0,0.0,0.0,0.0,0.0,0.015151515151515154,0.0,0.0,0.0,0.0,0.0,0.0,0.0,0.0,0.0,0.060606060606060615,0.0,0.0,0.0,0.0,0.3787878787878788,0.0,0.07575757575757576,0.0,0.0,0.0,0.0,1.823333333333333,0.98,2.96,1.98,0.8105821576764655,23.762068909090903,6.941,79.904,72.963,20.03072413270506,1.224242424242424,1.0,1.45,0.44999999999999996,0.21606719357546528,55.4090909090909,12.0,98.0,86.0,40.894904947789094,2.6060606060606055,2.0,4.0,2.0,0.6247129735784333,8.939393939393938,1.0,17.0,16.0,7.485093849493193,1.3981974475757575,0.61804922,3.3635883,2.74553908,0.8825117494460859,0.6854545454545453,0.47,0.9,0.43000000000000005,0.20407352966429004,1.6691919191919187,0.0,2.5,2.5,0.7227032727240696
Li3.3Ge0.3P0.7S4,-2.7594507517174,868,test,298.0,4,1.047067889696082,0.48192771084337344,0.03614457831325301,0.48192771084337344,0.0,0.0,0.0,0.0,0.3975903614457831,0.0,0.0,0.0,0.0,0.0,0.0,0.0,0.0,0.0,0.0,0.0,0.0,0.0,0.0,0.0,0.0,0.0,0.0,0.0,0.0,0.0,0.0,0.0,0.0,0.0,0.0,0.0,0.0,0.0,0.0,0.0,0.03614457831325301,0.0,0.0,0.0,0.0,0.0,0.08433734939759036,0.0,0.0,0.0,0.0,0.48192771084337344,0.0,0.0,0.0,0.0,0.0,0.0,1.8903614457831326,0.98,2.58,1.6,0.752861922384326,23.450473903614455,6.941,72.64,65.699,15.374051020488325,1.1879518072289155,1.0,1.45,0.44999999999999996,0.2178191968049049,60.69879518072288,12.0,94.0,82.0,39.615542446970075,2.63855421686747,2.0,4.0,2.0,0.5505378148817283,9.879518072289155,1.0,16.0,15.0,7.2267868351375055,1.3542661164939758,0.61804922,2.07710426,1.45905504,0.7063855581866016,0.6585542168674697,0.47,0.9,0.43000000000000005,0.20433926743814512,1.7670682730923692,0.6666666666666666,2.5,1.8333333333333335,0.7331050023486659
Li4.2Ge0.8Ga0.2S4,-2.747146969,869,train,398.0,4,1.0157110897988502,0.4565217391304348,0.02173913043478261,0.4347826086956522,0.0,0.0,0.0,0.0,0.4565217391304348,0.0,0.0,0.0,0.0,0.0,0.0,0.0,0.0,0.0,0.0,0.0,0.0,0.0,0.0,0.0,0.0,0.0,0.0,0.0,0.0,0.0,0.0,0.0,0.0,0.02173913043478261,0.0,0.0,0.0,0.0,0.0,0.0,0.08695652173913045,0.0,0.0,0.0,0.0,0.0,0.0,0.0,0.0,0.0,0.0,0.4347826086956522,0.0,0.0,0.0,0.0,0.0,0.0,1.7832608695652175,0.98,2.58,1.6,0.7583163683818025,24.942260869565217,6.941,72.64,65.699,20.283444402886573,1.233695652173913,1.0,1.45,0.44999999999999996,0.21265770307409176,55.413043478260875,12.0,94.0,82.0,39.91326252663204,2.6521739130434785,2.0,4.0,2.0,0.6665091181198214,8.913043478260871,1.0,16.0,15.0,7.282576249116558,1.2989780570000002,0.30116615,2.07710426,1.77593811,0.7049478194051109,0.698695652173913,0.47,0.9,0.43000000000000005,0.20436123915276336,1.666666666666667,0.6666666666666666,3.0,2.3333333333333335,0.7939992333804207
Li6.30P0.70Si0.30S5Br,-2.73754891,870,train,298.0,5,1.1568025351886273,0.47368421052631576,0.022556390977443608,0.45112781954887216,0.0,0.0,0.0,0.0,0.47368421052631576,0.0,0.0,0.0,0.0,0.0,0.0,0.0,0.0,0.0,0.0,0.0,0.0,0.0,0.0,0.0,0.0,0.0,0.0,0.0,0.0,0.0,0.0,0.0,0.0,0.0,0.0,0.0,0.022556390977443608,0.0,0.0,0.0,0.0,0.0,0.0,0.0,0.0,0.0,0.05263157894736842,0.0,0.0,0.0,0.0,0.37593984962406013,0.0,0.07518796992481203,0.0,0.0,0.0,0.0,1.814812030075188,0.98,2.96,1.98,0.8101922184474009,23.613878451127817,6.941,79.904,72.963,20.00170278252486,1.2266917293233082,1.0,1.45,0.44999999999999996,0.21552077793351987,55.04511278195489,12.0,98.0,86.0,40.8832676514422,2.6015037593984958,2.0,4.0,2.0,0.6245581851818102,8.87218045112782,1.0,17.0,16.0,7.482725503445827,1.3971655975187969,0.61804922,3.3635883,2.74553908,0.8799741963422388,0.6869924812030075,0.47,0.9,0.43000000000000005,0.20420020016635385,1.6516290726817042,0.0,2.5,2.5,0.7364647901005656
Li3.35Ge0.35P0.65S4,-2.737393551,871,train,298.0,4,1.050674956347938,0.4790419161676647,0.041916167664670656,0.4790419161676647,0.0,0.0,0.0,0.0,0.4011976047904192,0.0,0.0,0.0,0.0,0.0,0.0,0.0,0.0,0.0,0.0,0.0,0.0,0.0,0.0,0.0,0.0,0.0,0.0,0.0,0.0,0.0,0.0,0.0,0.0,0.0,0.0,0.0,0.0,0.0,0.0,0.0,0.041916167664670656,0.0,0.0,0.0,0.0,0.0,0.07784431137724551,0.0,0.0,0.0,0.0,0.4790419161676647,0.0,0.0,0.0,0.0,0.0,0.0,1.8838323353293416,0.98,2.58,1.6,0.7535749024252367,23.601113209580838,6.941,72.64,65.699,15.833675659840647,1.1910179640718563,1.0,1.45,0.44999999999999996,0.21765663980440575,60.37125748502994,12.0,94.0,82.0,39.65094572921467,2.6407185628742518,2.0,4.0,2.0,0.5603843514873936,9.820359281437128,1.0,16.0,15.0,7.233741124021509,1.352768214736527,0.61804922,2.07710426,1.45905504,0.7050627443470109,0.6613173652694612,0.47,0.9,0.43000000000000005,0.20457214266545398,1.756487025948104,0.6666666666666666,2.5,1.8333333333333335,0.7381236445443269
Li6PS5Cl0.25Br0.75,-2.73048705578208,872,train,298.0,5,1.1622254164676888,0.46153846153846156,0.019230769230769232,0.46153846153846156,0.0,0.0,0.0,0.0,0.46153846153846156,0.0,0.0,0.0,0.0,0.0,0.0,0.0,0.0,0.0,0.0,0.0,0.0,0.0,0.0,0.0,0.0,0.0,0.0,0.0,0.0,0.0,0.0,0.0,0.0,0.0,0.0,0.0,0.0,0.0,0.0,0.0,0.0,0.0,0.0,0.0,0.0,0.0,0.07692307692307693,0.0,0.0,0.0,0.0,0.38461538461538464,0.0,0.057692307692307696,0.0,0.019230769230769232,0.0,0.0,1.8446153846153845,0.98,3.16,2.18,0.8168524524013396,23.210462461538462,6.941,79.904,72.963,18.581511236591158,1.216346153846154,1.0,1.45,0.44999999999999996,0.2189839197306316,56.17307692307692,12.0,99.0,87.0,40.9285123270047,2.5961538461538467,2.0,4.0,2.0,0.5967738711224192,9.076923076923077,1.0,17.0,16.0,7.488057553007974,1.4050998673076924,0.61804922,3.61272528,2.9946760599999998,0.8988630477290823,0.6777884615384616,0.33499999999999996,0.9,0.5650000000000001,0.20876333089985505,1.7243589743589745,1.0,3.0,2.0,0.7137871604712773
Li6.5P0.5Ge0.5S5I,-2.73048705578208,873,train,298.0,5,1.156707720150243,0.48148148148148145,0.037037037037037035,0.4444444444444444,0.0,0.0,0.0,0.0,0.48148148148148145,0.0,0.0,0.0,0.0,0.0,0.0,0.0,0.0,0.0,0.0,0.0,0.0,0.0,0.0,0.0,0.0,0.0,0.0,0.0,0.0,0.0,0.0,0.0,0.0,0.0,0.0,0.0,0.0,0.0,0.0,0.0,0.037037037037037035,0.0,0.0,0.0,0.0,0.0,0.037037037037037035,0.0,0.0,0.0,0.0,0.37037037037037035,0.07407407407407407,0.0,0.0,0.0,0.0,0.0,1.78,0.98,2.66,1.6800000000000002,0.7814942951380601,28.455766740740746,6.941,126.90447,119.96347,31.90881348450519,1.2555555555555558,1.0,1.45,0.44999999999999996,0.21530913750084554,54.22222222222222,12.0,97.0,85.0,40.74521860913465,2.703703703703704,2.0,5.0,3.0,0.8526566246830621,8.740740740740742,1.0,17.0,16.0,7.476345872112345,1.3667800391481484,0.61804922,3.059046537,2.440997317,0.8269422583798377,0.7214814814814815,0.47,0.9,0.43000000000000005,0.2044632304841813,1.7160493827160495,0.6666666666666666,3.0,2.3333333333333335,0.7984228471360506
Li3YBr6,-2.71669877129645,874,test,298.0,3,0.8979457248567797,0.6,0.1,0.6,0.0,0.0,0.0,0.0,0.3,0.0,0.0,0.0,0.0,0.0,0.0,0.0,0.1,0.0,0.0,0.0,0.0,0.0,0.0,0.0,0.0,0.0,0.0,0.0,0.0,0.0,0.0,0.0,0.0,0.0,0.0,0.0,0.0,0.0,0.0,0.0,0.0,0.0,0.0,0.0,0.0,0.0,0.0,0.0,0.0,0.0,0.0,0.0,0.0,0.6,0.0,0.0,0.0,0.0,2.192,0.98,2.96,1.98,0.9428976614670332,58.915285000000004,6.941,88.90585,81.96485,34.1270711267613,1.3050000000000002,1.15,1.8,0.6500000000000001,0.21266170318136743,64.90000000000002,12.0,98.0,86.0,40.69508569839852,3.5000000000000004,2.0,5.0,3.0,1.02469507659596,10.800000000000002,1.0,17.0,16.0,7.6131465242697125,2.2346969660000005,0.3112922,3.3635883,3.0522961,1.3851537662546334,0.7160000000000001,0.57,1.04,0.4700000000000001,0.1828770078495381,1.8000000000000003,1.0,3.0,2.0,0.6000000000000001
Li0.5La0.5TiO3,-2.714442691,875,train,375.0,4,1.0888999753452238,0.6,0.1,0.6,0.0,0.0,0.0,0.0,0.1,0.0,0.1,0.0,0.0,0.0,0.0,0.0,0.0,0.0,0.0,0.0,0.0,0.0,0.0,0.0,0.2,0.0,0.0,0.0,0.0,0.0,0.0,0.0,0.0,0.0,0.0,0.0,0.0,0.0,0.0,0.0,0.0,0.0,0.0,0.0,0.0,0.0,0.0,0.0,0.0,0.0,0.0,0.0,0.0,0.0,0.0,0.0,0.6,0.0,2.58,0.98,3.44,2.46,1.0654201049351377,33.757687000000004,6.941,138.90547,131.96447,37.50396904486405,0.98,0.6,1.95,1.35,0.48795491595023405,75.3,12.0,101.0,89.0,33.0758219852508,2.8,2.0,6.0,4.0,1.3266499161421599,10.8,1.0,16.0,15.0,6.4156059729381765,1.0093363294,0.075545,1.461112979,1.385567979,0.5766944826746587,0.37753333333333333,0.0,1.172,1.172,0.4699938344749263,1.1102230246251565e-16,-2.0,4.0,6.0,2.569046515733026
Li0.5Zr1.5Nb0.5(PO4)3,-2.705533774,876,train,473.0,5,0.9747856154973178,0.6857142857142857,0.02857142857142857,0.6857142857142857,0.0,0.0,0.0,0.0,0.02857142857142857,0.0,0.0,0.0,0.0,0.0,0.0,0.0,0.0,0.0,0.0,0.0,0.0,0.08571428571428572,0.0,0.0,0.0,0.0,0.02857142857142857,0.0,0.0,0.0,0.0,0.0,0.0,0.0,0.0,0.0,0.0,0.0,0.0,0.0,0.0,0.0,0.0,0.0,0.0,0.0,0.17142857142857143,0.0,0.0,0.0,0.0,0.0,0.0,0.0,0.0,0.0,0.6857142857142857,0.0,2.922,0.98,3.44,2.46,0.8067068860496976,26.952787200000003,6.941,92.90638,85.96538,23.97568079310088,0.7985714285714286,0.6,1.55,0.9500000000000001,0.3265590548836927,90.74285714285715,12.0,101.0,89.0,20.963018944448486,2.5142857142857142,2.0,5.0,3.0,0.9672177645606146,14.057142857142857,1.0,16.0,15.0,4.315704591656962,1.2109054107428572,0.433289,1.461112979,1.0278239789999999,0.3797593151005441,0.21714285714285714,0.0,0.9,0.9,0.3323472489393451,-0.5714285714285713,-2.0,5.0,7.0,2.2375885951372823
Li0.1Zr1.1Nb0.9(PO4)3,-2.705533774,877,test,473.0,5,0.915424961294951,0.7017543859649122,0.005847953216374269,0.7017543859649122,0.0,0.0,0.0,0.0,0.005847953216374269,0.0,0.0,0.0,0.0,0.0,0.0,0.0,0.0,0.0,0.0,0.0,0.0,0.06432748538011696,0.0,0.0,0.0,0.0,0.05263157894736842,0.0,0.0,0.0,0.0,0.0,0.0,0.0,0.0,0.0,0.0,0.0,0.0,0.0,0.0,0.0,0.0,0.0,0.0,0.0,0.17543859649122806,0.0,0.0,0.0,0.0,0.0,0.0,0.0,0.0,0.0,0.7017543859649122,0.0,2.97374269005848,0.98,3.44,2.46,0.7461221568703615,27.460253099415205,6.941,92.90638,85.96538,24.161523940038574,0.7809941520467836,0.6,1.55,0.9500000000000001,0.3092221044933915,92.6783625730994,12.0,101.0,89.0,17.131979935200707,2.526315789473684,2.0,5.0,3.0,0.9752240076973542,14.385964912280702,1.0,16.0,15.0,3.8102096731223094,1.2360977894736838,0.433289,1.461112979,1.0278239789999999,0.35581530762510327,0.20023391812865496,0.0,0.9,0.9,0.3173002953765593,-0.5847953216374268,-2.0,5.0,7.0,2.302876158921912
Li6.20P0.80Si0.20S5Br,-2.70333481,878,train,298.0,5,1.1515052576719615,0.4696969696969697,0.015151515151515154,0.45454545454545453,0.0,0.0,0.0,0.0,0.4696969696969697,0.0,0.0,0.0,0.0,0.0,0.0,0.0,0.0,0.0,0.0,0.0,0.0,0.0,0.0,0.0,0.0,0.0,0.0,0.0,0.0,0.0,0.0,0.0,0.0,0.0,0.0,0.0,0.015151515151515154,0.0,0.0,0.0,0.0,0.0,0.0,0.0,0.0,0.0,0.060606060606060615,0.0,0.0,0.0,0.0,0.3787878787878788,0.0,0.07575757575757576,0.0,0.0,0.0,0.0,1.823333333333333,0.98,2.96,1.98,0.8105821576764655,23.762068909090903,6.941,79.904,72.963,20.03072413270506,1.224242424242424,1.0,1.45,0.44999999999999996,0.21606719357546528,55.4090909090909,12.0,98.0,86.0,40.894904947789094,2.6060606060606055,2.0,4.0,2.0,0.6247129735784333,8.939393939393938,1.0,17.0,16.0,7.485093849493193,1.3981974475757575,0.61804922,3.3635883,2.74553908,0.8825117494460859,0.6854545454545453,0.47,0.9,0.43000000000000005,0.20407352966429004,1.6691919191919187,0.0,2.5,2.5,0.7227032727240696
Li10GeP2S12,-2.692503962,879,train,298.0,4,1.0496348213275466,0.48,0.04,0.48,0.0,0.0,0.0,0.0,0.4,0.0,0.0,0.0,0.0,0.0,0.0,0.0,0.0,0.0,0.0,0.0,0.0,0.0,0.0,0.0,0.0,0.0,0.0,0.0,0.0,0.0,0.0,0.0,0.0,0.0,0.0,0.0,0.0,0.0,0.0,0.0,0.04,0.0,0.0,0.0,0.0,0.0,0.08,0.0,0.0,0.0,0.0,0.48,0.0,0.0,0.0,0.0,0.0,0.0,1.8860000000000001,0.98,2.58,1.6,0.7533445426894656,23.55110096,6.941,72.64,65.699,15.682734537270552,1.19,1.0,1.45,0.44999999999999996,0.2177154105707724,60.48,12.0,94.0,82.0,39.639495455921235,2.64,2.0,4.0,2.0,0.5571355310873648,9.84,1.0,16.0,15.0,7.231486707448199,1.35326551812,0.61804922,2.07710426,1.45905504,0.7055025462312545,0.6604,0.47,0.9,0.43000000000000005,0.2044989975525553,1.76,0.6666666666666666,2.5,1.8333333333333335,0.7364781055808788
Li1.4Al0.4(Ge0.67Ti0.33)1.6(PO4)3,-2.690369833,880,train,370.0,6,1.1212321052870045,0.6521739130434783,0.02173913043478261,0.6521739130434783,0.0,0.0,0.0,0.0,0.07608695652173914,0.0,0.0,0.0,0.0,0.0,0.0,0.0,0.0,0.0,0.0,0.0,0.0,0.0,0.0,0.0,0.028695652173913046,0.0,0.0,0.02173913043478261,0.0,0.0,0.0,0.0,0.0,0.0,0.0,0.0,0.0,0.0,0.0,0.0,0.0582608695652174,0.0,0.0,0.0,0.0,0.0,0.16304347826086957,0.0,0.0,0.0,0.0,0.0,0.0,0.0,0.0,0.0,0.6521739130434783,0.0,2.871404347826087,0.98,3.44,2.46,0.8291160206106685,22.204780295652174,6.941,72.64,65.699,14.932169025624496,0.8048478260869566,0.6,1.45,0.85,0.3020966205495321,89.55304347826088,12.0,101.0,89.0,24.280521166740726,2.358695652173913,2.0,4.0,2.0,0.6355675611323356,14.169565217391304,1.0,16.0,15.0,4.300347284520846,1.2050490685182609,0.075545,1.461112979,1.385567979,0.39097691540199914,0.24212608695652177,0.0,0.9,0.9,0.3429107735181749,-0.7376811594202898,-2.0,4.0,6.0,1.809470639429953
Li3InCl6,-2.6903698325741,881,train,298.0,3,0.8979457248567798,0.6,0.1,0.6,0.0,0.0,0.0,0.0,0.3,0.0,0.0,0.0,0.0,0.0,0.0,0.0,0.0,0.0,0.0,0.0,0.0,0.0,0.0,0.0,0.0,0.0,0.0,0.0,0.0,0.0,0.0,0.0,0.1,0.0,0.0,0.0,0.0,0.0,0.0,0.0,0.0,0.0,0.0,0.0,0.0,0.0,0.0,0.0,0.0,0.0,0.0,0.0,0.0,0.0,0.0,0.6,0.0,0.0,2.368,0.98,3.16,2.18,0.9944325014801156,34.83590000000001,6.941,114.818,107.877,29.55299905745608,1.19,1.0,1.55,0.55,0.23430749027719963,70.89999999999999,12.0,99.0,87.0,39.00115382908562,2.9,2.0,5.0,3.0,0.8306623862918074,11.8,1.0,17.0,16.0,7.166589146867567,2.391442534,0.383926,3.61272528,3.2287992799999996,1.4971333757139635,0.565,0.33499999999999996,0.94,0.605,0.2819042390600042,2.3999999999999995,1.0,3.0,2.0,0.916515138991168
Li6.4La3Zr1.4Ta0.6O12,-2.68613278,882,train,307.0,5,1.2228390326709018,0.5128205128205129,0.02564102564102564,0.5128205128205129,0.0,0.0,0.0,0.0,0.27350427350427353,0.0,0.12820512820512822,0.0,0.0,0.0,0.0,0.0,0.0,0.0,0.0,0.0,0.0,0.05982905982905983,0.0,0.02564102564102564,0.0,0.0,0.0,0.0,0.0,0.0,0.0,0.0,0.0,0.0,0.0,0.0,0.0,0.0,0.0,0.0,0.0,0.0,0.0,0.0,0.0,0.0,0.0,0.0,0.0,0.0,0.0,0.0,0.0,0.0,0.0,0.0,0.5128205128205129,0.0,2.2911965811965813,0.98,3.44,2.46,1.1833244220633492,38.00914264957265,6.941,180.94788,174.00688,50.10854015565345,1.0841880341880343,0.6,1.95,1.35,0.5189836209661903,63.57264957264959,12.0,101.0,89.0,39.77163792928392,2.794871794871795,2.0,6.0,4.0,1.5388888295511445,9.23076923076923,1.0,16.0,15.0,7.007181438779528,1.0241636535897438,0.32885923,1.461112979,1.132253749,0.4519044324326734,0.4688888888888889,0.0,1.172,1.172,0.48915517223690463,-2.7755575615628914e-17,-2.0,5.0,7.0,2.2532028485964326
La0.55Li0.36Ti0.992Al0.008O3,-2.681936665,883,test,333.0,5,1.071388474952026,0.6109979633401221,0.001629327902240326,0.6109979633401221,0.0,0.0,0.0,0.0,0.07331975560081466,0.0,0.1120162932790224,0.0,0.0,0.0,0.0,0.0,0.0,0.0,0.0,0.0,0.0,0.0,0.0,0.0,0.2020366598778004,0.0,0.0,0.001629327902240326,0.0,0.0,0.0,0.0,0.0,0.0,0.0,0.0,0.0,0.0,0.0,0.0,0.0,0.0,0.0,0.0,0.0,0.0,0.0,0.0,0.0,0.0,0.0,0.0,0.0,0.0,0.0,0.0,0.6109979633401221,0.0,2.610663951120163,0.98,3.44,2.46,1.0507467653395643,35.559039675926684,6.941,138.90547,131.96447,38.998942109931015,0.9762321792260692,0.6,1.95,1.35,0.49554456772110683,76.72138492871692,12.0,101.0,89.0,31.860448172555685,2.853767820773931,2.0,6.0,4.0,1.3686187080734844,11.014663951120164,1.0,16.0,15.0,6.299370288179659,1.016474620407332,0.075545,1.461112979,1.385567979,0.5791851980499874,0.37043856076035303,0.0,1.172,1.172,0.4725620706626073,0.000407331975560199,-2.0,4.0,6.0,2.6024428123818852
La0.56Li0.36Ti0.95Al0.05O3,-2.675717545,884,train,343.0,5,1.1045221857470429,0.6097560975609756,0.010162601626016262,0.6097560975609756,0.0,0.0,0.0,0.0,0.07317073170731707,0.0,0.11382113821138212,0.0,0.0,0.0,0.0,0.0,0.0,0.0,0.0,0.0,0.0,0.0,0.0,0.0,0.19308943089430894,0.0,0.0,0.010162601626016262,0.0,0.0,0.0,0.0,0.0,0.0,0.0,0.0,0.0,0.0,0.0,0.0,0.0,0.0,0.0,0.0,0.0,0.0,0.0,0.0,0.0,0.0,0.0,0.0,0.0,0.0,0.0,0.0,0.6097560975609756,0.0,2.6081910569105693,0.98,3.44,2.46,1.0512941019051276,35.59080287195122,6.941,138.90547,131.96447,39.22841288800495,0.976930894308943,0.6,1.95,1.35,0.4960835755430636,76.880081300813,12.0,101.0,89.0,31.801401155303594,2.8516260162601625,2.0,6.0,4.0,1.370544295166782,11.07520325203252,1.0,16.0,15.0,6.272312607523121,1.0185918756504064,0.075545,1.461112979,1.385567979,0.5749324122607882,0.37055962059620595,0.0,1.172,1.172,0.4722095158325964,-0.00203252032520318,-2.0,4.0,6.0,2.5918093185375106
Li6.5P0.5Si0.5S5Br,-2.65955588515988,885,test,298.0,5,1.156707720150243,0.48148148148148145,0.037037037037037035,0.4444444444444444,0.0,0.0,0.0,0.0,0.48148148148148145,0.0,0.0,0.0,0.0,0.0,0.0,0.0,0.0,0.0,0.0,0.0,0.0,0.0,0.0,0.0,0.0,0.0,0.0,0.0,0.0,0.0,0.0,0.0,0.0,0.0,0.0,0.0,0.037037037037037035,0.0,0.0,0.0,0.0,0.0,0.0,0.0,0.0,0.0,0.037037037037037035,0.0,0.0,0.0,0.0,0.37037037037037035,0.0,0.07407407407407407,0.0,0.0,0.0,0.0,1.798148148148148,0.98,2.96,1.98,0.809169839961907,23.324083777777776,6.941,79.904,72.963,19.941645709899504,1.2314814814814814,1.0,1.45,0.44999999999999996,0.21436735005167082,54.33333333333332,12.0,98.0,86.0,40.85112990866733,2.5925925925925926,2.0,4.0,2.0,0.624159242457508,8.74074074074074,1.0,17.0,16.0,7.476345872112345,1.3951477574074074,0.61804922,3.3635883,2.74553908,0.874987087038817,0.69,0.47,0.9,0.43000000000000005,0.2044142489778665,1.6172839506172838,0.0,2.5,2.5,0.7614892475304934
Li3.25Ge0.25P0.75S4,-2.657577319,886,train,298.0,4,1.0419136805925164,0.48484848484848486,0.030303030303030304,0.48484848484848486,0.0,0.0,0.0,0.0,0.3939393939393939,0.0,0.0,0.0,0.0,0.0,0.0,0.0,0.0,0.0,0.0,0.0,0.0,0.0,0.0,0.0,0.0,0.0,0.0,0.0,0.0,0.0,0.0,0.0,0.0,0.0,0.0,0.0,0.0,0.0,0.0,0.0,0.030303030303030304,0.0,0.0,0.0,0.0,0.0,0.09090909090909091,0.0,0.0,0.0,0.0,0.48484848484848486,0.0,0.0,0.0,0.0,0.0,0.0,1.896969696969697,0.98,2.58,1.6,0.7520818977344875,23.298008666666668,6.941,72.64,65.699,14.892868327674087,1.1848484848484848,1.0,1.45,0.44999999999999996,0.21793968045284026,61.03030303030303,12.0,94.0,82.0,39.576917705396006,2.6363636363636362,2.0,4.0,2.0,0.5403804393977881,9.93939393939394,1.0,16.0,15.0,7.219247815848264,1.3557821746363636,0.61804922,2.07710426,1.45905504,0.7077186603007745,0.6557575757575758,0.47,0.9,0.43000000000000005,0.20406520501338135,1.7777777777777777,0.6666666666666666,2.5,1.8333333333333335,0.7278336781677504
Li6PS5Cl0.75Br0.25,-2.6458915608526,887,test,298.0,5,1.1622254164676888,0.46153846153846156,0.019230769230769232,0.46153846153846156,0.0,0.0,0.0,0.0,0.46153846153846156,0.0,0.0,0.0,0.0,0.0,0.0,0.0,0.0,0.0,0.0,0.0,0.0,0.0,0.0,0.0,0.0,0.0,0.0,0.0,0.0,0.0,0.0,0.0,0.0,0.0,0.0,0.0,0.0,0.0,0.0,0.0,0.0,0.0,0.0,0.0,0.0,0.0,0.07692307692307693,0.0,0.0,0.0,0.0,0.38461538461538464,0.0,0.019230769230769232,0.0,0.057692307692307696,0.0,0.0,1.8523076923076922,0.98,3.16,2.18,0.8281829400854143,21.500808615384614,6.941,79.904,72.963,14.983084384327647,1.2105769230769232,1.0,1.45,0.44999999999999996,0.22260186485446698,56.21153846153846,12.0,99.0,87.0,40.96825062376471,2.557692307692308,2.0,4.0,2.0,0.5339785914198009,9.076923076923077,1.0,17.0,16.0,7.488057553007974,1.414682058846154,0.61804922,3.61272528,2.9946760599999998,0.9207515739957476,0.6687500000000001,0.33499999999999996,0.9,0.5650000000000001,0.2181122571768245,1.7628205128205128,1.0,3.0,2.0,0.7534437701599898
Li6BaLa2Ta2O12,-2.643974143,888,train,441.0,5,1.2510583317959272,0.5217391304347826,0.043478260869565216,0.5217391304347826,0.0,0.043478260869565216,0.0,0.0,0.2608695652173913,0.0,0.08695652173913043,0.0,0.0,0.0,0.0,0.0,0.0,0.0,0.0,0.0,0.0,0.0,0.0,0.08695652173913043,0.0,0.0,0.0,0.0,0.0,0.0,0.0,0.0,0.0,0.0,0.0,0.0,0.0,0.0,0.0,0.0,0.0,0.0,0.0,0.0,0.0,0.0,0.0,0.0,0.0,0.0,0.0,0.0,0.0,0.0,0.0,0.0,0.5217391304347826,0.0,2.315217391304348,0.89,3.44,2.55,1.1830758348482528,43.94228260869565,6.941,180.94788,174.00688,59.66646882401103,1.0804347826086955,0.6,2.15,1.5499999999999998,0.5323735061913937,63.826086956521735,12.0,101.0,89.0,40.3039022535288,2.869565217391304,2.0,6.0,4.0,1.6498839966095893,9.391304347826086,1.0,16.0,15.0,6.982830685734351,1.0069168664347825,0.144626,1.461112979,1.316486979,0.4867717717776901,0.47278260869565214,0.0,1.49,1.49,0.5120729360857256,5.551115123125783e-17,-2.0,5.0,7.0,2.3405684928164816
((Li2S)0.6(SiS2)0.4)95(Li4SiO4)5,-2.638272164,889,train,341.0,4,1.1676586614519853,0.40606060606060607,0.06060606060606061,0.4636363636363636,0.0,0.0,0.0,0.0,0.40606060606060607,0.0,0.0,0.0,0.0,0.0,0.0,0.0,0.0,0.0,0.0,0.0,0.0,0.0,0.0,0.0,0.0,0.0,0.0,0.0,0.0,0.0,0.0,0.0,0.0,0.0,0.0,0.0,0.1303030303030303,0.0,0.0,0.0,0.0,0.0,0.0,0.0,0.0,0.0,0.0,0.0,0.0,0.0,0.0,0.403030303030303,0.0,0.0,0.0,0.0,0.06060606060606061,0.0,1.8938181818181818,0.98,3.44,2.46,0.8208203381667692,20.370919696969697,6.941,32.065,25.124,11.71607246967225,1.1715151515151514,0.6,1.45,0.85,0.2526060678764612,59.95454545454545,12.0,101.0,89.0,39.80933034313873,2.5333333333333337,2.0,3.0,1.0,0.49888765156985887,9.648484848484848,1.0,16.0,15.0,7.1793526006821775,1.3577125353939394,0.61804922,2.07710426,1.45905504,0.6568975208990835,0.6252424242424243,0.0,0.9,0.9,0.25496423163319376,1.2924242424242425,-2.0,2.5,4.5,1.2235455937636184
Li6.50P0.50Si0.50S5Br,-2.638272164,890,train,298.0,5,1.156707720150243,0.48148148148148145,0.037037037037037035,0.4444444444444444,0.0,0.0,0.0,0.0,0.48148148148148145,0.0,0.0,0.0,0.0,0.0,0.0,0.0,0.0,0.0,0.0,0.0,0.0,0.0,0.0,0.0,0.0,0.0,0.0,0.0,0.0,0.0,0.0,0.0,0.0,0.0,0.0,0.0,0.037037037037037035,0.0,0.0,0.0,0.0,0.0,0.0,0.0,0.0,0.0,0.037037037037037035,0.0,0.0,0.0,0.0,0.37037037037037035,0.0,0.07407407407407407,0.0,0.0,0.0,0.0,1.798148148148148,0.98,2.96,1.98,0.809169839961907,23.324083777777776,6.941,79.904,72.963,19.941645709899504,1.2314814814814814,1.0,1.45,0.44999999999999996,0.21436735005167082,54.33333333333332,12.0,98.0,86.0,40.85112990866733,2.5925925925925926,2.0,4.0,2.0,0.624159242457508,8.74074074074074,1.0,17.0,16.0,7.476345872112345,1.3951477574074074,0.61804922,3.3635883,2.74553908,0.874987087038817,0.69,0.47,0.9,0.43000000000000005,0.2044142489778665,1.6172839506172838,0.0,2.5,2.5,0.7614892475304934
Li1.3Fe0.3Ti1.7(PO4)3,-2.63827216398241,891,train,298.0,5,1.049159726908797,0.6557377049180328,0.01639344262295082,0.6557377049180328,0.0,0.0,0.0,0.0,0.07103825136612023,0.0,0.0,0.0,0.0,0.0,0.0,0.0,0.0,0.0,0.0,0.0,0.0,0.0,0.0,0.0,0.09289617486338798,0.0,0.0,0.0,0.0,0.0,0.0,0.0,0.0,0.0,0.01639344262295082,0.0,0.0,0.0,0.0,0.0,0.0,0.0,0.0,0.0,0.0,0.0,0.1639344262295082,0.0,0.0,0.0,0.0,0.0,0.0,0.0,0.0,0.0,0.6557377049180328,0.0,2.857431693989071,0.98,3.44,2.46,0.8511788446984322,21.42430524590164,6.941,55.845,48.903999999999996,11.55535537917643,0.8133879781420763,0.6,1.45,0.85,0.3193204828764304,87.57377049180327,12.0,101.0,89.0,25.704792572460637,2.3825136612021853,2.0,4.0,2.0,0.6743709625781368,13.524590163934423,1.0,16.0,15.0,4.944301430466501,1.133936856229508,0.075545,1.461112979,1.385567979,0.48324052395458095,0.2471903460837887,0.0,0.9,0.9,0.35400998212156937,-0.5546448087431693,-2.0,4.0,6.0,2.104882283543009
Li2Mg2(MoO4)3,-2.632644079,892,train,873.0,4,1.0556334325506451,0.631578947368421,0.10526315789473684,0.631578947368421,0.0,0.0,0.0,0.0,0.10526315789473684,0.0,0.0,0.0,0.0,0.0,0.0,0.0,0.0,0.0,0.0,0.0,0.10526315789473684,0.0,0.0,0.0,0.0,0.0,0.0,0.0,0.0,0.0,0.0,0.0,0.0,0.0,0.0,0.0,0.0,0.0,0.0,0.0,0.0,0.0,0.0,0.0,0.0,0.15789473684210525,0.0,0.0,0.0,0.0,0.0,0.0,0.0,0.0,0.0,0.0,0.631578947368421,0.0,2.754736842105263,0.98,3.44,2.46,0.9506251041512942,28.54235789473684,6.941,95.94,88.999,29.4550359617809,0.9184210526315789,0.6,1.5,0.9,0.41713639266204344,81.57894736842104,12.0,101.0,89.0,29.306575136995928,2.5789473684210527,2.0,5.0,3.0,1.0913916501751433,11.368421052631579,1.0,16.0,15.0,6.21721317088198,1.0616404309473682,-0.42,1.461112979,1.8811129789999999,0.6067839953664297,0.3076315789473684,0.0,0.9,0.9,0.40412142658342515,-0.1578947368421053,-2.0,5.0,7.0,2.6410356400619746
Li6.35P0.65Si0.35S5Br,-2.63078414258986,893,train,298.0,5,1.158000955252245,0.47565543071161054,0.026217228464419477,0.4494382022471911,0.0,0.0,0.0,0.0,0.47565543071161054,0.0,0.0,0.0,0.0,0.0,0.0,0.0,0.0,0.0,0.0,0.0,0.0,0.0,0.0,0.0,0.0,0.0,0.0,0.0,0.0,0.0,0.0,0.0,0.0,0.0,0.0,0.0,0.026217228464419477,0.0,0.0,0.0,0.0,0.0,0.0,0.0,0.0,0.0,0.048689138576779034,0.0,0.0,0.0,0.0,0.3745318352059926,0.0,0.07490636704119852,0.0,0.0,0.0,0.0,1.8105992509363296,0.98,2.96,1.98,0.8099662547181892,23.540615752808986,6.941,79.904,72.963,19.98693371538764,1.2279026217228464,1.0,1.45,0.44999999999999996,0.2152398319875423,54.86516853932584,12.0,98.0,86.0,40.87631595734873,2.599250936329588,2.0,4.0,2.0,0.6244693633158451,8.838951310861423,1.0,17.0,16.0,7.481331298731174,1.3966554694007494,0.61804922,3.3635883,2.74553908,0.878716521201679,0.687752808988764,0.47,0.9,0.43000000000000005,0.2042585173079905,1.6429463171036203,0.0,2.5,2.5,0.743020777089865
Li4.275Ge0.61Ga0.25S4,-2.614393726,894,train,423.0,4,0.9961596993423545,0.46798029556650245,0.027367268746579087,0.4378762999452654,0.0,0.0,0.0,0.0,0.46798029556650245,0.0,0.0,0.0,0.0,0.0,0.0,0.0,0.0,0.0,0.0,0.0,0.0,0.0,0.0,0.0,0.0,0.0,0.0,0.0,0.0,0.0,0.0,0.0,0.0,0.027367268746579087,0.0,0.0,0.0,0.0,0.0,0.0,0.06677613574165298,0.0,0.0,0.0,0.0,0.0,0.0,0.0,0.0,0.0,0.0,0.4378762999452654,0.0,0.0,0.0,0.0,0.0,0.0,1.7720963327859878,0.98,2.58,1.6,0.7637033725830383,24.047501368363434,6.941,72.64,65.699,19.490045618596383,1.235495347564313,1.0,1.45,0.44999999999999996,0.21434671399120056,54.60207991242473,12.0,94.0,82.0,40.072510305127295,2.6261631089217294,2.0,4.0,2.0,0.6498997452866618,8.764641488779418,1.0,16.0,15.0,7.311536341854342,1.2893050470640393,0.30116615,2.07710426,1.77593811,0.713833857237215,0.6992008757525998,0.47,0.9,0.43000000000000005,0.20568897569588812,1.689290275497172,0.6666666666666666,3.0,2.3333333333333335,0.7918265192617369
Li3.35Ge0.35P0.65S4,-2.600326279,895,train,313.0,4,1.050674956347938,0.4790419161676647,0.041916167664670656,0.4790419161676647,0.0,0.0,0.0,0.0,0.4011976047904192,0.0,0.0,0.0,0.0,0.0,0.0,0.0,0.0,0.0,0.0,0.0,0.0,0.0,0.0,0.0,0.0,0.0,0.0,0.0,0.0,0.0,0.0,0.0,0.0,0.0,0.0,0.0,0.0,0.0,0.0,0.0,0.041916167664670656,0.0,0.0,0.0,0.0,0.0,0.07784431137724551,0.0,0.0,0.0,0.0,0.4790419161676647,0.0,0.0,0.0,0.0,0.0,0.0,1.8838323353293416,0.98,2.58,1.6,0.7535749024252367,23.601113209580838,6.941,72.64,65.699,15.833675659840647,1.1910179640718563,1.0,1.45,0.44999999999999996,0.21765663980440575,60.37125748502994,12.0,94.0,82.0,39.65094572921467,2.6407185628742518,2.0,4.0,2.0,0.5603843514873936,9.820359281437128,1.0,16.0,15.0,7.233741124021509,1.352768214736527,0.61804922,2.07710426,1.45905504,0.7050627443470109,0.6613173652694612,0.47,0.9,0.43000000000000005,0.20457214266545398,1.756487025948104,0.6666666666666666,2.5,1.8333333333333335,0.7381236445443269
(Li2S)0.8(P2S5)0.2,-2.595166283,896,train,313.25,3,0.955131195451464,0.4736842105263158,0.10526315789473685,0.4736842105263158,0.0,0.0,0.0,0.0,0.4210526315789474,0.0,0.0,0.0,0.0,0.0,0.0,0.0,0.0,0.0,0.0,0.0,0.0,0.0,0.0,0.0,0.0,0.0,0.0,0.0,0.0,0.0,0.0,0.0,0.0,0.0,0.0,0.0,0.0,0.0,0.0,0.0,0.0,0.0,0.0,0.0,0.0,0.0,0.10526315789473685,0.0,0.0,0.0,0.0,0.4736842105263158,0.0,0.0,0.0,0.0,0.0,0.0,1.865263157894737,0.98,2.58,1.6,0.7635813707099532,21.371606526315787,6.941,32.065,25.124,12.31062868347955,1.1894736842105265,1.0,1.45,0.44999999999999996,0.22217758862321507,59.05263157894737,12.0,94.0,82.0,40.14378589154704,2.5789473684210527,2.0,3.0,1.0,0.49372797471825575,9.578947368421053,1.0,16.0,15.0,7.322034441714337,1.3227131747368421,0.61804922,2.07710426,1.45905504,0.7166499286841256,0.6594736842105263,0.47,0.9,0.43000000000000005,0.20646074392281805,1.7807017543859651,1.0,2.5,1.5,0.7092798249731069
Li6.8P0.2Ge0.8S5I,-2.58838029403677,897,train,298.0,5,1.1332293964044395,0.4927536231884058,0.014492753623188408,0.4347826086956522,0.0,0.0,0.0,0.0,0.4927536231884058,0.0,0.0,0.0,0.0,0.0,0.0,0.0,0.0,0.0,0.0,0.0,0.0,0.0,0.0,0.0,0.0,0.0,0.0,0.0,0.0,0.0,0.0,0.0,0.0,0.0,0.0,0.0,0.0,0.0,0.0,0.0,0.05797101449275363,0.0,0.0,0.0,0.0,0.0,0.014492753623188408,0.0,0.0,0.0,0.0,0.3623188405797102,0.07246376811594205,0.0,0.0,0.0,0.0,0.0,1.7586956521739134,0.98,2.66,1.6800000000000002,0.7800072705783002,28.89384220289855,6.941,126.90447,119.96347,32.376091722707145,1.2652173913043478,1.0,1.45,0.44999999999999996,0.21132850103503892,53.173913043478265,12.0,97.0,85.0,40.65940414661356,2.7101449275362324,2.0,5.0,3.0,0.8698067297462991,8.55072463768116,1.0,17.0,16.0,7.463022335049719,1.361069962710145,0.61804922,3.059046537,2.440997317,0.820458213084493,0.730144927536232,0.47,0.9,0.43000000000000005,0.20230191781723425,1.6787439613526571,0.6666666666666666,3.0,2.3333333333333335,0.8107166868644529
Li6La2SrNb2O12,-2.571865206,898,train,373.0,5,1.2510583317959272,0.5217391304347826,0.043478260869565216,0.5217391304347826,0.0,0.0,0.0,0.043478260869565216,0.2608695652173913,0.0,0.08695652173913043,0.0,0.0,0.0,0.0,0.0,0.0,0.0,0.0,0.0,0.0,0.0,0.0,0.0,0.0,0.0,0.08695652173913043,0.0,0.0,0.0,0.0,0.0,0.0,0.0,0.0,0.0,0.0,0.0,0.0,0.0,0.0,0.0,0.0,0.0,0.0,0.0,0.0,0.0,0.0,0.0,0.0,0.0,0.0,0.0,0.0,0.0,0.5217391304347826,0.0,2.3265217391304347,0.95,3.44,2.49,1.1742883458046527,34.12532608695652,6.941,138.90547,131.96447,41.75829921112008,1.0739130434782607,0.6,2.0,1.4,0.5200061799836344,63.95652173913043,12.0,101.0,89.0,40.22596853306879,2.7391304347826084,2.0,6.0,4.0,1.4208812729015818,9.391304347826088,1.0,16.0,15.0,6.982830685734352,1.0540705855652173,0.052066,1.461112979,1.409046979,0.4502815495871626,0.4653913043478261,0.0,1.32,1.32,0.49838083387762766,5.551115123125783e-17,-2.0,5.0,7.0,2.340568492816482
Li6P(S4.5Se0.5)Br,-2.57186520597121,899,train,298.0,5,1.2440007797244912,0.46153846153846156,0.038461538461538464,0.46153846153846156,0.0,0.0,0.0,0.0,0.46153846153846156,0.0,0.0,0.0,0.0,0.0,0.0,0.0,0.0,0.0,0.0,0.0,0.0,0.0,0.0,0.0,0.0,0.0,0.0,0.0,0.0,0.0,0.0,0.0,0.0,0.0,0.0,0.0,0.0,0.0,0.0,0.0,0.0,0.0,0.0,0.0,0.0,0.0,0.07692307692307693,0.0,0.0,0.0,0.038461538461538464,0.34615384615384615,0.0,0.07692307692307693,0.0,0.0,0.0,0.0,1.8396153846153847,0.98,2.96,1.98,0.8100687566697932,25.86894323076923,6.941,79.904,72.963,22.663998792620504,1.2250000000000003,1.0,1.45,0.44999999999999996,0.2131494600220519,56.11538461538462,12.0,98.0,86.0,40.873469788413836,2.6538461538461537,2.0,4.0,2.0,0.6760921473556518,9.076923076923077,1.0,17.0,16.0,7.488057553007973,1.3981357120000002,0.61804922,3.3635883,2.74553908,0.8860858843620933,0.6873076923076924,0.47,0.9,0.43000000000000005,0.20006840546149543,1.7051282051282053,1.0,2.5,1.5,0.6923076923076924
Li5La3Ta2O12,-2.565431096,900,train,472.0,4,1.1570333357787375,0.5454545454545454,0.09090909090909091,0.5454545454545454,0.0,0.0,0.0,0.0,0.22727272727272727,0.0,0.13636363636363635,0.0,0.0,0.0,0.0,0.0,0.0,0.0,0.0,0.0,0.0,0.0,0.0,0.09090909090909091,0.0,0.0,0.0,0.0,0.0,0.0,0.0,0.0,0.0,0.0,0.0,0.0,0.0,0.0,0.0,0.0,0.0,0.0,0.0,0.0,0.0,0.0,0.0,0.0,0.0,0.0,0.0,0.0,0.0,0.0,0.0,0.0,0.5454545454545454,0.0,2.3854545454545453,0.98,3.44,2.46,1.1628051008141211,45.695907727272726,6.941,180.94788,174.00688,60.58148709257196,1.0545454545454545,0.6,1.95,1.35,0.5213420380720866,67.04545454545455,12.0,101.0,89.0,38.679895262534785,2.9090909090909087,2.0,6.0,4.0,1.6762808104168887,9.818181818181818,1.0,16.0,15.0,6.853243184708997,1.0433617685454544,0.32885923,1.461112979,1.132253749,0.4635693907499046,0.43890909090909086,0.0,1.172,1.172,0.4897794410001774,1.1102230246251565e-16,-2.0,5.0,7.0,2.4308621740219887
Li0.33La0.56Ti0.96Al0.04O2.96F0.04,-2.562249437,901,train,373.0,6,1.1322017042819161,0.6053169734151329,0.0081799591002045,0.6134969325153374,0.0,0.0,0.0,0.0,0.06748466257668713,0.0,0.114519427402863,0.0,0.0,0.0,0.0,0.0,0.0,0.0,0.0,0.0,0.0,0.0,0.0,0.0,0.19631901840490798,0.0,0.0,0.0081799591002045,0.0,0.0,0.0,0.0,0.0,0.0,0.0,0.0,0.0,0.0,0.0,0.0,0.0,0.0,0.0,0.0,0.0,0.0,0.0,0.0,0.0,0.0,0.0,0.0,0.0,0.0,0.0,0.0,0.6053169734151329,0.0081799591002045,2.6224539877300614,0.98,3.98,3.0,1.051457120430372,35.83381081226994,6.941,138.90547,131.96447,39.27446434111007,0.9735173824130878,0.5,1.95,1.45,0.4971278450043095,77.22699386503068,12.0,102.0,90.0,31.517314476681676,2.8588957055214723,2.0,6.0,4.0,1.3740687894724983,11.12678936605317,1.0,17.0,16.0,6.2563079103681245,1.0361882874028627,0.075545,3.401189824,3.325644824,0.6141923479277984,0.36947239263803683,0.0,1.172,1.172,0.471142184661512,0.002044989775051187,-2.0,4.0,6.0,2.5965991424092354
Li0.1Na0.1La0.6TiO3,-2.559090918,902,train,457.0,5,1.041777486008444,0.625,0.020833333333333336,0.625,0.0,0.0,0.020833333333333336,0.0,0.020833333333333336,0.0,0.125,0.0,0.0,0.0,0.0,0.0,0.0,0.0,0.0,0.0,0.0,0.0,0.0,0.0,0.20833333333333334,0.0,0.0,0.0,0.0,0.0,0.0,0.0,0.0,0.0,0.0,0.0,0.0,0.0,0.0,0.0,0.0,0.0,0.0,0.0,0.0,0.0,0.0,0.0,0.0,0.0,0.0,0.0,0.0,0.0,0.0,0.0,0.625,0.0,2.648125,0.93,3.44,2.51,1.03285739627582,37.95865811,6.941,138.90547,131.96447,40.253296610418374,0.9781249999999999,0.6,1.95,1.35,0.5130491214705144,78.35416666666667,11.0,101.0,90.0,30.327716684669085,2.9375,2.0,6.0,4.0,1.4054395812935776,11.25,1.0,16.0,15.0,6.15934249737746,1.0229185841666666,0.075545,1.461112979,1.385567979,0.5849601582746207,0.3668472222222222,0.0,1.172,1.172,0.48284691020652465,0.0,-2.0,4.0,6.0,2.6457513110645907
Li6P(S4.4Se0.6)Br,-2.55595520408192,903,train,298.0,5,1.2600938635249763,0.46153846153846156,0.04615384615384615,0.46153846153846156,0.0,0.0,0.0,0.0,0.46153846153846156,0.0,0.0,0.0,0.0,0.0,0.0,0.0,0.0,0.0,0.0,0.0,0.0,0.0,0.0,0.0,0.0,0.0,0.0,0.0,0.0,0.0,0.0,0.0,0.0,0.0,0.0,0.0,0.0,0.0,0.0,0.0,0.0,0.0,0.0,0.0,0.0,0.0,0.07692307692307693,0.0,0.0,0.0,0.04615384615384615,0.3384615384615385,0.0,0.07692307692307693,0.0,0.0,0.0,0.0,1.8393846153846154,0.98,2.96,1.98,0.8098620526847139,26.229674,6.941,79.904,72.963,23.12819492861981,1.2261538461538464,1.0,1.45,0.44999999999999996,0.2123327744381251,56.10769230769231,12.0,98.0,86.0,40.866432746739555,2.6615384615384614,2.0,4.0,2.0,0.6856086140048367,9.076923076923077,1.0,17.0,16.0,7.488057553007973,1.3977011000923079,0.61804922,3.3635883,2.74553908,0.8857665523842972,0.6883076923076924,0.47,0.9,0.43000000000000005,0.1993031647498101,1.7051282051282053,1.0,2.5,1.5,0.6923076923076924
Li2OHCl,-2.552841969,904,train,468.0,4,1.3321790402101223,0.4,0.2,0.4,0.0,0.0,0.0,0.0,0.4,0.0,0.0,0.0,0.0,0.0,0.0,0.0,0.0,0.0,0.0,0.0,0.0,0.0,0.0,0.0,0.0,0.0,0.0,0.0,0.0,0.0,0.0,0.0,0.0,0.0,0.0,0.0,0.0,0.0,0.0,0.0,0.0,0.0,0.0,0.0,0.0,0.0,0.0,0.2,0.0,0.0,0.0,0.0,0.0,0.0,0.0,0.2,0.2,0.0,2.152,0.98,3.44,2.46,1.041583410006131,13.268468000000002,1.00794,35.453,34.445060000000005,12.083093139328854,0.95,0.25,1.45,1.2,0.4722287581247038,65.4,12.0,103.0,91.0,43.61926180026434,2.0,1.0,3.0,2.0,0.6324555320336759,7.200000000000001,1.0,17.0,16.0,7.6000000000000005,1.4128263777999999,0.61804922,3.61272528,2.9946760599999998,1.1435928714730907,0.42700000000000005,0.0,0.9,0.9,0.40511233010117087,0.6,-2.0,3.0,5.0,1.6248076809271923
Li0.5La0.5TiO3,-2.552841969,905,train,391.0,4,1.0888999753452238,0.6,0.1,0.6,0.0,0.0,0.0,0.0,0.1,0.0,0.1,0.0,0.0,0.0,0.0,0.0,0.0,0.0,0.0,0.0,0.0,0.0,0.0,0.0,0.2,0.0,0.0,0.0,0.0,0.0,0.0,0.0,0.0,0.0,0.0,0.0,0.0,0.0,0.0,0.0,0.0,0.0,0.0,0.0,0.0,0.0,0.0,0.0,0.0,0.0,0.0,0.0,0.0,0.0,0.0,0.0,0.6,0.0,2.58,0.98,3.44,2.46,1.0654201049351377,33.757687000000004,6.941,138.90547,131.96447,37.50396904486405,0.98,0.6,1.95,1.35,0.48795491595023405,75.3,12.0,101.0,89.0,33.0758219852508,2.8,2.0,6.0,4.0,1.3266499161421599,10.8,1.0,16.0,15.0,6.4156059729381765,1.0093363294,0.075545,1.461112979,1.385567979,0.5766944826746587,0.37753333333333333,0.0,1.172,1.172,0.4699938344749263,1.1102230246251565e-16,-2.0,4.0,6.0,2.569046515733026
((Li2S)0.6(SiS2)0.4)95(Li4SiO4)5,-2.522878745,906,train,394.0,4,1.1676586614519853,0.40606060606060607,0.06060606060606061,0.4636363636363636,0.0,0.0,0.0,0.0,0.40606060606060607,0.0,0.0,0.0,0.0,0.0,0.0,0.0,0.0,0.0,0.0,0.0,0.0,0.0,0.0,0.0,0.0,0.0,0.0,0.0,0.0,0.0,0.0,0.0,0.0,0.0,0.0,0.0,0.1303030303030303,0.0,0.0,0.0,0.0,0.0,0.0,0.0,0.0,0.0,0.0,0.0,0.0,0.0,0.0,0.403030303030303,0.0,0.0,0.0,0.0,0.06060606060606061,0.0,1.8938181818181818,0.98,3.44,2.46,0.8208203381667692,20.370919696969697,6.941,32.065,25.124,11.71607246967225,1.1715151515151514,0.6,1.45,0.85,0.2526060678764612,59.95454545454545,12.0,101.0,89.0,39.80933034313873,2.5333333333333337,2.0,3.0,1.0,0.49888765156985887,9.648484848484848,1.0,16.0,15.0,7.1793526006821775,1.3577125353939394,0.61804922,2.07710426,1.45905504,0.6568975208990835,0.6252424242424243,0.0,0.9,0.9,0.25496423163319376,1.2924242424242425,-2.0,2.5,4.5,1.2235455937636184
Li4SnS4,-2.522878745,907,train,373.0,3,0.9649629230074277,0.4444444444444444,0.1111111111111111,0.4444444444444444,0.0,0.0,0.0,0.0,0.4444444444444444,0.0,0.0,0.0,0.0,0.0,0.0,0.0,0.0,0.0,0.0,0.0,0.0,0.0,0.0,0.0,0.0,0.0,0.0,0.0,0.0,0.0,0.0,0.0,0.0,0.0,0.0,0.0,0.0,0.0,0.0,0.1111111111111111,0.0,0.0,0.0,0.0,0.0,0.0,0.0,0.0,0.0,0.0,0.0,0.4444444444444444,0.0,0.0,0.0,0.0,0.0,0.0,1.8,0.98,2.58,1.6,0.7563655788630845,30.525999999999996,6.941,118.71,111.76899999999999,33.351496451517065,1.25,1.0,1.45,0.44999999999999996,0.22360679774997894,56.333333333333336,12.0,94.0,82.0,39.78832883033806,2.7777777777777777,2.0,5.0,3.0,0.9162456945817024,9.11111111111111,1.0,16.0,15.0,7.279261935181866,1.3214093466666665,0.61804922,2.07710426,1.45905504,0.6917758112774224,0.701111111111111,0.47,0.9,0.43000000000000005,0.20776292282013514,1.6296296296296298,0.6666666666666666,2.5,1.8333333333333335,0.7848007444598922
Li6P(S4.3Se0.7)Br,-2.52143350440616,908,train,298.0,5,1.2747240534446798,0.46153846153846156,0.05384615384615384,0.4615384615384615,0.0,0.0,0.0,0.0,0.46153846153846156,0.0,0.0,0.0,0.0,0.0,0.0,0.0,0.0,0.0,0.0,0.0,0.0,0.0,0.0,0.0,0.0,0.0,0.0,0.0,0.0,0.0,0.0,0.0,0.0,0.0,0.0,0.0,0.0,0.0,0.0,0.0,0.0,0.0,0.0,0.0,0.0,0.0,0.07692307692307693,0.0,0.0,0.0,0.05384615384615384,0.33076923076923076,0.0,0.07692307692307693,0.0,0.0,0.0,0.0,1.8391538461538461,0.98,2.96,1.98,0.8096552301541542,26.590404769230773,6.941,79.904,72.963,23.577737522180257,1.2273076923076924,1.0,1.45,0.44999999999999996,0.2115066409633457,56.1,12.0,98.0,86.0,40.85939304492909,2.6692307692307695,2.0,4.0,2.0,0.6949096403734976,9.076923076923077,1.0,17.0,16.0,7.488057553007973,1.3972664881846155,0.61804922,3.3635883,2.74553908,0.8854468919165929,0.6893076923076923,0.47,0.9,0.43000000000000005,0.1985299375275038,1.705128205128205,1.0,2.5,1.5,0.6923076923076923
Li3O(Cl0.5Br0.5),-2.521433504,909,train,526.0,4,1.0888999753452238,0.6,0.1,0.4,0.0,0.0,0.0,0.0,0.6,0.0,0.0,0.0,0.0,0.0,0.0,0.0,0.0,0.0,0.0,0.0,0.0,0.0,0.0,0.0,0.0,0.0,0.0,0.0,0.0,0.0,0.0,0.0,0.0,0.0,0.0,0.0,0.0,0.0,0.0,0.0,0.0,0.0,0.0,0.0,0.0,0.0,0.0,0.0,0.0,0.0,0.0,0.0,0.0,0.1,0.0,0.1,0.2,0.0,1.8880000000000003,0.98,3.44,2.46,1.119435572062993,18.90018,6.941,79.904,72.963,22.0690345765192,1.205,0.6,1.45,0.85,0.33723137457834496,47.10000000000001,12.0,101.0,89.0,42.996395197737215,2.3,2.0,4.0,2.0,0.6403124237432849,7.2,1.0,17.0,16.0,7.6000000000000005,1.3606834857999999,0.61804922,3.61272528,2.9946760599999998,1.1141151655111665,0.6305000000000001,0.0,0.9,0.9,0.363568769285812,0.7000000000000001,-2.0,3.0,5.0,1.4866068747318506
Li1.4S2.2P0.6,-2.500312917,910,train,318.0,3,0.9829007277151565,0.5238095238095238,0.14285714285714285,0.5238095238095238,0.0,0.0,0.0,0.0,0.3333333333333333,0.0,0.0,0.0,0.0,0.0,0.0,0.0,0.0,0.0,0.0,0.0,0.0,0.0,0.0,0.0,0.0,0.0,0.0,0.0,0.0,0.0,0.0,0.0,0.0,0.0,0.0,0.0,0.0,0.0,0.0,0.0,0.0,0.0,0.0,0.0,0.0,0.0,0.14285714285714285,0.0,0.0,0.0,0.0,0.5238095238095238,0.0,0.0,0.0,0.0,0.0,0.0,1.9909523809523808,0.98,2.58,1.6,0.7266944387128856,23.53444219047619,6.941,32.065,25.124,11.739029905859121,1.15,1.0,1.45,0.44999999999999996,0.21213203435596423,66.0952380952381,12.0,94.0,82.0,38.27457786387195,2.666666666666667,2.0,3.0,1.0,0.4714045207910317,10.857142857142858,1.0,16.0,15.0,6.978099852468465,1.4006818442857143,0.61804922,2.07710426,1.45905504,0.710601700997476,0.6247619047619047,0.47,0.9,0.43000000000000005,0.19645959350992806,1.880952380952381,1.0,2.5,1.5,0.6826319612776881
Li0.8La0.066Zr2(PO4)3,-2.498940738,911,train,498.81,5,0.9718336672224561,0.6716668532407926,0.0036941676928243595,0.6716668532407926,0.0,0.0,0.0,0.0,0.04477779021605284,0.0,0.0036941676928243595,0.0,0.0,0.0,0.0,0.0,0.0,0.0,0.0,0.0,0.0,0.1119444755401321,0.0,0.0,0.0,0.0,0.0,0.0,0.0,0.0,0.0,0.0,0.0,0.0,0.0,0.0,0.0,0.0,0.0,0.0,0.0,0.0,0.0,0.0,0.0,0.0,0.16791671331019814,0.0,0.0,0.0,0.0,0.0,0.0,0.0,0.0,0.0,0.6716668532407926,0.0,2.875103548639875,0.98,3.44,2.46,0.8560694616854632,26.983244543826267,6.941,138.90547,131.96447,24.69716723089003,0.8165621851561627,0.6,1.95,1.35,0.3465284365189378,89.0953766931602,12.0,101.0,89.0,23.517279515417428,2.5185268107018923,2.0,6.0,4.0,0.9826767641701422,13.769058546960709,1.0,16.0,15.0,4.691496409771552,1.184988162050823,0.433289,1.461112979,1.0278239789999999,0.403214563591039,0.23325601701556034,0.0,1.172,1.172,0.34716686207504965,-0.5598343221762007,-2.0,4.0,6.0,2.169982757424773
Li7P3S11,-2.494850022,912,train,297.85,3,0.9829007277151565,0.5238095238095238,0.14285714285714285,0.5238095238095238,0.0,0.0,0.0,0.0,0.3333333333333333,0.0,0.0,0.0,0.0,0.0,0.0,0.0,0.0,0.0,0.0,0.0,0.0,0.0,0.0,0.0,0.0,0.0,0.0,0.0,0.0,0.0,0.0,0.0,0.0,0.0,0.0,0.0,0.0,0.0,0.0,0.0,0.0,0.0,0.0,0.0,0.0,0.0,0.14285714285714285,0.0,0.0,0.0,0.0,0.5238095238095238,0.0,0.0,0.0,0.0,0.0,0.0,1.9909523809523808,0.98,2.58,1.6,0.7266944387128856,23.53444219047619,6.941,32.065,25.124,11.739029905859121,1.15,1.0,1.45,0.44999999999999996,0.21213203435596423,66.0952380952381,12.0,94.0,82.0,38.27457786387195,2.666666666666667,2.0,3.0,1.0,0.4714045207910317,10.857142857142858,1.0,16.0,15.0,6.978099852468465,1.4006818442857143,0.61804922,2.07710426,1.45905504,0.710601700997476,0.6247619047619047,0.47,0.9,0.43000000000000005,0.19645959350992806,1.880952380952381,1.0,2.5,1.5,0.6826319612776881
(Li2S)0.7(P2S5)0.3,-2.494850022,913,test,298.0,3,0.9829007277151565,0.5238095238095238,0.14285714285714285,0.5238095238095238,0.0,0.0,0.0,0.0,0.3333333333333333,0.0,0.0,0.0,0.0,0.0,0.0,0.0,0.0,0.0,0.0,0.0,0.0,0.0,0.0,0.0,0.0,0.0,0.0,0.0,0.0,0.0,0.0,0.0,0.0,0.0,0.0,0.0,0.0,0.0,0.0,0.0,0.0,0.0,0.0,0.0,0.0,0.0,0.14285714285714285,0.0,0.0,0.0,0.0,0.5238095238095238,0.0,0.0,0.0,0.0,0.0,0.0,1.9909523809523808,0.98,2.58,1.6,0.7266944387128856,23.53444219047619,6.941,32.065,25.124,11.739029905859121,1.15,1.0,1.45,0.44999999999999996,0.21213203435596423,66.0952380952381,12.0,94.0,82.0,38.27457786387195,2.666666666666667,2.0,3.0,1.0,0.4714045207910317,10.857142857142858,1.0,16.0,15.0,6.978099852468465,1.4006818442857143,0.61804922,2.07710426,1.45905504,0.710601700997476,0.6247619047619047,0.47,0.9,0.43000000000000005,0.19645959350992806,1.880952380952381,1.0,2.5,1.5,0.6826319612776881
LiSr2Ti2TaO9,-2.494850022,914,train,633.0,5,1.2048762065511598,0.6,0.06666666666666667,0.6,0.0,0.0,0.0,0.13333333333333333,0.06666666666666667,0.0,0.0,0.0,0.0,0.0,0.0,0.0,0.0,0.0,0.0,0.0,0.0,0.0,0.0,0.06666666666666667,0.13333333333333333,0.0,0.0,0.0,0.0,0.0,0.0,0.0,0.0,0.0,0.0,0.0,0.0,0.0,0.0,0.0,0.0,0.0,0.0,0.0,0.0,0.0,0.0,0.0,0.0,0.0,0.0,0.0,0.0,0.0,0.0,0.0,0.6,0.0,2.5613333333333337,0.95,3.44,2.49,1.0910109481067956,40.19049866666667,6.941,180.94788,174.00688,45.31521112724687,1.006666666666667,0.6,2.0,1.4,0.5268986830712544,73.66666666666667,12.0,101.0,89.0,35.5033644728058,2.9333333333333336,2.0,6.0,4.0,1.3888444437333107,10.800000000000002,1.0,16.0,15.0,6.431174076325411,0.9568098174,0.052066,1.461112979,1.409046979,0.631841430465259,0.4042222222222223,0.0,1.32,1.32,0.5142592179143478,-1.1102230246251568e-16,-2.0,5.0,7.0,2.6076809620810595
Li7P3S11,-2.494850022,915,train,298.0,3,0.9829007277151565,0.5238095238095238,0.14285714285714285,0.5238095238095238,0.0,0.0,0.0,0.0,0.3333333333333333,0.0,0.0,0.0,0.0,0.0,0.0,0.0,0.0,0.0,0.0,0.0,0.0,0.0,0.0,0.0,0.0,0.0,0.0,0.0,0.0,0.0,0.0,0.0,0.0,0.0,0.0,0.0,0.0,0.0,0.0,0.0,0.0,0.0,0.0,0.0,0.0,0.0,0.14285714285714285,0.0,0.0,0.0,0.0,0.5238095238095238,0.0,0.0,0.0,0.0,0.0,0.0,1.9909523809523808,0.98,2.58,1.6,0.7266944387128856,23.53444219047619,6.941,32.065,25.124,11.739029905859121,1.15,1.0,1.45,0.44999999999999996,0.21213203435596423,66.0952380952381,12.0,94.0,82.0,38.27457786387195,2.666666666666667,2.0,3.0,1.0,0.4714045207910317,10.857142857142858,1.0,16.0,15.0,6.978099852468465,1.4006818442857143,0.61804922,2.07710426,1.45905504,0.710601700997476,0.6247619047619047,0.47,0.9,0.43000000000000005,0.19645959350992806,1.880952380952381,1.0,2.5,1.5,0.6826319612776881
Li6P(S4.9Se0.1)Br,-2.49485002168009,916,train,298.0,5,1.1566762181430619,0.46153846153846156,0.007692307692307693,0.46153846153846156,0.0,0.0,0.0,0.0,0.46153846153846156,0.0,0.0,0.0,0.0,0.0,0.0,0.0,0.0,0.0,0.0,0.0,0.0,0.0,0.0,0.0,0.0,0.0,0.0,0.0,0.0,0.0,0.0,0.0,0.0,0.0,0.0,0.0,0.0,0.0,0.0,0.0,0.0,0.0,0.0,0.0,0.0,0.0,0.07692307692307693,0.0,0.0,0.0,0.007692307692307693,0.37692307692307697,0.0,0.07692307692307693,0.0,0.0,0.0,0.0,1.8405384615384615,0.98,2.96,1.98,0.8108943889676211,24.426020153846157,6.941,79.904,72.963,20.640447426768198,1.2203846153846156,1.0,1.45,0.44999999999999996,0.21632384500364207,56.14615384615385,12.0,98.0,86.0,40.9015913812017,2.6230769230769235,2.0,4.0,2.0,0.6356751058808945,9.076923076923077,1.0,17.0,16.0,7.488057553007973,1.3998741596307693,0.61804922,3.3635883,2.74553908,0.8873599344614916,0.6833076923076923,0.47,0.9,0.43000000000000005,0.20305129500292993,1.7051282051282053,1.0,2.5,1.5,0.6923076923076924
Li1.4Al0.4Ti1.6(PO4)3,-2.48148606012211,917,train,298.0,5,1.0660861369642038,0.6521739130434783,0.02173913043478261,0.6521739130434783,0.0,0.0,0.0,0.0,0.07608695652173914,0.0,0.0,0.0,0.0,0.0,0.0,0.0,0.0,0.0,0.0,0.0,0.0,0.0,0.0,0.0,0.08695652173913045,0.0,0.0,0.02173913043478261,0.0,0.0,0.0,0.0,0.0,0.0,0.0,0.0,0.0,0.0,0.0,0.0,0.0,0.0,0.0,0.0,0.0,0.0,0.16304347826086957,0.0,0.0,0.0,0.0,0.0,0.0,0.0,0.0,0.0,0.6521739130434783,0.0,2.8440217391304348,0.98,3.44,2.46,0.8641344749700466,20.761483773913046,6.941,47.867,40.925999999999995,10.538282466717746,0.8135869565217391,0.6,1.45,0.85,0.31666599301822024,87.63043478260872,12.0,101.0,89.0,25.89683436726865,2.3586956521739135,2.0,4.0,2.0,0.6355675611323356,13.58695652173913,1.0,16.0,15.0,4.917033777799649,1.137633586195652,0.075545,1.461112979,1.385567979,0.4718067951306447,0.2468840579710145,0.0,0.9,0.9,0.35068068879629516,-0.5434782608695652,-2.0,4.0,6.0,2.1045828710510817
Li6PS5Cl0.5Br0.5,-2.47755576649368,918,test,298.0,5,1.1722878807708532,0.46153846153846156,0.038461538461538464,0.46153846153846156,0.0,0.0,0.0,0.0,0.46153846153846156,0.0,0.0,0.0,0.0,0.0,0.0,0.0,0.0,0.0,0.0,0.0,0.0,0.0,0.0,0.0,0.0,0.0,0.0,0.0,0.0,0.0,0.0,0.0,0.0,0.0,0.0,0.0,0.0,0.0,0.0,0.0,0.0,0.0,0.0,0.0,0.0,0.0,0.07692307692307693,0.0,0.0,0.0,0.0,0.38461538461538464,0.0,0.038461538461538464,0.0,0.038461538461538464,0.0,0.0,1.8484615384615384,0.98,3.16,2.18,0.8225461984111957,22.35563553846154,6.941,79.904,72.963,16.900101118636552,1.2134615384615386,1.0,1.45,0.44999999999999996,0.22081914471928427,56.19230769230769,12.0,99.0,87.0,40.94839081159566,2.5769230769230775,2.0,4.0,2.0,0.5665738408713937,9.076923076923077,1.0,17.0,16.0,7.488057553007974,1.4098909630769232,0.61804922,3.61272528,2.9946760599999998,0.9098857479886695,0.6732692307692308,0.33499999999999996,0.9,0.5650000000000001,0.21353680239324407,1.7435897435897436,1.0,3.0,2.0,0.7341352975497645
Li1.2Al0.2Ti1.8(PO4)3,-2.47108329972235,919,train,298.0,5,1.0294638497997786,0.6593406593406593,0.01098901098901099,0.6593406593406593,0.0,0.0,0.0,0.0,0.06593406593406594,0.0,0.0,0.0,0.0,0.0,0.0,0.0,0.0,0.0,0.0,0.0,0.0,0.0,0.0,0.0,0.09890109890109891,0.0,0.0,0.01098901098901099,0.0,0.0,0.0,0.0,0.0,0.0,0.0,0.0,0.0,0.0,0.0,0.0,0.0,0.0,0.0,0.0,0.0,0.0,0.16483516483516483,0.0,0.0,0.0,0.0,0.0,0.0,0.0,0.0,0.0,0.6593406593406593,0.0,2.8637362637362638,0.98,3.44,2.46,0.8475350793111536,21.142867786813184,6.941,47.867,40.925999999999995,10.84803847134832,0.8082417582417583,0.6,1.45,0.85,0.31398394795742435,88.14285714285714,12.0,101.0,89.0,25.079903705132377,2.3736263736263736,2.0,4.0,2.0,0.6571391818780683,13.626373626373626,1.0,16.0,15.0,4.868937992938978,1.1394170407692308,0.075545,1.461112979,1.385567979,0.4785553550868857,0.2416483516483517,0.0,0.9,0.9,0.348738743916233,-0.5494505494505493,-2.0,4.0,6.0,2.1308671793894924
Li6P(S4.2Se0.8)Br,-2.45842075605342,920,train,298.0,5,1.2880726666513738,0.46153846153846156,0.06153846153846154,0.46153846153846156,0.0,0.0,0.0,0.0,0.46153846153846156,0.0,0.0,0.0,0.0,0.0,0.0,0.0,0.0,0.0,0.0,0.0,0.0,0.0,0.0,0.0,0.0,0.0,0.0,0.0,0.0,0.0,0.0,0.0,0.0,0.0,0.0,0.0,0.0,0.0,0.0,0.0,0.0,0.0,0.0,0.0,0.0,0.0,0.07692307692307693,0.0,0.0,0.0,0.06153846153846154,0.3230769230769231,0.0,0.07692307692307693,0.0,0.0,0.0,0.0,1.8389230769230769,0.98,2.96,1.98,0.8094482889872452,26.95113553846154,6.941,79.904,72.963,24.01344955015166,1.2284615384615385,1.0,1.45,0.44999999999999996,0.21067094844973297,56.09230769230769,12.0,98.0,86.0,40.85235068160727,2.676923076923077,2.0,4.0,2.0,0.7040037654552339,9.076923076923077,1.0,17.0,16.0,7.488057553007973,1.3968318762769232,0.61804922,3.3635883,2.74553908,0.8851269026030811,0.6903076923076924,0.47,0.9,0.43000000000000005,0.1977486301091848,1.7051282051282053,1.0,2.5,1.5,0.6923076923076924
Li4Al0.33Si0.17Ge0.17P0.33O4,-2.452225295,921,train,488.0,6,1.1132054406119944,0.4444444444444445,0.018888888888888893,0.4444444444444445,0.0,0.0,0.0,0.0,0.4444444444444445,0.0,0.0,0.0,0.0,0.0,0.0,0.0,0.0,0.0,0.0,0.0,0.0,0.0,0.0,0.0,0.0,0.0,0.0,0.036666666666666674,0.0,0.0,0.0,0.0,0.0,0.0,0.0,0.0,0.018888888888888893,0.0,0.0,0.0,0.018888888888888893,0.0,0.0,0.0,0.0,0.0,0.036666666666666674,0.0,0.0,0.0,0.0,0.0,0.0,0.0,0.0,0.0,0.4444444444444445,0.0,2.177633333333334,0.98,3.44,2.46,1.1659922140963608,14.223353799777783,6.941,72.64,65.699,10.45543743909828,1.0380000000000003,0.6,1.45,0.85,0.4041388650231777,59.64777777777778,12.0,101.0,89.0,42.91082931894356,2.1300000000000003,2.0,4.0,2.0,0.3884298878533652,9.111111111111114,1.0,16.0,15.0,7.284297334288393,1.0168487733455558,0.432835,1.461112979,1.0282779789999998,0.4208232501702526,0.4696611111111112,0.0,0.9,0.9,0.4288631245499728,-0.2607407407407408,-2.0,3.0,5.0,1.6107400168619515
La0.56Li0.36Ti0.95Al0.05O3,-2.450996738,922,train,352.36,5,1.1045221857470429,0.6097560975609756,0.010162601626016262,0.6097560975609756,0.0,0.0,0.0,0.0,0.07317073170731707,0.0,0.11382113821138212,0.0,0.0,0.0,0.0,0.0,0.0,0.0,0.0,0.0,0.0,0.0,0.0,0.0,0.19308943089430894,0.0,0.0,0.010162601626016262,0.0,0.0,0.0,0.0,0.0,0.0,0.0,0.0,0.0,0.0,0.0,0.0,0.0,0.0,0.0,0.0,0.0,0.0,0.0,0.0,0.0,0.0,0.0,0.0,0.0,0.0,0.0,0.0,0.6097560975609756,0.0,2.6081910569105693,0.98,3.44,2.46,1.0512941019051276,35.59080287195122,6.941,138.90547,131.96447,39.22841288800495,0.976930894308943,0.6,1.95,1.35,0.4960835755430636,76.880081300813,12.0,101.0,89.0,31.801401155303594,2.8516260162601625,2.0,6.0,4.0,1.370544295166782,11.07520325203252,1.0,16.0,15.0,6.272312607523121,1.0185918756504064,0.075545,1.461112979,1.385567979,0.5749324122607882,0.37055962059620595,0.0,1.172,1.172,0.4722095158325964,-0.00203252032520318,-2.0,4.0,6.0,2.5918093185375106
Li3OCl,-2.450996738,923,train,526.44,3,0.9502705392332347,0.6,0.2,0.4,0.0,0.0,0.0,0.0,0.6,0.0,0.0,0.0,0.0,0.0,0.0,0.0,0.0,0.0,0.0,0.0,0.0,0.0,0.0,0.0,0.0,0.0,0.0,0.0,0.0,0.0,0.0,0.0,0.0,0.0,0.0,0.0,0.0,0.0,0.0,0.0,0.0,0.0,0.0,0.0,0.0,0.0,0.0,0.0,0.0,0.0,0.0,0.0,0.0,0.0,0.0,0.2,0.2,0.0,1.9080000000000004,0.98,3.44,2.46,1.1400070175222607,14.455080000000002,6.941,35.453,28.512000000000004,11.069613934803689,1.19,0.6,1.45,0.85,0.3426368339802363,47.2,12.0,101.0,89.0,43.115658408517895,2.2,2.0,3.0,1.0,0.4,7.2,1.0,17.0,16.0,7.6000000000000005,1.3855971837999999,0.61804922,3.61272528,2.9946760599999998,1.160447484585899,0.607,0.0,0.9,0.9,0.3741603934143752,0.8000000000000002,-2.0,3.0,5.0,1.6
Li3.25Sn0.25P0.75S4,-2.44369749923271,924,train,298.0,4,1.0419136805925164,0.48484848484848486,0.030303030303030304,0.48484848484848486,0.0,0.0,0.0,0.0,0.3939393939393939,0.0,0.0,0.0,0.0,0.0,0.0,0.0,0.0,0.0,0.0,0.0,0.0,0.0,0.0,0.0,0.0,0.0,0.0,0.0,0.0,0.0,0.0,0.0,0.0,0.0,0.0,0.0,0.0,0.0,0.0,0.030303030303030304,0.0,0.0,0.0,0.0,0.0,0.0,0.09090909090909091,0.0,0.0,0.0,0.0,0.48484848484848486,0.0,0.0,0.0,0.0,0.0,0.0,1.8954545454545455,0.98,2.58,1.6,0.751903003532878,24.694069272727273,6.941,118.71,111.76899999999999,20.54102905360286,1.190909090909091,1.0,1.45,0.44999999999999996,0.22240236041318304,61.0,12.0,94.0,82.0,39.559697887745514,2.6666666666666665,2.0,5.0,3.0,0.6356417261637283,9.93939393939394,1.0,16.0,15.0,7.219247815848264,1.3521274409090909,0.61804922,2.07710426,1.45905504,0.7086557459103987,0.6575757575757576,0.47,0.9,0.43000000000000005,0.20533830626155822,1.7777777777777777,0.6666666666666666,2.5,1.8333333333333335,0.7278336781677504
Li6P(S4Se)Br,-2.44249279809434,925,train,298.0,5,1.3114313374732376,0.46153846153846156,0.07692307692307693,0.46153846153846156,0.0,0.0,0.0,0.0,0.46153846153846156,0.0,0.0,0.0,0.0,0.0,0.0,0.0,0.0,0.0,0.0,0.0,0.0,0.0,0.0,0.0,0.0,0.0,0.0,0.0,0.0,0.0,0.0,0.0,0.0,0.0,0.0,0.0,0.0,0.0,0.0,0.0,0.0,0.0,0.0,0.0,0.0,0.0,0.07692307692307693,0.0,0.0,0.0,0.07692307692307693,0.3076923076923077,0.0,0.07692307692307693,0.0,0.0,0.0,0.0,1.8384615384615384,0.98,2.96,1.98,0.809034050380178,27.67259707692308,6.941,79.904,72.963,24.846269426941422,1.2307692307692308,1.0,1.45,0.44999999999999996,0.2089704262647096,56.07692307692307,12.0,98.0,86.0,40.83825796492142,2.6923076923076925,2.0,4.0,2.0,0.7216024245882199,9.076923076923077,1.0,17.0,16.0,7.488057553007973,1.3959626524615385,0.61804922,3.3635883,2.74553908,0.8844859360106309,0.6923076923076924,0.47,0.9,0.43000000000000005,0.19616138748700881,1.705128205128205,1.0,2.5,1.5,0.6923076923076923
Li6P(S4.7Se0.3)Br,-2.44129142946683,926,train,298.0,5,1.2062640678433976,0.46153846153846145,0.02307692307692307,0.46153846153846145,0.0,0.0,0.0,0.0,0.46153846153846145,0.0,0.0,0.0,0.0,0.0,0.0,0.0,0.0,0.0,0.0,0.0,0.0,0.0,0.0,0.0,0.0,0.0,0.0,0.0,0.0,0.0,0.0,0.0,0.0,0.0,0.0,0.0,0.0,0.0,0.0,0.0,0.0,0.0,0.0,0.0,0.0,0.0,0.07692307692307691,0.0,0.0,0.0,0.02307692307692307,0.3615384615384615,0.0,0.07692307692307691,0.0,0.0,0.0,0.0,1.8400769230769232,0.98,2.96,1.98,0.8104818093662618,25.147481692307693,6.941,79.904,72.963,21.687852876115286,1.2226923076923077,1.0,1.45,0.44999999999999996,0.21475491742033057,56.13076923076924,12.0,98.0,86.0,40.8875358968473,2.6384615384615384,2.0,4.0,2.0,0.6563751993843643,9.076923076923077,1.0,17.0,16.0,7.488057553007973,1.3990049358153844,0.61804922,3.3635883,2.74553908,0.8867235642671674,0.6853076923076922,0.47,0.9,0.43000000000000005,0.20157529023453272,1.7051282051282055,1.0,2.5,1.5,0.6923076923076923
Li6P(S4.6Se0.4)Br,-2.43889861635094,927,train,298.0,5,1.226187856023391,0.46153846153846156,0.03076923076923077,0.4615384615384615,0.0,0.0,0.0,0.0,0.46153846153846156,0.0,0.0,0.0,0.0,0.0,0.0,0.0,0.0,0.0,0.0,0.0,0.0,0.0,0.0,0.0,0.0,0.0,0.0,0.0,0.0,0.0,0.0,0.0,0.0,0.0,0.0,0.0,0.0,0.0,0.0,0.0,0.0,0.0,0.0,0.0,0.0,0.0,0.07692307692307693,0.0,0.0,0.0,0.03076923076923077,0.3538461538461538,0.0,0.07692307692307693,0.0,0.0,0.0,0.0,1.8398461538461537,0.98,2.96,1.98,0.8102753422001159,25.508212461538463,6.941,79.904,72.963,22.18422927468594,1.223846153846154,1.0,1.45,0.44999999999999996,0.21395680590460167,56.123076923076916,12.0,98.0,86.0,40.88050417132567,2.646153846153846,2.0,4.0,2.0,0.6663510100833143,9.076923076923077,1.0,17.0,16.0,7.488057553007973,1.3985703239076923,0.61804922,3.3635883,2.74553908,0.8864048882050016,0.6863076923076923,0.47,0.9,0.43000000000000005,0.20082575095968325,1.705128205128205,1.0,2.5,1.5,0.6923076923076923
Li3.3Sn0.3P0.7S4,-2.43770713554353,928,train,298.0,4,1.047067889696082,0.48192771084337344,0.03614457831325301,0.48192771084337344,0.0,0.0,0.0,0.0,0.3975903614457831,0.0,0.0,0.0,0.0,0.0,0.0,0.0,0.0,0.0,0.0,0.0,0.0,0.0,0.0,0.0,0.0,0.0,0.0,0.0,0.0,0.0,0.0,0.0,0.0,0.0,0.0,0.0,0.0,0.0,0.0,0.03614457831325301,0.0,0.0,0.0,0.0,0.0,0.0,0.08433734939759036,0.0,0.0,0.0,0.0,0.48192771084337344,0.0,0.0,0.0,0.0,0.0,0.0,1.88855421686747,0.98,2.58,1.6,0.752632540511261,25.115654626506025,6.941,118.71,111.76899999999999,21.77435177202868,1.1951807228915663,1.0,1.45,0.44999999999999996,0.22301527013352793,60.662650602409634,12.0,94.0,82.0,39.59471703486076,2.6746987951807233,2.0,5.0,3.0,0.6605662728613397,9.879518072289157,1.0,16.0,15.0,7.2267868351375055,1.3499068557831326,0.61804922,2.07710426,1.45905504,0.7074937385030592,0.6607228915662651,0.47,0.9,0.43000000000000005,0.2058235478497788,1.7670682730923697,0.6666666666666666,2.5,1.8333333333333335,0.733105002348666
Li4.8Si0.2Al0.8S4,-2.436518915,929,train,564.0,4,0.9993077502757272,0.489795918367347,0.020408163265306124,0.4081632653061225,0.0,0.0,0.0,0.0,0.489795918367347,0.0,0.0,0.0,0.0,0.0,0.0,0.0,0.0,0.0,0.0,0.0,0.0,0.0,0.0,0.0,0.0,0.0,0.0,0.0816326530612245,0.0,0.0,0.0,0.0,0.0,0.0,0.0,0.0,0.020408163265306124,0.0,0.0,0.0,0.0,0.0,0.0,0.0,0.0,0.0,0.0,0.0,0.0,0.0,0.0,0.4081632653061225,0.0,0.0,0.0,0.0,0.0,0.0,1.7032653061224488,0.98,2.58,1.6,0.7559488908193654,19.26317662040816,6.941,32.065,25.124,12.153713091152234,1.2428571428571429,1.0,1.45,0.44999999999999996,0.2133312074724011,52.51020408163265,12.0,94.0,82.0,39.870260232142435,2.5102040816326525,2.0,3.0,1.0,0.499895865874118,8.36734693877551,1.0,16.0,15.0,7.2638154856965995,1.2142066889795917,0.432835,2.07710426,1.64426926,0.7269510819283344,0.6987755102040816,0.47,0.9,0.43000000000000005,0.20434197679841154,1.7551020408163263,0.0,3.0,3.0,0.8337427843189998
Li3.335Sn0.33P0.67S4,-2.42829116819131,930,train,298.0,4,1.0493279199870094,0.4799040191961607,0.03959208158368326,0.4799040191961607,0.0,0.0,0.0,0.0,0.400119976004799,0.0,0.0,0.0,0.0,0.0,0.0,0.0,0.0,0.0,0.0,0.0,0.0,0.0,0.0,0.0,0.0,0.0,0.0,0.0,0.0,0.0,0.0,0.0,0.0,0.0,0.0,0.0,0.0,0.0,0.0,0.03959208158368326,0.0,0.0,0.0,0.0,0.0,0.0,0.08038392321535692,0.0,0.0,0.0,0.0,0.4799040191961607,0.0,0.0,0.0,0.0,0.0,0.0,1.8839112177564492,0.98,2.58,1.6,0.7531355367321337,25.35512364007199,6.941,118.71,111.76899999999999,22.469245954386963,1.197870425914817,1.0,1.45,0.44999999999999996,0.22335842542862933,60.433113377324545,12.0,94.0,82.0,39.62004070870942,2.679064187162568,2.0,5.0,3.0,0.674898886039908,9.838632273545292,1.0,16.0,15.0,7.232101671715644,1.3481490651949612,0.61804922,2.07710426,1.45905504,0.7068133641082954,0.6627354529094182,0.47,0.9,0.43000000000000005,0.20610875681763852,1.7602479504099182,0.6666666666666666,2.5,1.8333333333333335,0.73616058394929
Li1.076Al0.6923Ti1.462(PO4)3,-2.427128398,931,train,331.0,5,1.0658017286532213,0.6582447902667538,0.03797523902513947,0.6582447902667538,0.0,0.0,0.0,0.0,0.05902261619391892,0.0,0.0,0.0,0.0,0.0,0.0,0.0,0.0,0.0,0.0,0.0,0.0,0.0,0.0,0.0,0.08019615694749949,0.0,0.0,0.03797523902513947,0.0,0.0,0.0,0.0,0.0,0.0,0.0,0.0,0.0,0.0,0.0,0.0,0.0,0.0,0.0,0.0,0.0,0.0,0.16456119756668844,0.0,0.0,0.0,0.0,0.0,0.0,0.0,0.0,0.0,0.6582447902667538,0.0,2.8672354815883447,0.98,3.44,2.46,0.8384106072548806,20.901656866468464,6.941,47.867,40.925999999999995,10.184968160787532,0.8048345337158467,0.6,1.45,0.85,0.3072238996932194,89.12952611860473,12.0,101.0,89.0,23.74361746633291,2.362928750486827,2.0,4.0,2.0,0.6257825392673532,13.873819959079116,1.0,16.0,15.0,4.562239803698869,1.1436072088347422,0.075545,1.461112979,1.385567979,0.4682581398934465,0.23756269324512855,0.0,0.9,0.9,0.3415021010862207,-0.5484879568630248,-2.0,4.0,6.0,2.1149923967968896
Li0.5La0.5TiO3,-2.424812155,932,train,407.0,4,1.0888999753452238,0.6,0.1,0.6,0.0,0.0,0.0,0.0,0.1,0.0,0.1,0.0,0.0,0.0,0.0,0.0,0.0,0.0,0.0,0.0,0.0,0.0,0.0,0.0,0.2,0.0,0.0,0.0,0.0,0.0,0.0,0.0,0.0,0.0,0.0,0.0,0.0,0.0,0.0,0.0,0.0,0.0,0.0,0.0,0.0,0.0,0.0,0.0,0.0,0.0,0.0,0.0,0.0,0.0,0.0,0.0,0.6,0.0,2.58,0.98,3.44,2.46,1.0654201049351377,33.757687000000004,6.941,138.90547,131.96447,37.50396904486405,0.98,0.6,1.95,1.35,0.48795491595023405,75.3,12.0,101.0,89.0,33.0758219852508,2.8,2.0,6.0,4.0,1.3266499161421599,10.8,1.0,16.0,15.0,6.4156059729381765,1.0093363294,0.075545,1.461112979,1.385567979,0.5766944826746587,0.37753333333333333,0.0,1.172,1.172,0.4699938344749263,1.1102230246251565e-16,-2.0,4.0,6.0,2.569046515733026
Li6P(S4.1Se0.9)Br,-2.41793663708829,933,train,298.0,5,1.300274054116278,0.46153846153846156,0.06923076923076923,0.46153846153846156,0.0,0.0,0.0,0.0,0.46153846153846156,0.0,0.0,0.0,0.0,0.0,0.0,0.0,0.0,0.0,0.0,0.0,0.0,0.0,0.0,0.0,0.0,0.0,0.0,0.0,0.0,0.0,0.0,0.0,0.0,0.0,0.0,0.0,0.0,0.0,0.0,0.0,0.0,0.0,0.0,0.0,0.0,0.0,0.07692307692307693,0.0,0.0,0.0,0.06923076923076923,0.3153846153846154,0.0,0.07692307692307693,0.0,0.0,0.0,0.0,1.8386923076923076,0.98,2.96,1.98,0.8092412290929728,27.311866307692306,6.941,79.904,72.963,24.436070849356923,1.2296153846153848,1.0,1.45,0.44999999999999996,0.2098255826822101,56.08461538461538,12.0,98.0,86.0,40.84530565539742,2.684615384615385,2.0,4.0,2.0,0.7128989073290869,9.076923076923077,1.0,17.0,16.0,7.488057553007973,1.3963972643692308,0.61804922,3.3635883,2.74553908,0.8848065840869818,0.6913076923076924,0.47,0.9,0.43000000000000005,0.1969591463360963,1.705128205128205,1.0,2.5,1.5,0.6923076923076923
(YPO4)0.7(Li3PO4)0.3,-2.412289035,934,train,871.96,4,1.0990877521186821,0.6060606060606061,0.10606060606060606,0.6060606060606061,0.0,0.0,0.0,0.0,0.13636363636363635,0.0,0.0,0.0,0.0,0.0,0.0,0.0,0.10606060606060606,0.0,0.0,0.0,0.0,0.0,0.0,0.0,0.0,0.0,0.0,0.0,0.0,0.0,0.0,0.0,0.0,0.0,0.0,0.0,0.0,0.0,0.0,0.0,0.0,0.0,0.0,0.0,0.0,0.0,0.15151515151515152,0.0,0.0,0.0,0.0,0.0,0.0,0.0,0.0,0.0,0.6060606060606061,0.0,2.67969696969697,0.98,3.44,2.46,1.0032990576501737,24.765508636363634,6.941,88.90585,81.96485,23.066607186419095,0.9037878787878787,0.6,1.8,1.2000000000000002,0.42802493962850496,79.13636363636364,12.0,101.0,89.0,35.114913676875744,2.4696969696969697,2.0,5.0,3.0,0.9409810639529842,12.424242424242426,1.0,16.0,15.0,5.997627323949701,1.1159408884848485,0.3112922,1.461112979,1.149820779,0.4419840274416574,0.31636363636363635,0.0,1.04,1.04,0.41342118945429873,-0.505050505050505,-2.0,3.0,5.0,1.9185804448537376
Li3Cr(MoO4)3,-2.408935393,935,test,873.0,4,1.0280940565630372,0.631578947368421,0.05263157894736842,0.631578947368421,0.0,0.0,0.0,0.0,0.15789473684210525,0.0,0.0,0.0,0.0,0.0,0.0,0.0,0.0,0.0,0.0,0.0,0.0,0.0,0.0,0.0,0.0,0.0,0.0,0.0,0.0,0.0,0.05263157894736842,0.0,0.0,0.0,0.0,0.0,0.0,0.0,0.0,0.0,0.0,0.0,0.0,0.0,0.0,0.15789473684210525,0.0,0.0,0.0,0.0,0.0,0.0,0.0,0.0,0.0,0.0,0.631578947368421,0.0,2.75578947368421,0.98,3.44,2.46,0.9554184301819292,29.085889473684208,6.941,95.94,88.999,30.313760033060802,0.9105263157894736,0.6,1.45,0.85,0.406713059128145,77.52631578947367,12.0,101.0,89.0,33.48584684696165,2.5789473684210527,2.0,5.0,3.0,1.138595139620207,11.526315789473683,1.0,16.0,15.0,6.046908048987399,1.1739550356842103,0.61804922,1.461112979,0.843063759,0.37772887698189495,0.31394736842105264,0.0,0.94,0.94,0.4131253758573604,-0.07894736842105265,-2.0,5.0,7.0,2.773289695302678
Li6P(S4.8Se0.2)Br,-2.40671393297954,936,train,298.0,5,1.1835627698563085,0.46153846153846156,0.015384615384615385,0.4615384615384615,0.0,0.0,0.0,0.0,0.46153846153846156,0.0,0.0,0.0,0.0,0.0,0.0,0.0,0.0,0.0,0.0,0.0,0.0,0.0,0.0,0.0,0.0,0.0,0.0,0.0,0.0,0.0,0.0,0.0,0.0,0.0,0.0,0.0,0.0,0.0,0.0,0.0,0.0,0.0,0.0,0.0,0.0,0.0,0.07692307692307693,0.0,0.0,0.0,0.015384615384615385,0.3692307692307692,0.0,0.07692307692307693,0.0,0.0,0.0,0.0,1.8403076923076922,0.98,2.96,1.98,0.8106881582586664,24.786750923076923,6.941,79.904,72.963,21.17370168072819,1.2215384615384617,1.0,1.45,0.44999999999999996,0.21554389714773445,56.138461538461534,12.0,98.0,86.0,40.89456496634953,2.6307692307692303,2.0,4.0,2.0,0.6461538461538462,9.076923076923077,1.0,17.0,16.0,7.488057553007973,1.3994395477230768,0.61804922,3.3635883,2.74553908,0.887041912901863,0.6843076923076924,0.47,0.9,0.43000000000000005,0.20231711004695446,1.705128205128205,1.0,2.5,1.5,0.6923076923076922
La0.55Li0.361Ti0.995Al0.005O3,-2.402304814,937,train,338.0,5,1.0686242502851284,0.6108735491753208,0.001018122581958868,0.6108735491753208,0.0,0.0,0.0,0.0,0.07350845041743026,0.0,0.11199348401547549,0.0,0.0,0.0,0.0,0.0,0.0,0.0,0.0,0.0,0.0,0.0,0.0,0.0,0.2026063938098147,0.0,0.0,0.001018122581958868,0.0,0.0,0.0,0.0,0.0,0.0,0.0,0.0,0.0,0.0,0.0,0.0,0.0,0.0,0.0,0.0,0.0,0.0,0.0,0.0,0.0,0.0,0.0,0.0,0.0,0.0,0.0,0.0,0.6108735491753208,0.0,2.6102891468132765,0.98,3.44,2.46,1.0509394997303938,35.56597071736917,6.941,138.90547,131.96447,38.997719203281854,0.9764202810018328,0.6,1.95,1.35,0.4956046821050602,76.69049073508451,12.0,101.0,89.0,31.87681040703715,2.8542048462634906,2.0,6.0,4.0,1.3688219470364993,11.007126858073713,1.0,16.0,15.0,6.302539309121303,1.0161752322174709,0.075545,1.461112979,1.385567979,0.5794412584066069,0.37065431344600563,0.0,1.172,1.172,0.47266404388694927,0.0012217470983506562,-2.0,4.0,6.0,2.6030382084761428
La0.56Li0.36Ti0.95Al0.05O3,-2.400116928,938,train,373.0,5,1.1045221857470429,0.6097560975609756,0.010162601626016262,0.6097560975609756,0.0,0.0,0.0,0.0,0.07317073170731707,0.0,0.11382113821138212,0.0,0.0,0.0,0.0,0.0,0.0,0.0,0.0,0.0,0.0,0.0,0.0,0.0,0.19308943089430894,0.0,0.0,0.010162601626016262,0.0,0.0,0.0,0.0,0.0,0.0,0.0,0.0,0.0,0.0,0.0,0.0,0.0,0.0,0.0,0.0,0.0,0.0,0.0,0.0,0.0,0.0,0.0,0.0,0.0,0.0,0.0,0.0,0.6097560975609756,0.0,2.6081910569105693,0.98,3.44,2.46,1.0512941019051276,35.59080287195122,6.941,138.90547,131.96447,39.22841288800495,0.976930894308943,0.6,1.95,1.35,0.4960835755430636,76.880081300813,12.0,101.0,89.0,31.801401155303594,2.8516260162601625,2.0,6.0,4.0,1.370544295166782,11.07520325203252,1.0,16.0,15.0,6.272312607523121,1.0185918756504064,0.075545,1.461112979,1.385567979,0.5749324122607882,0.37055962059620595,0.0,1.172,1.172,0.4722095158325964,-0.00203252032520318,-2.0,4.0,6.0,2.5918093185375106
Li3O(Cl0.5Br0.5),-2.400116928,939,train,444.78,4,1.0888999753452238,0.6,0.1,0.4,0.0,0.0,0.0,0.0,0.6,0.0,0.0,0.0,0.0,0.0,0.0,0.0,0.0,0.0,0.0,0.0,0.0,0.0,0.0,0.0,0.0,0.0,0.0,0.0,0.0,0.0,0.0,0.0,0.0,0.0,0.0,0.0,0.0,0.0,0.0,0.0,0.0,0.0,0.0,0.0,0.0,0.0,0.0,0.0,0.0,0.0,0.0,0.0,0.0,0.1,0.0,0.1,0.2,0.0,1.8880000000000003,0.98,3.44,2.46,1.119435572062993,18.90018,6.941,79.904,72.963,22.0690345765192,1.205,0.6,1.45,0.85,0.33723137457834496,47.10000000000001,12.0,101.0,89.0,42.996395197737215,2.3,2.0,4.0,2.0,0.6403124237432849,7.2,1.0,17.0,16.0,7.6000000000000005,1.3606834857999999,0.61804922,3.61272528,2.9946760599999998,1.1141151655111665,0.6305000000000001,0.0,0.9,0.9,0.363568769285812,0.7000000000000001,-2.0,3.0,5.0,1.4866068747318506
Li4.8Al0.8Si0.2S4,-2.400116928,940,train,526.0,4,0.9993077502757272,0.48979591836734687,0.02040816326530612,0.4081632653061224,0.0,0.0,0.0,0.0,0.48979591836734687,0.0,0.0,0.0,0.0,0.0,0.0,0.0,0.0,0.0,0.0,0.0,0.0,0.0,0.0,0.0,0.0,0.0,0.0,0.08163265306122448,0.0,0.0,0.0,0.0,0.0,0.0,0.0,0.0,0.02040816326530612,0.0,0.0,0.0,0.0,0.0,0.0,0.0,0.0,0.0,0.0,0.0,0.0,0.0,0.0,0.4081632653061224,0.0,0.0,0.0,0.0,0.0,0.0,1.703265306122449,0.98,2.58,1.6,0.7559488908193652,19.26317662040816,6.941,32.065,25.124,12.153713091152234,1.2428571428571427,1.0,1.45,0.44999999999999996,0.2133312074724011,52.51020408163265,12.0,94.0,82.0,39.870260232142435,2.5102040816326525,2.0,3.0,1.0,0.499895865874118,8.36734693877551,1.0,16.0,15.0,7.2638154856965995,1.2142066889795917,0.432835,2.07710426,1.64426926,0.7269510819283344,0.6987755102040816,0.47,0.9,0.43000000000000005,0.20434197679841154,1.7551020408163263,0.0,3.0,3.0,0.8337427843189997
Li10SnP2S12,-2.397940009,941,test,298.0,4,1.0496348213275466,0.48,0.04,0.48,0.0,0.0,0.0,0.0,0.4,0.0,0.0,0.0,0.0,0.0,0.0,0.0,0.0,0.0,0.0,0.0,0.0,0.0,0.0,0.0,0.0,0.0,0.0,0.0,0.0,0.0,0.0,0.0,0.0,0.0,0.0,0.0,0.0,0.0,0.0,0.04,0.0,0.0,0.0,0.0,0.0,0.0,0.08,0.0,0.0,0.0,0.0,0.48,0.0,0.0,0.0,0.0,0.0,0.0,1.8840000000000001,0.98,2.58,1.6,0.7530790131188095,25.39390096,6.941,118.71,111.76899999999999,22.547108307459798,1.198,1.0,1.45,0.44999999999999996,0.2233741256278354,60.44,12.0,94.0,82.0,39.61623909459352,2.68,2.0,5.0,3.0,0.6764613810115105,9.84,1.0,16.0,15.0,7.2314867074482,1.3484412695999999,0.61804922,2.07710426,1.45905504,0.7067219448505723,0.6628,0.47,0.9,0.43000000000000005,0.20611686005758967,1.76,0.6666666666666666,2.5,1.8333333333333335,0.7364781055808788
LiAlSiO4,-2.397940009,942,train,773.0,4,1.15374194270109,0.5714285714285714,0.14285714285714285,0.5714285714285714,0.0,0.0,0.0,0.0,0.14285714285714285,0.0,0.0,0.0,0.0,0.0,0.0,0.0,0.0,0.0,0.0,0.0,0.0,0.0,0.0,0.0,0.0,0.0,0.0,0.14285714285714285,0.0,0.0,0.0,0.0,0.0,0.0,0.0,0.0,0.14285714285714285,0.0,0.0,0.0,0.0,0.0,0.0,0.0,0.0,0.0,0.0,0.0,0.0,0.0,0.0,0.0,0.0,0.0,0.0,0.0,0.5714285714285714,0.0,2.6071428571428568,0.98,3.44,2.46,0.9940209006959603,18.000805514285712,6.941,28.0855,21.1445,6.768587358117932,0.8857142857142856,0.6,1.45,0.85,0.3430059201012277,82.99999999999999,12.0,101.0,89.0,30.118812346154307,2.2857142857142856,2.0,3.0,1.0,0.45175395145262565,13.142857142857142,1.0,16.0,15.0,5.082984821330627,1.1835510594285714,0.432835,1.461112979,1.0282779789999998,0.4198559516289924,0.3021428571428571,0.0,0.9,0.9,0.3621745548257984,-0.5714285714285714,-2.0,3.0,5.0,1.8405855323893037
(Li2S)0.8(P2S5)0.2,-2.394694954,943,train,378.0,3,0.955131195451464,0.4736842105263158,0.10526315789473685,0.4736842105263158,0.0,0.0,0.0,0.0,0.4210526315789474,0.0,0.0,0.0,0.0,0.0,0.0,0.0,0.0,0.0,0.0,0.0,0.0,0.0,0.0,0.0,0.0,0.0,0.0,0.0,0.0,0.0,0.0,0.0,0.0,0.0,0.0,0.0,0.0,0.0,0.0,0.0,0.0,0.0,0.0,0.0,0.0,0.0,0.10526315789473685,0.0,0.0,0.0,0.0,0.4736842105263158,0.0,0.0,0.0,0.0,0.0,0.0,1.865263157894737,0.98,2.58,1.6,0.7635813707099532,21.371606526315787,6.941,32.065,25.124,12.31062868347955,1.1894736842105265,1.0,1.45,0.44999999999999996,0.22217758862321507,59.05263157894737,12.0,94.0,82.0,40.14378589154704,2.5789473684210527,2.0,3.0,1.0,0.49372797471825575,9.578947368421053,1.0,16.0,15.0,7.322034441714337,1.3227131747368421,0.61804922,2.07710426,1.45905504,0.7166499286841256,0.6594736842105263,0.47,0.9,0.43000000000000005,0.20646074392281805,1.7807017543859651,1.0,2.5,1.5,0.7092798249731069
((Li2S)0.6(SiS2)0.4)95(Li4SiO4)5,-2.388276692,944,train,357.0,4,1.1676586614519853,0.40606060606060607,0.06060606060606061,0.4636363636363636,0.0,0.0,0.0,0.0,0.40606060606060607,0.0,0.0,0.0,0.0,0.0,0.0,0.0,0.0,0.0,0.0,0.0,0.0,0.0,0.0,0.0,0.0,0.0,0.0,0.0,0.0,0.0,0.0,0.0,0.0,0.0,0.0,0.0,0.1303030303030303,0.0,0.0,0.0,0.0,0.0,0.0,0.0,0.0,0.0,0.0,0.0,0.0,0.0,0.0,0.403030303030303,0.0,0.0,0.0,0.0,0.06060606060606061,0.0,1.8938181818181818,0.98,3.44,2.46,0.8208203381667692,20.370919696969697,6.941,32.065,25.124,11.71607246967225,1.1715151515151514,0.6,1.45,0.85,0.2526060678764612,59.95454545454545,12.0,101.0,89.0,39.80933034313873,2.5333333333333337,2.0,3.0,1.0,0.49888765156985887,9.648484848484848,1.0,16.0,15.0,7.1793526006821775,1.3577125353939394,0.61804922,2.07710426,1.45905504,0.6568975208990835,0.6252424242424243,0.0,0.9,0.9,0.25496423163319376,1.2924242424242425,-2.0,2.5,4.5,1.2235455937636184
Li3.9Zn0.05GeS4,-2.386158178,945,test,573.0,4,0.9957653325067968,0.446927374301676,0.005586592178770951,0.446927374301676,0.0,0.0,0.0,0.0,0.4357541899441341,0.0,0.0,0.0,0.0,0.0,0.0,0.0,0.0,0.0,0.0,0.0,0.0,0.0,0.0,0.0,0.0,0.0,0.0,0.0,0.0,0.005586592178770951,0.0,0.0,0.0,0.0,0.0,0.0,0.0,0.0,0.0,0.0,0.111731843575419,0.0,0.0,0.0,0.0,0.0,0.0,0.0,0.0,0.0,0.0,0.446927374301676,0.0,0.0,0.0,0.0,0.0,0.0,1.8139106145251394,0.98,2.58,1.6,0.7548319675747753,25.836910614525134,6.941,72.64,65.699,20.650048457282118,1.2259776536312847,1.0,1.45,0.44999999999999996,0.21175911146477094,57.05027932960893,12.0,94.0,82.0,39.72042995472099,2.681564245810056,2.0,4.0,2.0,0.6720649493551984,9.217877094972065,1.0,16.0,15.0,7.251469815677898,1.331897811284916,-0.62,2.07710426,2.69710426,0.7018755407011164,0.6931843575418993,0.47,0.9,0.43000000000000005,0.204339580934089,1.6387337057728117,0.6666666666666666,2.5,1.8333333333333335,0.7846063259708211
Li1.4Al0.4(Ge0.67Ti0.33)1.6(PO4)3,-2.385102784,946,train,416.0,6,1.1212321052870045,0.6521739130434783,0.02173913043478261,0.6521739130434783,0.0,0.0,0.0,0.0,0.07608695652173914,0.0,0.0,0.0,0.0,0.0,0.0,0.0,0.0,0.0,0.0,0.0,0.0,0.0,0.0,0.0,0.028695652173913046,0.0,0.0,0.02173913043478261,0.0,0.0,0.0,0.0,0.0,0.0,0.0,0.0,0.0,0.0,0.0,0.0,0.0582608695652174,0.0,0.0,0.0,0.0,0.0,0.16304347826086957,0.0,0.0,0.0,0.0,0.0,0.0,0.0,0.0,0.0,0.6521739130434783,0.0,2.871404347826087,0.98,3.44,2.46,0.8291160206106685,22.204780295652174,6.941,72.64,65.699,14.932169025624496,0.8048478260869566,0.6,1.45,0.85,0.3020966205495321,89.55304347826088,12.0,101.0,89.0,24.280521166740726,2.358695652173913,2.0,4.0,2.0,0.6355675611323356,14.169565217391304,1.0,16.0,15.0,4.300347284520846,1.2050490685182609,0.075545,1.461112979,1.385567979,0.39097691540199914,0.24212608695652177,0.0,0.9,0.9,0.3429107735181749,-0.7376811594202898,-2.0,4.0,6.0,1.809470639429953
Li0.1Na0.1La0.6TiO3,-2.380906669,947,train,496.0,5,1.041777486008444,0.625,0.020833333333333336,0.625,0.0,0.0,0.020833333333333336,0.0,0.020833333333333336,0.0,0.125,0.0,0.0,0.0,0.0,0.0,0.0,0.0,0.0,0.0,0.0,0.0,0.0,0.0,0.20833333333333334,0.0,0.0,0.0,0.0,0.0,0.0,0.0,0.0,0.0,0.0,0.0,0.0,0.0,0.0,0.0,0.0,0.0,0.0,0.0,0.0,0.0,0.0,0.0,0.0,0.0,0.0,0.0,0.0,0.0,0.0,0.0,0.625,0.0,2.648125,0.93,3.44,2.51,1.03285739627582,37.95865811,6.941,138.90547,131.96447,40.253296610418374,0.9781249999999999,0.6,1.95,1.35,0.5130491214705144,78.35416666666667,11.0,101.0,90.0,30.327716684669085,2.9375,2.0,6.0,4.0,1.4054395812935776,11.25,1.0,16.0,15.0,6.15934249737746,1.0229185841666666,0.075545,1.461112979,1.385567979,0.5849601582746207,0.3668472222222222,0.0,1.172,1.172,0.48284691020652465,0.0,-2.0,4.0,6.0,2.6457513110645907
Li3.4Si0.4P0.6S4,-2.37571790416433,948,train,298.0,4,1.0528742957319466,0.4761904761904763,0.04761904761904763,0.4761904761904763,0.0,0.0,0.0,0.0,0.4047619047619048,0.0,0.0,0.0,0.0,0.0,0.0,0.0,0.0,0.0,0.0,0.0,0.0,0.0,0.0,0.0,0.0,0.0,0.0,0.0,0.0,0.0,0.0,0.0,0.0,0.0,0.0,0.0,0.04761904761904763,0.0,0.0,0.0,0.0,0.0,0.0,0.0,0.0,0.0,0.07142857142857144,0.0,0.0,0.0,0.0,0.4761904761904763,0.0,0.0,0.0,0.0,0.0,0.0,1.8721428571428573,0.98,2.58,1.6,0.7536657580319887,21.62831633333333,6.941,32.065,25.124,12.14111792077524,1.1869047619047617,1.0,1.45,0.44999999999999996,0.21796120335463473,60.0952380952381,12.0,94.0,82.0,39.71254421213092,2.595238095238095,2.0,3.0,1.0,0.49084590781162624,9.761904761904761,1.0,16.0,15.0,7.240131292579358,1.3587569483333333,0.61804922,2.07710426,1.45905504,0.7032837938916269,0.6530952380952381,0.47,0.9,0.43000000000000005,0.20495630306921633,1.7142857142857142,0.0,2.5,2.5,0.8003683959034101
(Li2S)0.3((Ga2S3)0.1(GeS2)0.9)0.7,-2.374687549,949,test,488.0,4,1.10033735923254,0.5636942675159237,0.0445859872611465,0.5636942675159237,0.0,0.0,0.0,0.0,0.1910828025477707,0.0,0.0,0.0,0.0,0.0,0.0,0.0,0.0,0.0,0.0,0.0,0.0,0.0,0.0,0.0,0.0,0.0,0.0,0.0,0.0,0.0,0.0,0.0,0.0,0.0445859872611465,0.0,0.0,0.0,0.0,0.0,0.0,0.20063694267515925,0.0,0.0,0.0,0.0,0.0,0.0,0.0,0.0,0.0,0.0,0.5636942675159237,0.0,0.0,0.0,0.0,0.0,0.0,2.1255732484076435,0.98,2.58,1.6,0.611792674426398,37.084098726114654,6.941,72.64,65.699,22.11258229712082,1.1495222929936308,1.0,1.45,0.44999999999999996,0.1813557255356199,75.74522292993632,12.0,94.0,82.0,31.29221316187362,3.0541401273885356,2.0,4.0,2.0,0.6583119162603922,12.598726114649683,1.0,16.0,15.0,5.712161428577917,1.5496985584044587,0.30116615,2.07710426,1.77593811,0.6421186429419585,0.6252866242038218,0.47,0.9,0.43000000000000005,0.18172583994548114,1.867834394904459,0.6666666666666666,3.0,2.3333333333333335,0.8460570356700543
Li3.285Sn0.28P0.72S4,-2.36051351073141,950,train,298.0,4,1.045129381277593,0.4828002414001207,0.03379601689800845,0.4828002414001207,0.0,0.0,0.0,0.0,0.39649969824984915,0.0,0.0,0.0,0.0,0.0,0.0,0.0,0.0,0.0,0.0,0.0,0.0,0.0,0.0,0.0,0.0,0.0,0.0,0.0,0.0,0.0,0.0,0.0,0.0,0.0,0.0,0.0,0.0,0.0,0.0,0.03379601689800845,0.0,0.0,0.0,0.0,0.0,0.0,0.08690404345202173,0.0,0.0,0.0,0.0,0.4828002414001207,0.0,0.0,0.0,0.0,0.0,0.0,1.8907543753771876,0.98,2.58,1.6,0.7524553078838436,24.936764470730235,6.941,118.71,111.76899999999999,21.290542050439054,1.193633071816536,1.0,1.45,0.44999999999999996,0.22280286312418296,60.76765238382619,12.0,94.0,82.0,39.587306370725244,2.671092335546168,2.0,5.0,3.0,0.6507714761000272,9.898008449004223,1.0,16.0,15.0,7.224971925816479,1.3503496611828607,0.61804922,2.07710426,1.45905504,0.7079730019332232,0.6596137598068799,0.47,0.9,0.43000000000000005,0.20565885822490312,1.7708710521021926,0.6666666666666666,2.5,1.8333333333333335,0.7310523213025231
Li1.5Al0.5Ge1.5(PO4)3,-2.353596274,951,train,299.58,5,1.0807686565434764,0.6486486486486487,0.02702702702702703,0.6486486486486487,0.0,0.0,0.0,0.0,0.08108108108108109,0.0,0.0,0.0,0.0,0.0,0.0,0.0,0.0,0.0,0.0,0.0,0.0,0.0,0.0,0.0,0.0,0.0,0.0,0.02702702702702703,0.0,0.0,0.0,0.0,0.0,0.0,0.0,0.0,0.0,0.0,0.0,0.0,0.08108108108108109,0.0,0.0,0.0,0.0,0.0,0.16216216216216217,0.0,0.0,0.0,0.0,0.0,0.0,0.0,0.0,0.0,0.6486486486486487,0.0,2.872432432432433,0.98,3.44,2.46,0.8235467311619887,22.582505691891896,6.941,72.64,65.699,16.21906921418632,0.8040540540540541,0.6,1.45,0.85,0.2975981278953345,90.05405405405406,12.0,101.0,89.0,24.029200643480543,2.3513513513513513,2.0,4.0,2.0,0.6245524328806131,14.378378378378379,1.0,16.0,15.0,4.04268676615716,1.2305777852702704,0.432835,1.461112979,1.0282779789999998,0.34652132179596484,0.24283783783783786,0.0,0.9,0.9,0.3408029876719626,-0.8108108108108109,-2.0,3.0,5.0,1.6577066189400707
Li0.022La0.115Ti0.165Al0.055O0.618,-2.350665141,952,train,370.37,5,1.0894894465610356,0.6338461538461538,0.022564102564102562,0.6338461538461538,0.0,0.0,0.0,0.0,0.022564102564102562,0.0,0.11794871794871795,0.0,0.0,0.0,0.0,0.0,0.0,0.0,0.0,0.0,0.0,0.0,0.0,0.0,0.1692307692307692,0.0,0.0,0.056410256410256404,0.0,0.0,0.0,0.0,0.0,0.0,0.0,0.0,0.0,0.0,0.0,0.0,0.0,0.0,0.0,0.0,0.0,0.0,0.0,0.0,0.0,0.0,0.0,0.0,0.0,0.0,0.0,0.0,0.6338461538461538,0.0,2.6837230769230773,0.98,3.44,2.46,1.0051216460277876,36.30410243384616,6.941,138.90547,131.96447,39.36949453728982,0.9504615384615385,0.6,1.95,1.35,0.4904914252709214,81.32512820512822,12.0,101.0,89.0,28.017465877811517,2.8666666666666667,2.0,6.0,4.0,1.3672606589095255,11.928205128205128,1.0,16.0,15.0,5.771279408346513,1.0430292993456411,0.075545,1.461112979,1.385567979,0.5675169906811275,0.34074871794871797,0.0,1.172,1.172,0.46111909220852165,-0.045128205128205263,-2.0,4.0,6.0,2.6139692500053826
Li3.26Sn0.26P0.74S4,-2.34390179798717,953,train,298.0,4,1.043076986530171,0.48426150121065376,0.031476997578692496,0.48426150121065376,0.0,0.0,0.0,0.0,0.3946731234866828,0.0,0.0,0.0,0.0,0.0,0.0,0.0,0.0,0.0,0.0,0.0,0.0,0.0,0.0,0.0,0.0,0.0,0.0,0.0,0.0,0.0,0.0,0.0,0.0,0.0,0.0,0.0,0.0,0.0,0.0,0.031476997578692496,0.0,0.0,0.0,0.0,0.0,0.0,0.08958837772397095,0.0,0.0,0.0,0.0,0.48426150121065376,0.0,0.0,0.0,0.0,0.0,0.0,1.8940677966101693,0.98,2.58,1.6,0.7520547577136558,24.77879465859564,6.941,118.71,111.76899999999999,20.79544818118901,1.1917675544794188,1.0,1.45,0.44999999999999996,0.22253225511085264,60.93220338983052,12.0,94.0,82.0,39.56696905783312,2.6682808716707025,2.0,5.0,3.0,0.6407367116857778,9.927360774818403,1.0,16.0,15.0,7.220803417441041,1.351681173196126,0.61804922,2.07710426,1.45905504,0.7084229308935777,0.6582082324455206,0.47,0.9,0.43000000000000005,0.20543978747081226,1.7756255044390639,0.6666666666666666,2.5,1.8333333333333335,0.7289087429364793
Li4Al0.33Si0.33P0.33O4,-2.326979093,954,train,522.0,5,1.0845690341695433,0.44493882091212456,0.03670745272525028,0.44493882091212456,0.0,0.0,0.0,0.0,0.44493882091212456,0.0,0.0,0.0,0.0,0.0,0.0,0.0,0.0,0.0,0.0,0.0,0.0,0.0,0.0,0.0,0.0,0.0,0.0,0.03670745272525028,0.0,0.0,0.0,0.0,0.0,0.0,0.0,0.0,0.03670745272525028,0.0,0.0,0.0,0.0,0.0,0.0,0.0,0.0,0.0,0.03670745272525028,0.0,0.0,0.0,0.0,0.0,0.0,0.0,0.0,0.0,0.44493882091212456,0.0,2.1758620689655173,0.98,3.44,2.46,1.1669993308265727,13.36541314771969,6.941,30.973762,24.032762,6.898662886128895,1.035094549499444,0.6,1.45,0.85,0.4033856535607791,59.63848720800891,12.0,101.0,89.0,42.937307278544495,2.1101223581757513,2.0,3.0,1.0,0.3130422086645226,9.10567296996663,1.0,16.0,15.0,7.286521381724807,1.0194001529143493,0.432835,1.461112979,1.0282779789999998,0.4229345611700646,0.465233592880979,0.0,0.9,0.9,0.42718951275270073,-0.2736373748609566,-2.0,3.0,5.0,1.6069066284716447
Li6BaLa2Ta2O12,-2.325138859,955,train,423.0,5,1.2510583317959272,0.5217391304347826,0.043478260869565216,0.5217391304347826,0.0,0.043478260869565216,0.0,0.0,0.2608695652173913,0.0,0.08695652173913043,0.0,0.0,0.0,0.0,0.0,0.0,0.0,0.0,0.0,0.0,0.0,0.0,0.08695652173913043,0.0,0.0,0.0,0.0,0.0,0.0,0.0,0.0,0.0,0.0,0.0,0.0,0.0,0.0,0.0,0.0,0.0,0.0,0.0,0.0,0.0,0.0,0.0,0.0,0.0,0.0,0.0,0.0,0.0,0.0,0.0,0.0,0.5217391304347826,0.0,2.315217391304348,0.89,3.44,2.55,1.1830758348482528,43.94228260869565,6.941,180.94788,174.00688,59.66646882401103,1.0804347826086955,0.6,2.15,1.5499999999999998,0.5323735061913937,63.826086956521735,12.0,101.0,89.0,40.3039022535288,2.869565217391304,2.0,6.0,4.0,1.6498839966095893,9.391304347826086,1.0,16.0,15.0,6.982830685734351,1.0069168664347825,0.144626,1.461112979,1.316486979,0.4867717717776901,0.47278260869565214,0.0,1.49,1.49,0.5120729360857256,5.551115123125783e-17,-2.0,5.0,7.0,2.3405684928164816
Li1.8Cr0.8Ti1.2(PO4)3,-2.318758763,956,train,573.0,5,1.1140162481664606,0.6382978723404256,0.04255319148936171,0.6382978723404256,0.0,0.0,0.0,0.0,0.09574468085106384,0.0,0.0,0.0,0.0,0.0,0.0,0.0,0.0,0.0,0.0,0.0,0.0,0.0,0.0,0.0,0.06382978723404256,0.0,0.0,0.0,0.0,0.0,0.04255319148936171,0.0,0.0,0.0,0.0,0.0,0.0,0.0,0.0,0.0,0.0,0.0,0.0,0.0,0.0,0.0,0.1595744680851064,0.0,0.0,0.0,0.0,0.0,0.0,0.0,0.0,0.0,0.6382978723404256,0.0,2.807978723404256,0.98,3.44,2.46,0.8913718566240181,21.087508829787236,6.941,51.9961,45.055099999999996,11.734983813264423,0.8303191489361703,0.6,1.45,0.85,0.3312787992383569,85.65957446808511,12.0,101.0,89.0,28.005908643853335,2.372340425531915,2.0,4.0,2.0,0.6681833509549875,13.212765957446809,1.0,16.0,15.0,5.232615269847895,1.144524909042553,0.075545,1.461112979,1.385567979,0.44504320237049133,0.26829787234042557,0.0,0.94,0.94,0.37113174133735477,-0.4680851063829786,-2.0,4.5,6.5,2.1808424147899763
Li1.2Ti1.8Al0.2(PO4)3,-2.31695296176115,957,test,298.0,5,1.0294638497997786,0.6593406593406593,0.01098901098901099,0.6593406593406593,0.0,0.0,0.0,0.0,0.06593406593406594,0.0,0.0,0.0,0.0,0.0,0.0,0.0,0.0,0.0,0.0,0.0,0.0,0.0,0.0,0.0,0.09890109890109891,0.0,0.0,0.01098901098901099,0.0,0.0,0.0,0.0,0.0,0.0,0.0,0.0,0.0,0.0,0.0,0.0,0.0,0.0,0.0,0.0,0.0,0.0,0.16483516483516483,0.0,0.0,0.0,0.0,0.0,0.0,0.0,0.0,0.0,0.6593406593406593,0.0,2.8637362637362638,0.98,3.44,2.46,0.8475350793111536,21.142867786813184,6.941,47.867,40.925999999999995,10.84803847134832,0.8082417582417583,0.6,1.45,0.85,0.31398394795742435,88.14285714285714,12.0,101.0,89.0,25.079903705132377,2.3736263736263736,2.0,4.0,2.0,0.6571391818780683,13.626373626373626,1.0,16.0,15.0,4.868937992938978,1.1394170407692308,0.075545,1.461112979,1.385567979,0.4785553550868857,0.2416483516483517,0.0,0.9,0.9,0.348738743916233,-0.5494505494505493,-2.0,4.0,6.0,2.1308671793894924
Li3.27Sn0.27P0.73S4,-2.3045183235098,958,test,298.0,4,1.0441723742104578,0.4836759371221282,0.032648125755743655,0.4836759371221282,0.0,0.0,0.0,0.0,0.3954050785973398,0.0,0.0,0.0,0.0,0.0,0.0,0.0,0.0,0.0,0.0,0.0,0.0,0.0,0.0,0.0,0.0,0.0,0.0,0.0,0.0,0.0,0.0,0.0,0.0,0.0,0.0,0.0,0.0,0.0,0.0,0.032648125755743655,0.0,0.0,0.0,0.0,0.0,0.0,0.0882708585247884,0.0,0.0,0.0,0.0,0.4836759371221282,0.0,0.0,0.0,0.0,0.0,0.0,1.892684401451028,0.98,2.58,1.6,0.7522035670764837,24.863315146311972,6.941,118.71,111.76899999999999,21.04584797996637,1.1926239419588878,1.0,1.45,0.44999999999999996,0.2226584623716748,60.8645707376058,12.0,94.0,82.0,39.57410558734367,2.669891172914148,2.0,5.0,3.0,0.6457753044986446,9.915356711003627,1.0,16.0,15.0,7.2223349473435965,1.3512359847279325,0.61804922,2.07710426,1.45905504,0.7081903224549901,0.658839177750907,0.47,0.9,0.43000000000000005,0.20553903417967243,1.77347843611447,0.6666666666666666,2.5,1.8333333333333335,0.7299733074550068
Li5PS4(BH4)2,-2.301029996,959,train,323.0,5,1.415022588493559,0.4,0.05,0.2,0.0,0.0,0.0,0.0,0.25,0.0,0.0,0.0,0.0,0.0,0.0,0.0,0.0,0.0,0.0,0.0,0.0,0.0,0.0,0.0,0.0,0.0,0.0,0.0,0.0,0.0,0.0,0.0,0.0,0.0,0.0,0.0,0.0,0.0,0.0,0.0,0.0,0.0,0.1,0.0,0.0,0.0,0.05,0.4,0.0,0.0,0.0,0.2,0.0,0.0,0.0,0.0,0.0,0.0,1.9545000000000001,0.98,2.58,1.6,0.5858965352346778,11.1812141,1.00794,32.065,31.057059999999996,12.358014097703295,0.7975000000000001,0.25,1.45,1.2,0.48669163748722866,76.10000000000001,12.0,103.0,91.0,37.419112763399404,1.85,1.0,3.0,2.0,0.7921489758877429,5.9,1.0,16.0,15.0,6.722350779303324,0.9369140135,0.27972325,2.07710426,1.79738101,0.5863281367446592,0.38750000000000007,0.0,0.9,0.9,0.35841142559912903,1.1333333333333333,0.0,3.0,3.0,1.1200198410940962
Li6.6P0.4Ge0.6S5I,-2.28316227670048,960,train,298.0,5,1.1520670295967894,0.4852941176470589,0.02941176470588236,0.4411764705882354,0.0,0.0,0.0,0.0,0.4852941176470589,0.0,0.0,0.0,0.0,0.0,0.0,0.0,0.0,0.0,0.0,0.0,0.0,0.0,0.0,0.0,0.0,0.0,0.0,0.0,0.0,0.0,0.0,0.0,0.0,0.0,0.0,0.0,0.0,0.0,0.0,0.0,0.04411764705882354,0.0,0.0,0.0,0.0,0.0,0.02941176470588236,0.0,0.0,0.0,0.0,0.3676470588235295,0.0735294117647059,0.0,0.0,0.0,0.0,0.0,1.7727941176470587,0.98,2.66,1.6800000000000002,0.7810566854254247,28.60393932352941,6.941,126.90447,119.96347,32.06829528401007,1.2588235294117647,1.0,1.45,0.44999999999999996,0.21401985484972225,53.86764705882353,12.0,97.0,85.0,40.71923393324985,2.705882352941176,2.0,5.0,3.0,0.858501148195672,8.676470588235295,1.0,17.0,16.0,7.472382832156783,1.3648486897647059,0.61804922,3.059046537,2.440997317,0.8247592548445872,0.7244117647058824,0.47,0.9,0.43000000000000005,0.20377598970251318,1.7034313725490193,0.6666666666666666,3.0,2.3333333333333335,0.8027961694818414
Li1.5Al0.5Ge1.5(PO4)3,-2.279014256,961,train,300.94,5,1.0807686565434764,0.6486486486486487,0.02702702702702703,0.6486486486486487,0.0,0.0,0.0,0.0,0.08108108108108109,0.0,0.0,0.0,0.0,0.0,0.0,0.0,0.0,0.0,0.0,0.0,0.0,0.0,0.0,0.0,0.0,0.0,0.0,0.02702702702702703,0.0,0.0,0.0,0.0,0.0,0.0,0.0,0.0,0.0,0.0,0.0,0.0,0.08108108108108109,0.0,0.0,0.0,0.0,0.0,0.16216216216216217,0.0,0.0,0.0,0.0,0.0,0.0,0.0,0.0,0.0,0.6486486486486487,0.0,2.872432432432433,0.98,3.44,2.46,0.8235467311619887,22.582505691891896,6.941,72.64,65.699,16.21906921418632,0.8040540540540541,0.6,1.45,0.85,0.2975981278953345,90.05405405405406,12.0,101.0,89.0,24.029200643480543,2.3513513513513513,2.0,4.0,2.0,0.6245524328806131,14.378378378378379,1.0,16.0,15.0,4.04268676615716,1.2305777852702704,0.432835,1.461112979,1.0282779789999998,0.34652132179596484,0.24283783783783786,0.0,0.9,0.9,0.3408029876719626,-0.8108108108108109,-2.0,3.0,5.0,1.6577066189400707
Li3.475Si0.475P0.525S4,-2.27818938478745,962,train,298.0,4,1.0537316739322713,0.47197640117994105,0.05604719764011799,0.47197640117994105,0.0,0.0,0.0,0.0,0.4100294985250738,0.0,0.0,0.0,0.0,0.0,0.0,0.0,0.0,0.0,0.0,0.0,0.0,0.0,0.0,0.0,0.0,0.0,0.0,0.0,0.0,0.0,0.0,0.0,0.0,0.0,0.0,0.0,0.05604719764011799,0.0,0.0,0.0,0.0,0.0,0.0,0.0,0.0,0.0,0.06194690265486726,0.0,0.0,0.0,0.0,0.47197640117994105,0.0,0.0,0.0,0.0,0.0,0.0,1.8616814159292039,0.98,2.58,1.6,0.7543422804571615,21.472780241887904,6.941,32.065,25.124,12.148380881783586,1.1901179941002953,1.0,1.45,0.44999999999999996,0.2178223903711664,59.62536873156343,12.0,94.0,82.0,39.76121284232846,2.5899705014749266,2.0,3.0,1.0,0.4918387020806215,9.675516224188792,1.0,16.0,15.0,7.248701803140872,1.3578915009144545,0.61804922,2.07710426,1.45905504,0.7012687073023667,0.6551917404129795,0.47,0.9,0.43000000000000005,0.20540098589229203,1.6932153392330387,0.0,2.5,2.5,0.8154621698659634
Li7.06La3Y0.06Zr1.94O12,-2.278024598,963,train,400.0,5,1.1842951514506452,0.49875311720698257,0.0024937655860349127,0.49875311720698257,0.0,0.0,0.0,0.0,0.29343308395677475,0.0,0.12468827930174564,0.0,0.0,0.0,0.0,0.0,0.0024937655860349127,0.0,0.0,0.0,0.0,0.08063175394846218,0.0,0.0,0.0,0.0,0.0,0.0,0.0,0.0,0.0,0.0,0.0,0.0,0.0,0.0,0.0,0.0,0.0,0.0,0.0,0.0,0.0,0.0,0.0,0.0,0.0,0.0,0.0,0.0,0.0,0.0,0.0,0.0,0.0,0.0,0.49875311720698257,0.0,2.2507148794679965,0.98,3.44,2.46,1.1896867659879207,34.91361517040732,6.941,138.90547,131.96447,44.93760496740292,1.097339983374896,0.6,1.95,1.35,0.5179419982056259,62.02327514546966,12.0,101.0,89.0,40.17572941252841,2.748129675810474,2.0,6.0,4.0,1.4776481762619,8.977556109725686,1.0,16.0,15.0,7.057794545949657,1.0153233596508728,0.3112922,1.461112979,1.149820779,0.4473352775217484,0.48216126350789695,0.0,1.172,1.172,0.48867539480927713,-5.551115123125783e-17,-2.0,4.0,6.0,2.173290597216609
Li1.6Ti1.7Mg0.3P3O12,-2.27572413,964,train,573.0,5,1.0732906852481117,0.6451612903225806,0.016129032258064516,0.6451612903225806,0.0,0.0,0.0,0.0,0.08602150537634408,0.0,0.0,0.0,0.0,0.0,0.0,0.0,0.0,0.0,0.0,0.0,0.016129032258064516,0.0,0.0,0.0,0.09139784946236558,0.0,0.0,0.0,0.0,0.0,0.0,0.0,0.0,0.0,0.0,0.0,0.0,0.0,0.0,0.0,0.0,0.0,0.0,0.0,0.0,0.0,0.16129032258064516,0.0,0.0,0.0,0.0,0.0,0.0,0.0,0.0,0.0,0.6451612903225806,0.0,2.8187634408602147,0.98,3.44,2.46,0.8886906388427049,20.68199387096774,6.941,47.867,40.925999999999995,10.734491586924074,0.825268817204301,0.6,1.5,0.9,0.329803106455402,86.54838709677418,12.0,101.0,89.0,27.077354792516815,2.360215053763441,2.0,4.0,2.0,0.6428498018436137,13.225806451612904,1.0,16.0,15.0,5.30495615754803,1.1163703403225806,-0.42,1.461112979,1.8811129789999999,0.5071228115733735,0.2578405017921147,0.0,0.9,0.9,0.36084513370986443,-0.5376344086021507,-2.0,4.0,6.0,2.086270908491732
(YPO4)0.8(Li3PO4)0.2,-2.270025714,965,test,759.0,4,1.0656468608080325,0.625,0.09375000000000001,0.625,0.0,0.0,0.0,0.0,0.09375000000000001,0.0,0.0,0.0,0.0,0.0,0.0,0.0,0.125,0.0,0.0,0.0,0.0,0.0,0.0,0.0,0.0,0.0,0.0,0.0,0.0,0.0,0.0,0.0,0.0,0.0,0.0,0.0,0.0,0.0,0.0,0.0,0.0,0.0,0.0,0.0,0.0,0.0,0.15625,0.0,0.0,0.0,0.0,0.0,0.0,0.0,0.0,0.0,0.625,0.0,2.7365625,0.98,3.44,2.46,0.9657659181156426,26.6032253125,6.941,88.90585,81.96485,24.38660471471013,0.8921875,0.6,1.8,1.2000000000000002,0.43285198375859385,81.4375,12.0,101.0,89.0,33.178435673642,2.53125,2.0,5.0,3.0,0.9995115994824673,12.8125,1.0,16.0,15.0,5.675812166553787,1.1267069246874999,0.3112922,1.461112979,1.149820779,0.4470291727557747,0.30031250000000004,0.0,1.04,1.04,0.4101408628066094,-0.5208333333333333,-2.0,3.0,5.0,1.9701549219964065
Li4.2Ge0.8Ga0.2S4,-2.268411235,966,train,475.0,4,1.0157110897988502,0.4565217391304348,0.02173913043478261,0.4347826086956522,0.0,0.0,0.0,0.0,0.4565217391304348,0.0,0.0,0.0,0.0,0.0,0.0,0.0,0.0,0.0,0.0,0.0,0.0,0.0,0.0,0.0,0.0,0.0,0.0,0.0,0.0,0.0,0.0,0.0,0.0,0.02173913043478261,0.0,0.0,0.0,0.0,0.0,0.0,0.08695652173913045,0.0,0.0,0.0,0.0,0.0,0.0,0.0,0.0,0.0,0.0,0.4347826086956522,0.0,0.0,0.0,0.0,0.0,0.0,1.7832608695652175,0.98,2.58,1.6,0.7583163683818025,24.942260869565217,6.941,72.64,65.699,20.283444402886573,1.233695652173913,1.0,1.45,0.44999999999999996,0.21265770307409176,55.413043478260875,12.0,94.0,82.0,39.91326252663204,2.6521739130434785,2.0,4.0,2.0,0.6665091181198214,8.913043478260871,1.0,16.0,15.0,7.282576249116558,1.2989780570000002,0.30116615,2.07710426,1.77593811,0.7049478194051109,0.698695652173913,0.47,0.9,0.43000000000000005,0.20436123915276336,1.666666666666667,0.6666666666666666,3.0,2.3333333333333335,0.7939992333804207
Li9.81Sn0.81P2.19S12,-2.259637311,967,train,298.0,4,1.0441723742104578,0.48367593712212814,0.03264812575574365,0.48367593712212814,0.0,0.0,0.0,0.0,0.39540507859733975,0.0,0.0,0.0,0.0,0.0,0.0,0.0,0.0,0.0,0.0,0.0,0.0,0.0,0.0,0.0,0.0,0.0,0.0,0.0,0.0,0.0,0.0,0.0,0.0,0.0,0.0,0.0,0.0,0.0,0.0,0.03264812575574365,0.0,0.0,0.0,0.0,0.0,0.0,0.08827085852478839,0.0,0.0,0.0,0.0,0.48367593712212814,0.0,0.0,0.0,0.0,0.0,0.0,1.892684401451028,0.98,2.58,1.6,0.7522035670764838,24.863315146311972,6.941,118.71,111.76899999999999,21.04584797996637,1.1926239419588878,1.0,1.45,0.44999999999999996,0.22265846237167478,60.86457073760581,12.0,94.0,82.0,39.57410558734366,2.6698911729141472,2.0,5.0,3.0,0.6457753044986446,9.915356711003628,1.0,16.0,15.0,7.222334947343596,1.3512359847279325,0.61804922,2.07710426,1.45905504,0.7081903224549901,0.658839177750907,0.47,0.9,0.43000000000000005,0.20553903417967243,1.77347843611447,0.6666666666666666,2.5,1.8333333333333335,0.7299733074550069
Li6.7P0.3Ge0.7S5I,-2.25649023527157,968,test,298.0,5,1.1443706002081686,0.48905109489051096,0.021897810218978103,0.43795620437956206,0.0,0.0,0.0,0.0,0.48905109489051096,0.0,0.0,0.0,0.0,0.0,0.0,0.0,0.0,0.0,0.0,0.0,0.0,0.0,0.0,0.0,0.0,0.0,0.0,0.0,0.0,0.0,0.0,0.0,0.0,0.0,0.0,0.0,0.0,0.0,0.0,0.0,0.051094890510948905,0.0,0.0,0.0,0.0,0.0,0.021897810218978103,0.0,0.0,0.0,0.0,0.36496350364963503,0.07299270072992702,0.0,0.0,0.0,0.0,0.0,1.7656934306569343,0.98,2.66,1.6800000000000002,0.7805601541139674,28.74994880291971,6.941,126.90447,119.96347,32.224010332183525,1.2620437956204378,1.0,1.45,0.44999999999999996,0.2126926389555718,53.518248175182485,12.0,97.0,85.0,40.69059006157133,2.7080291970802923,2.0,5.0,3.0,0.8642163146826082,8.613138686131387,1.0,17.0,16.0,7.46793454397057,1.3629455352627735,0.61804922,3.059046537,2.440997317,0.8225980173071828,0.7272992700729928,0.47,0.9,0.43000000000000005,0.20305514568522573,1.6909975669099757,0.6666666666666666,3.0,2.3333333333333335,0.8068894712474418
Li0.022La0.118Ti0.2Al0.004O0.631,-2.250031916,969,train,370.37,5,0.9702299123533099,0.6471794871794871,0.0041025641025641026,0.6471794871794871,0.0,0.0,0.0,0.0,0.022564102564102562,0.0,0.12102564102564102,0.0,0.0,0.0,0.0,0.0,0.0,0.0,0.0,0.0,0.0,0.0,0.0,0.0,0.20512820512820515,0.0,0.0,0.0041025641025641026,0.0,0.0,0.0,0.0,0.0,0.0,0.0,0.0,0.0,0.0,0.0,0.0,0.0,0.0,0.0,0.0,0.0,0.0,0.0,0.0,0.0,0.0,0.0,0.0,0.0,0.0,0.0,0.0,0.6471794871794871,0.0,2.7040410256410254,0.98,3.44,2.46,1.0059091452876383,37.25178975835897,6.941,138.90547,131.96447,39.839683723808506,0.9493333333333334,0.6,1.95,1.35,0.4978487739358225,80.41948717948718,12.0,101.0,89.0,28.799740556943764,2.8984615384615386,2.0,6.0,4.0,1.397781279360604,11.614358974358975,1.0,16.0,15.0,5.989306622627978,1.0442976042964103,0.075545,1.461112979,1.385567979,0.5824556285099806,0.33961982905982907,0.0,1.172,1.172,0.46886064480289347,-0.0758974358974357,-2.0,4.0,6.0,2.648344154129401
Li1.4Al0.4Ti1.6(PO4)3,-2.249491605,970,train,297.85,5,1.0660861369642038,0.6521739130434783,0.02173913043478261,0.6521739130434783,0.0,0.0,0.0,0.0,0.07608695652173914,0.0,0.0,0.0,0.0,0.0,0.0,0.0,0.0,0.0,0.0,0.0,0.0,0.0,0.0,0.0,0.08695652173913045,0.0,0.0,0.02173913043478261,0.0,0.0,0.0,0.0,0.0,0.0,0.0,0.0,0.0,0.0,0.0,0.0,0.0,0.0,0.0,0.0,0.0,0.0,0.16304347826086957,0.0,0.0,0.0,0.0,0.0,0.0,0.0,0.0,0.0,0.6521739130434783,0.0,2.8440217391304348,0.98,3.44,2.46,0.8641344749700466,20.761483773913046,6.941,47.867,40.925999999999995,10.538282466717746,0.8135869565217391,0.6,1.45,0.85,0.31666599301822024,87.63043478260872,12.0,101.0,89.0,25.89683436726865,2.3586956521739135,2.0,4.0,2.0,0.6355675611323356,13.58695652173913,1.0,16.0,15.0,4.917033777799649,1.137633586195652,0.075545,1.461112979,1.385567979,0.4718067951306447,0.2468840579710145,0.0,0.9,0.9,0.35068068879629516,-0.5434782608695652,-2.0,4.0,6.0,2.1045828710510817
Li3.425Si0.425P0.575S4,-2.24795155218056,971,train,298.0,4,1.0534770220698944,0.47477744807121663,0.050445103857566766,0.47477744807121663,0.0,0.0,0.0,0.0,0.4065281899109792,0.0,0.0,0.0,0.0,0.0,0.0,0.0,0.0,0.0,0.0,0.0,0.0,0.0,0.0,0.0,0.0,0.0,0.0,0.0,0.0,0.0,0.0,0.0,0.0,0.0,0.0,0.0,0.050445103857566766,0.0,0.0,0.0,0.0,0.0,0.0,0.0,0.0,0.0,0.06824925816023739,0.0,0.0,0.0,0.0,0.47477744807121663,0.0,0.0,0.0,0.0,0.0,0.0,1.8686350148367954,0.98,2.58,1.6,0.7539088487647371,21.57616328189911,6.941,32.065,25.124,12.143775757834543,1.1879821958456975,1.0,1.45,0.44999999999999996,0.2179199475508813,59.93768545994065,12.0,94.0,82.0,39.72948928288045,2.5934718100890213,2.0,3.0,1.0,0.49118532217349703,9.732937685459943,1.0,16.0,15.0,7.243121036489217,1.3584667537982198,0.61804922,2.07710426,1.45905504,0.7026088748718439,0.6537982195845699,0.47,0.9,0.43000000000000005,0.20510790587690658,1.7072205736894168,0.0,2.5,2.5,0.8055224551773769
Li6FeCl8,-2.244887734,972,train,555.0,3,0.8823109245150756,0.5333333333333333,0.06666666666666667,0.5333333333333333,0.0,0.0,0.0,0.0,0.4,0.0,0.0,0.0,0.0,0.0,0.0,0.0,0.0,0.0,0.0,0.0,0.0,0.0,0.0,0.0,0.0,0.0,0.0,0.0,0.0,0.0,0.0,0.0,0.0,0.0,0.06666666666666667,0.0,0.0,0.0,0.0,0.0,0.0,0.0,0.0,0.0,0.0,0.0,0.0,0.0,0.0,0.0,0.0,0.0,0.0,0.0,0.0,0.5333333333333333,0.0,0.0,2.199333333333333,0.98,3.16,2.18,1.0469031579961072,25.407666666666668,6.941,55.845,48.903999999999996,15.87410407200636,1.2066666666666666,1.0,1.45,0.44999999999999996,0.22125902367034783,61.66666666666666,12.0,99.0,87.0,41.5943372214162,2.666666666666667,2.0,4.0,2.0,0.5962847939999439,10.0,1.0,17.0,16.0,7.6681158050723255,2.1842222606666666,0.15323635,3.61272528,3.45948893,1.5311707664213146,0.5955,0.33499999999999996,0.9,0.5650000000000001,0.2787175990137688,2.166666666666667,1.0,3.0,2.0,0.960324019392529
Li6Sr0.5Ba0.5La2Ta2O12,-2.244125144,973,train,473.0,6,1.2811951657333163,0.5217391304347826,0.021739130434782608,0.5217391304347826,0.0,0.021739130434782608,0.0,0.021739130434782608,0.2608695652173913,0.0,0.08695652173913043,0.0,0.0,0.0,0.0,0.0,0.0,0.0,0.0,0.0,0.0,0.0,0.0,0.08695652173913043,0.0,0.0,0.0,0.0,0.0,0.0,0.0,0.0,0.0,0.0,0.0,0.0,0.0,0.0,0.0,0.0,0.0,0.0,0.0,0.0,0.0,0.0,0.0,0.0,0.0,0.0,0.0,0.0,0.0,0.0,0.0,0.0,0.5217391304347826,0.0,2.316521739130435,0.89,3.44,2.55,1.181535878480254,42.861695652173914,6.941,180.94788,174.00688,58.40215710486109,1.077173913043478,0.6,2.15,1.5499999999999998,0.5262362795628656,63.847826086956516,12.0,101.0,89.0,40.27728208054562,2.847826086956522,2.0,6.0,4.0,1.6147067482356454,9.391304347826086,1.0,16.0,15.0,6.982830685734351,1.004904692521739,0.052066,1.461112979,1.409046979,0.4905090357444173,0.46908695652173915,0.0,1.49,1.49,0.5052867815102609,5.551115123125783e-17,-2.0,5.0,7.0,2.3405684928164816
Li0.022La0.117Ti0.208Al0.001O0.626,-2.241088108,974,train,345.0,5,0.9610637294826211,0.6427104722792608,0.001026694045174538,0.6427104722792608,0.0,0.0,0.0,0.0,0.022587268993839834,0.0,0.12012320328542095,0.0,0.0,0.0,0.0,0.0,0.0,0.0,0.0,0.0,0.0,0.0,0.0,0.0,0.2135523613963039,0.0,0.0,0.001026694045174538,0.0,0.0,0.0,0.0,0.0,0.0,0.0,0.0,0.0,0.0,0.0,0.0,0.0,0.0,0.0,0.0,0.0,0.0,0.0,0.0,0.0,0.0,0.0,0.0,0.0,0.0,0.0,0.0,0.6427104722792608,0.0,2.695718685831622,0.98,3.44,2.46,1.0073943491310176,37.375342842505134,6.941,138.90547,131.96447,39.705005102957315,0.9528747433264888,0.6,1.95,1.35,0.4978258178175519,80.12217659137576,12.0,101.0,89.0,28.858510269502403,2.9086242299794662,2.0,6.0,4.0,1.3970001434829373,11.533880903490761,1.0,16.0,15.0,6.016437266532405,1.0365840945523614,0.075545,1.461112979,1.385567979,0.5873371459633333,0.34368138261464753,0.0,1.172,1.172,0.4696201997346563,-0.045174537987679675,-2.0,4.0,6.0,2.6643151610769893
La0.55Li0.36Ti0.992Al0.008O3,-2.232844134,975,test,373.0,5,1.071388474952026,0.6109979633401221,0.001629327902240326,0.6109979633401221,0.0,0.0,0.0,0.0,0.07331975560081466,0.0,0.1120162932790224,0.0,0.0,0.0,0.0,0.0,0.0,0.0,0.0,0.0,0.0,0.0,0.0,0.0,0.2020366598778004,0.0,0.0,0.001629327902240326,0.0,0.0,0.0,0.0,0.0,0.0,0.0,0.0,0.0,0.0,0.0,0.0,0.0,0.0,0.0,0.0,0.0,0.0,0.0,0.0,0.0,0.0,0.0,0.0,0.0,0.0,0.0,0.0,0.6109979633401221,0.0,2.610663951120163,0.98,3.44,2.46,1.0507467653395643,35.559039675926684,6.941,138.90547,131.96447,38.998942109931015,0.9762321792260692,0.6,1.95,1.35,0.49554456772110683,76.72138492871692,12.0,101.0,89.0,31.860448172555685,2.853767820773931,2.0,6.0,4.0,1.3686187080734844,11.014663951120164,1.0,16.0,15.0,6.299370288179659,1.016474620407332,0.075545,1.461112979,1.385567979,0.5791851980499874,0.37043856076035303,0.0,1.172,1.172,0.4725620706626073,0.000407331975560199,-2.0,4.0,6.0,2.6024428123818852
((Li2S)0.6(SiS2)0.4)95(Li4SiO4)5,-2.230622674,976,train,298.0,4,1.1676586614519853,0.40606060606060607,0.06060606060606061,0.4636363636363636,0.0,0.0,0.0,0.0,0.40606060606060607,0.0,0.0,0.0,0.0,0.0,0.0,0.0,0.0,0.0,0.0,0.0,0.0,0.0,0.0,0.0,0.0,0.0,0.0,0.0,0.0,0.0,0.0,0.0,0.0,0.0,0.0,0.0,0.1303030303030303,0.0,0.0,0.0,0.0,0.0,0.0,0.0,0.0,0.0,0.0,0.0,0.0,0.0,0.0,0.403030303030303,0.0,0.0,0.0,0.0,0.06060606060606061,0.0,1.8938181818181818,0.98,3.44,2.46,0.8208203381667692,20.370919696969697,6.941,32.065,25.124,11.71607246967225,1.1715151515151514,0.6,1.45,0.85,0.2526060678764612,59.95454545454545,12.0,101.0,89.0,39.80933034313873,2.5333333333333337,2.0,3.0,1.0,0.49888765156985887,9.648484848484848,1.0,16.0,15.0,7.1793526006821775,1.3577125353939394,0.61804922,2.07710426,1.45905504,0.6568975208990835,0.6252424242424243,0.0,0.9,0.9,0.25496423163319376,1.2924242424242425,-2.0,2.5,4.5,1.2235455937636184
Li6SrLa2Ta2O12,-2.229884705,977,train,473.0,5,1.2510583317959272,0.5217391304347826,0.043478260869565216,0.5217391304347826,0.0,0.0,0.0,0.043478260869565216,0.2608695652173913,0.0,0.08695652173913043,0.0,0.0,0.0,0.0,0.0,0.0,0.0,0.0,0.0,0.0,0.0,0.0,0.08695652173913043,0.0,0.0,0.0,0.0,0.0,0.0,0.0,0.0,0.0,0.0,0.0,0.0,0.0,0.0,0.0,0.0,0.0,0.0,0.0,0.0,0.0,0.0,0.0,0.0,0.0,0.0,0.0,0.0,0.0,0.0,0.0,0.0,0.5217391304347826,0.0,2.3178260869565217,0.95,3.44,2.49,1.1799924705792908,41.78110869565217,6.941,180.94788,174.00688,57.089412947882586,1.0739130434782607,0.6,2.0,1.4,0.5200061799836344,63.8695652173913,12.0,101.0,89.0,40.250632560869086,2.8260869565217392,2.0,6.0,4.0,1.5784465096235956,9.391304347826088,1.0,16.0,15.0,6.982830685734351,1.0028925186086954,0.052066,1.461112979,1.409046979,0.49420984693400416,0.4653913043478261,0.0,1.32,1.32,0.49838083387762766,0.0,-2.0,5.0,7.0,2.3405684928164816
Li3.6Ge0.4P0.6S4,-2.209714836,978,test,423.0,4,1.0490264333601902,0.46511627906976744,0.04651162790697675,0.46511627906976744,0.0,0.0,0.0,0.0,0.4186046511627907,0.0,0.0,0.0,0.0,0.0,0.0,0.0,0.0,0.0,0.0,0.0,0.0,0.0,0.0,0.0,0.0,0.0,0.0,0.0,0.0,0.0,0.0,0.0,0.0,0.0,0.0,0.0,0.0,0.0,0.0,0.0,0.04651162790697675,0.0,0.0,0.0,0.0,0.0,0.06976744186046512,0.0,0.0,0.0,0.0,0.46511627906976744,0.0,0.0,0.0,0.0,0.0,0.0,1.8565116279069767,0.98,2.58,1.6,0.7575722660161768,23.359053162790698,6.941,72.64,65.699,16.281670015215926,1.2,1.0,1.45,0.44999999999999996,0.2183447242427697,58.93023255813954,12.0,94.0,82.0,39.88203264444898,2.6279069767441863,2.0,4.0,2.0,0.5715444524392794,9.558139534883722,1.0,16.0,15.0,7.276282994296481,1.3342360771162791,0.61804922,2.07710426,1.45905504,0.7042434979354362,0.6695348837209303,0.47,0.9,0.43000000000000005,0.2054711374329975,1.7286821705426356,0.6666666666666666,2.5,1.8333333333333335,0.7427715886021525
Li1.3Al0.3Ti1.7(PO4)3,-2.207608311,979,train,297.85,5,1.049159726908797,0.6557377049180328,0.01639344262295082,0.6557377049180328,0.0,0.0,0.0,0.0,0.07103825136612023,0.0,0.0,0.0,0.0,0.0,0.0,0.0,0.0,0.0,0.0,0.0,0.0,0.0,0.0,0.0,0.09289617486338798,0.0,0.0,0.01639344262295082,0.0,0.0,0.0,0.0,0.0,0.0,0.0,0.0,0.0,0.0,0.0,0.0,0.0,0.0,0.0,0.0,0.0,0.0,0.1639344262295082,0.0,0.0,0.0,0.0,0.0,0.0,0.0,0.0,0.0,0.6557377049180328,0.0,2.8538251366120218,0.98,3.44,2.46,0.8559771280470847,20.951133747540982,6.941,47.867,40.925999999999995,10.695135834943414,0.8109289617486337,0.6,1.45,0.85,0.3153464750479249,87.88524590163932,12.0,101.0,89.0,25.49516081415319,2.3661202185792347,2.0,4.0,2.0,0.6464275317879833,13.606557377049176,1.0,16.0,15.0,4.893216075157859,1.1385204406557374,0.075545,1.461112979,1.385567979,0.47517545352126767,0.24428051001821494,0.0,0.9,0.9,0.34972616784251925,-0.546448087431694,-2.0,4.0,6.0,2.1176960939649336
La0.56Li0.36Ti0.95Al0.05O3,-2.200659451,980,train,392.0,5,1.1045221857470429,0.6097560975609756,0.010162601626016262,0.6097560975609756,0.0,0.0,0.0,0.0,0.07317073170731707,0.0,0.11382113821138212,0.0,0.0,0.0,0.0,0.0,0.0,0.0,0.0,0.0,0.0,0.0,0.0,0.0,0.19308943089430894,0.0,0.0,0.010162601626016262,0.0,0.0,0.0,0.0,0.0,0.0,0.0,0.0,0.0,0.0,0.0,0.0,0.0,0.0,0.0,0.0,0.0,0.0,0.0,0.0,0.0,0.0,0.0,0.0,0.0,0.0,0.0,0.0,0.6097560975609756,0.0,2.6081910569105693,0.98,3.44,2.46,1.0512941019051276,35.59080287195122,6.941,138.90547,131.96447,39.22841288800495,0.976930894308943,0.6,1.95,1.35,0.4960835755430636,76.880081300813,12.0,101.0,89.0,31.801401155303594,2.8516260162601625,2.0,6.0,4.0,1.370544295166782,11.07520325203252,1.0,16.0,15.0,6.272312607523121,1.0185918756504064,0.075545,1.461112979,1.385567979,0.5749324122607882,0.37055962059620595,0.0,1.172,1.172,0.4722095158325964,-0.00203252032520318,-2.0,4.0,6.0,2.5918093185375106
Li10GeP2S12,-2.200039473,981,train,278.0,4,1.0496348213275466,0.48,0.04,0.48,0.0,0.0,0.0,0.0,0.4,0.0,0.0,0.0,0.0,0.0,0.0,0.0,0.0,0.0,0.0,0.0,0.0,0.0,0.0,0.0,0.0,0.0,0.0,0.0,0.0,0.0,0.0,0.0,0.0,0.0,0.0,0.0,0.0,0.0,0.0,0.0,0.04,0.0,0.0,0.0,0.0,0.0,0.08,0.0,0.0,0.0,0.0,0.48,0.0,0.0,0.0,0.0,0.0,0.0,1.8860000000000001,0.98,2.58,1.6,0.7533445426894656,23.55110096,6.941,72.64,65.699,15.682734537270552,1.19,1.0,1.45,0.44999999999999996,0.2177154105707724,60.48,12.0,94.0,82.0,39.639495455921235,2.64,2.0,4.0,2.0,0.5571355310873648,9.84,1.0,16.0,15.0,7.231486707448199,1.35326551812,0.61804922,2.07710426,1.45905504,0.7055025462312545,0.6604,0.47,0.9,0.43000000000000005,0.2044989975525553,1.76,0.6666666666666666,2.5,1.8333333333333335,0.7364781055808788
Li10.35Si1.35P1.65S12,-2.187086643,982,test,298.0,4,1.053760556414615,0.47337278106508873,0.05325443786982249,0.47337278106508873,0.0,0.0,0.0,0.0,0.40828402366863903,0.0,0.0,0.0,0.0,0.0,0.0,0.0,0.0,0.0,0.0,0.0,0.0,0.0,0.0,0.0,0.0,0.0,0.0,0.0,0.0,0.0,0.0,0.0,0.0,0.0,0.0,0.0,0.05325443786982249,0.0,0.0,0.0,0.0,0.0,0.0,0.0,0.0,0.0,0.0650887573964497,0.0,0.0,0.0,0.0,0.47337278106508873,0.0,0.0,0.0,0.0,0.0,0.0,1.8651479289940829,0.98,2.58,1.6,0.7541342514707,21.524318828402365,6.941,32.065,25.124,12.146195343743106,1.1890532544378698,1.0,1.45,0.44999999999999996,0.21787364723171015,59.781065088757394,12.0,94.0,82.0,39.74570792266594,2.591715976331361,2.0,3.0,1.0,0.49151620490639497,9.70414201183432,1.0,16.0,15.0,7.245977092647334,1.3581782763905323,0.61804922,2.07710426,1.45905504,0.7019371873544613,0.6544970414201182,0.47,0.9,0.43000000000000005,0.20525611434608693,1.700197238658777,0.0,2.5,2.5,0.8105525022239707
Li1.4S2.2P0.6,-2.175223538,983,train,349.75,3,0.9829007277151565,0.5238095238095238,0.14285714285714285,0.5238095238095238,0.0,0.0,0.0,0.0,0.3333333333333333,0.0,0.0,0.0,0.0,0.0,0.0,0.0,0.0,0.0,0.0,0.0,0.0,0.0,0.0,0.0,0.0,0.0,0.0,0.0,0.0,0.0,0.0,0.0,0.0,0.0,0.0,0.0,0.0,0.0,0.0,0.0,0.0,0.0,0.0,0.0,0.0,0.0,0.14285714285714285,0.0,0.0,0.0,0.0,0.5238095238095238,0.0,0.0,0.0,0.0,0.0,0.0,1.9909523809523808,0.98,2.58,1.6,0.7266944387128856,23.53444219047619,6.941,32.065,25.124,11.739029905859121,1.15,1.0,1.45,0.44999999999999996,0.21213203435596423,66.0952380952381,12.0,94.0,82.0,38.27457786387195,2.666666666666667,2.0,3.0,1.0,0.4714045207910317,10.857142857142858,1.0,16.0,15.0,6.978099852468465,1.4006818442857143,0.61804922,2.07710426,1.45905504,0.710601700997476,0.6247619047619047,0.47,0.9,0.43000000000000005,0.19645959350992806,1.880952380952381,1.0,2.5,1.5,0.6826319612776881
Li3.45Si0.45P0.55S4,-2.17198493577602,984,train,298.0,4,1.053760556414615,0.4733727810650888,0.053254437869822494,0.4733727810650888,0.0,0.0,0.0,0.0,0.4082840236686391,0.0,0.0,0.0,0.0,0.0,0.0,0.0,0.0,0.0,0.0,0.0,0.0,0.0,0.0,0.0,0.0,0.0,0.0,0.0,0.0,0.0,0.0,0.0,0.0,0.0,0.0,0.0,0.053254437869822494,0.0,0.0,0.0,0.0,0.0,0.0,0.0,0.0,0.0,0.06508875739644972,0.0,0.0,0.0,0.0,0.4733727810650888,0.0,0.0,0.0,0.0,0.0,0.0,1.865147928994083,0.98,2.58,1.6,0.7541342514707001,21.524318828402368,6.941,32.065,25.124,12.146195343743106,1.18905325443787,1.0,1.45,0.44999999999999996,0.21787364723171015,59.781065088757394,12.0,94.0,82.0,39.74570792266594,2.5917159763313613,2.0,3.0,1.0,0.49151620490639497,9.70414201183432,1.0,16.0,15.0,7.245977092647335,1.3581782763905326,0.61804922,2.07710426,1.45905504,0.7019371873544614,0.6544970414201183,0.47,0.9,0.43000000000000005,0.20525611434608693,1.7001972386587774,0.0,2.5,2.5,0.8105525022239707
Li7GePS8,-2.15490195998574,985,test,298.0,4,1.053395498360576,0.47058823529411764,0.058823529411764705,0.47058823529411764,0.0,0.0,0.0,0.0,0.4117647058823529,0.0,0.0,0.0,0.0,0.0,0.0,0.0,0.0,0.0,0.0,0.0,0.0,0.0,0.0,0.0,0.0,0.0,0.0,0.0,0.0,0.0,0.0,0.0,0.0,0.0,0.0,0.0,0.0,0.0,0.0,0.0,0.058823529411764705,0.0,0.0,0.0,0.0,0.0,0.058823529411764705,0.0,0.0,0.0,0.0,0.47058823529411764,0.0,0.0,0.0,0.0,0.0,0.0,1.8647058823529412,0.98,2.58,1.6,0.755334889865251,24.042397764705882,6.941,72.64,65.699,17.101552328465182,1.2,1.0,1.45,0.44999999999999996,0.21693045781865616,59.41176470588235,12.0,94.0,82.0,39.73894048667453,2.6470588235294117,2.0,4.0,2.0,0.5882352941176471,9.647058823529411,1.0,16.0,15.0,7.251297461757636,1.3483802437058823,0.61804922,2.07710426,1.45905504,0.7011548976511491,0.6694117647058824,0.47,0.9,0.43000000000000005,0.2050386072178286,1.7254901960784315,0.6666666666666666,2.5,1.8333333333333335,0.7517760593208161
Li1.4Al0.4Ti1.6(PO4)3,-2.150580586,986,train,416.0,5,1.0660861369642038,0.6521739130434783,0.02173913043478261,0.6521739130434783,0.0,0.0,0.0,0.0,0.07608695652173914,0.0,0.0,0.0,0.0,0.0,0.0,0.0,0.0,0.0,0.0,0.0,0.0,0.0,0.0,0.0,0.08695652173913045,0.0,0.0,0.02173913043478261,0.0,0.0,0.0,0.0,0.0,0.0,0.0,0.0,0.0,0.0,0.0,0.0,0.0,0.0,0.0,0.0,0.0,0.0,0.16304347826086957,0.0,0.0,0.0,0.0,0.0,0.0,0.0,0.0,0.0,0.6521739130434783,0.0,2.8440217391304348,0.98,3.44,2.46,0.8641344749700466,20.761483773913046,6.941,47.867,40.925999999999995,10.538282466717746,0.8135869565217391,0.6,1.45,0.85,0.31666599301822024,87.63043478260872,12.0,101.0,89.0,25.89683436726865,2.3586956521739135,2.0,4.0,2.0,0.6355675611323356,13.58695652173913,1.0,16.0,15.0,4.917033777799649,1.137633586195652,0.075545,1.461112979,1.385567979,0.4718067951306447,0.2468840579710145,0.0,0.9,0.9,0.35068068879629516,-0.5434782608695652,-2.0,4.0,6.0,2.1045828710510817
Li10(Ge0.416Sn0.584)P2S12,-2.12901118623942,987,train,298.0,5,1.0767935427972173,0.48,0.01664,0.48,0.0,0.0,0.0,0.0,0.4,0.0,0.0,0.0,0.0,0.0,0.0,0.0,0.0,0.0,0.0,0.0,0.0,0.0,0.0,0.0,0.0,0.0,0.0,0.0,0.0,0.0,0.0,0.0,0.0,0.0,0.0,0.0,0.0,0.0,0.0,0.02336,0.01664,0.0,0.0,0.0,0.0,0.0,0.08,0.0,0.0,0.0,0.0,0.48,0.0,0.0,0.0,0.0,0.0,0.0,1.884832,0.98,2.58,1.6,0.7531901298981554,24.627296159999997,6.941,118.71,111.76899999999999,20.000718846138025,1.194672,1.0,1.45,0.44999999999999996,0.221072866756642,60.45663999999999,12.0,94.0,82.0,39.62592030363964,2.66336,2.0,5.0,3.0,0.6298837276831336,9.84,1.0,16.0,15.0,7.2314867074482,1.35044815698432,0.61804922,2.07710426,1.45905504,0.7062189338927026,0.6618016,0.47,0.9,0.43000000000000005,0.2054487825163245,1.76,0.6666666666666666,2.5,1.8333333333333335,0.7364781055808788
Li6.25Ba1.25La1.75Ta2O12,-2.118615343,988,test,473.0,5,1.257399094397555,0.5161290322580645,0.053763440860215055,0.5161290322580645,0.0,0.053763440860215055,0.0,0.0,0.26881720430107525,0.0,0.07526881720430108,0.0,0.0,0.0,0.0,0.0,0.0,0.0,0.0,0.0,0.0,0.0,0.0,0.08602150537634409,0.0,0.0,0.0,0.0,0.0,0.0,0.0,0.0,0.0,0.0,0.0,0.0,0.0,0.0,0.0,0.0,0.0,0.0,0.0,0.0,0.0,0.0,0.0,0.0,0.0,0.0,0.0,0.0,0.0,0.0,0.0,0.0,0.5161290322580645,0.0,2.298602150537634,0.89,3.44,2.55,1.1872128663819737,43.52744655913978,6.941,180.94788,174.00688,59.4403866272137,1.0865591397849461,0.6,2.15,1.5499999999999998,0.534766544629686,63.064516129032256,12.0,101.0,89.0,40.641312328425386,2.8602150537634405,2.0,6.0,4.0,1.643438552648843,9.29032258064516,1.0,16.0,15.0,7.009334245319479,0.9982954917419353,0.144626,1.461112979,1.316486979,0.4917055985283417,0.4807956989247312,0.0,1.49,1.49,0.516881562506267,1.1102230246251565e-16,-2.0,5.0,7.0,2.3186944788008415
Li10.2(Sn0.2Si0.8)1.2P1.8S12,-2.10679324694015,989,train,298.0,5,1.0767029825670984,0.4761904761904762,0.009523809523809523,0.4761904761904762,0.0,0.0,0.0,0.0,0.40476190476190477,0.0,0.0,0.0,0.0,0.0,0.0,0.0,0.0,0.0,0.0,0.0,0.0,0.0,0.0,0.0,0.0,0.0,0.0,0.0,0.0,0.0,0.0,0.0,0.0,0.0,0.0,0.0,0.03809523809523809,0.0,0.0,0.009523809523809523,0.0,0.0,0.0,0.0,0.0,0.0,0.07142857142857144,0.0,0.0,0.0,0.0,0.4761904761904762,0.0,0.0,0.0,0.0,0.0,0.0,1.8727142857142858,0.98,2.58,1.6,0.7537094073635404,22.491406809523813,6.941,118.71,111.76899999999999,15.363112624303325,1.190238095238095,1.0,1.45,0.44999999999999996,0.21927899271017945,60.07619047619048,12.0,94.0,82.0,39.70107237080997,2.6142857142857143,2.0,5.0,3.0,0.5422929398886374,9.761904761904761,1.0,16.0,15.0,7.240131292579358,1.356114557095238,0.61804922,2.07710426,1.45905504,0.7036843497059272,0.6558571428571429,0.47,0.9,0.43000000000000005,0.2053672171441952,1.7206349206349207,0.0,2.5,2.5,0.7893119494151498
Li5PS4(BH4)2,-2.099086932,990,train,298.0,5,1.415022588493559,0.4,0.05,0.2,0.0,0.0,0.0,0.0,0.25,0.0,0.0,0.0,0.0,0.0,0.0,0.0,0.0,0.0,0.0,0.0,0.0,0.0,0.0,0.0,0.0,0.0,0.0,0.0,0.0,0.0,0.0,0.0,0.0,0.0,0.0,0.0,0.0,0.0,0.0,0.0,0.0,0.0,0.1,0.0,0.0,0.0,0.05,0.4,0.0,0.0,0.0,0.2,0.0,0.0,0.0,0.0,0.0,0.0,1.9545000000000001,0.98,2.58,1.6,0.5858965352346778,11.1812141,1.00794,32.065,31.057059999999996,12.358014097703295,0.7975000000000001,0.25,1.45,1.2,0.48669163748722866,76.10000000000001,12.0,103.0,91.0,37.419112763399404,1.85,1.0,3.0,2.0,0.7921489758877429,5.9,1.0,16.0,15.0,6.722350779303324,0.9369140135,0.27972325,2.07710426,1.79738101,0.5863281367446592,0.38750000000000007,0.0,0.9,0.9,0.35841142559912903,1.1333333333333333,0.0,3.0,3.0,1.1200198410940962
Li2.8In1.8Ti0.2(PO4)3,-2.084072788,991,train,573.0,5,1.1304405515436933,0.6060606060606061,0.010101010101010102,0.6060606060606061,0.0,0.0,0.0,0.0,0.1414141414141414,0.0,0.0,0.0,0.0,0.0,0.0,0.0,0.0,0.0,0.0,0.0,0.0,0.0,0.0,0.0,0.010101010101010102,0.0,0.0,0.0,0.0,0.0,0.0,0.0,0.09090909090909091,0.0,0.0,0.0,0.0,0.0,0.0,0.0,0.0,0.0,0.0,0.0,0.0,0.0,0.15151515151515152,0.0,0.0,0.0,0.0,0.0,0.0,0.0,0.0,0.0,0.6060606060606061,0.0,2.732626262626263,0.98,3.44,2.46,0.9376141932969502,26.292660909090912,6.941,114.818,107.877,28.941712897157252,0.8752525252525252,0.6,1.55,0.9500000000000001,0.3730419410285529,84.24242424242425,12.0,101.0,89.0,30.44521189705176,2.444444444444444,2.0,5.0,3.0,0.9014267279726508,13.333333333333334,1.0,16.0,15.0,5.208772708739856,1.1217119542424243,0.075545,1.461112979,1.385567979,0.4330651841144968,0.30466329966329964,0.0,0.94,0.94,0.3939707626579564,-0.505050505050505,-2.0,4.0,6.0,1.926461511081443
Li1.6Ga0.6Ti1.4(PO4)3,-2.075720714,992,test,573.0,5,1.0935224287157355,0.6451612903225806,0.03225806451612903,0.6451612903225806,0.0,0.0,0.0,0.0,0.08602150537634408,0.0,0.0,0.0,0.0,0.0,0.0,0.0,0.0,0.0,0.0,0.0,0.0,0.0,0.0,0.0,0.07526881720430106,0.0,0.0,0.0,0.0,0.0,0.0,0.0,0.0,0.03225806451612903,0.0,0.0,0.0,0.0,0.0,0.0,0.0,0.0,0.0,0.0,0.0,0.0,0.16129032258064516,0.0,0.0,0.0,0.0,0.0,0.0,0.0,0.0,0.0,0.6451612903225806,0.0,2.831182795698924,0.98,3.44,2.46,0.8714082650716567,21.76705838709677,6.941,69.723,62.782,13.39782745955663,0.8204301075268816,0.6,1.45,0.85,0.3214748070481653,87.16129032258064,12.0,101.0,89.0,26.654415326537997,2.376344086021505,2.0,4.0,2.0,0.6706437044951689,13.548387096774194,1.0,16.0,15.0,4.963341159245384,1.1316411032258062,0.075545,1.461112979,1.385567979,0.4720522493787875,0.2547491039426523,0.0,0.9,0.9,0.3560871876371243,-0.5376344086021505,-2.0,4.0,6.0,2.078525496380255
Li1.3Fe0.3Ti1.7(PO4)3,-2.066512712,993,train,573.0,5,1.049159726908797,0.6557377049180328,0.01639344262295082,0.6557377049180328,0.0,0.0,0.0,0.0,0.07103825136612023,0.0,0.0,0.0,0.0,0.0,0.0,0.0,0.0,0.0,0.0,0.0,0.0,0.0,0.0,0.0,0.09289617486338798,0.0,0.0,0.0,0.0,0.0,0.0,0.0,0.0,0.0,0.01639344262295082,0.0,0.0,0.0,0.0,0.0,0.0,0.0,0.0,0.0,0.0,0.0,0.1639344262295082,0.0,0.0,0.0,0.0,0.0,0.0,0.0,0.0,0.0,0.6557377049180328,0.0,2.857431693989071,0.98,3.44,2.46,0.8511788446984322,21.42430524590164,6.941,55.845,48.903999999999996,11.55535537917643,0.8133879781420763,0.6,1.45,0.85,0.3193204828764304,87.57377049180327,12.0,101.0,89.0,25.704792572460637,2.3825136612021853,2.0,4.0,2.0,0.6743709625781368,13.524590163934423,1.0,16.0,15.0,4.944301430466501,1.133936856229508,0.075545,1.461112979,1.385567979,0.48324052395458095,0.2471903460837887,0.0,0.9,0.9,0.35400998212156937,-0.5546448087431693,-2.0,4.0,6.0,2.104882283543009
Li10Ge0.95Si0.05P2S12,-2.065501549,994,train,298.0,5,1.0575754310613816,0.48,0.002,0.48,0.0,0.0,0.0,0.0,0.4,0.0,0.0,0.0,0.0,0.0,0.0,0.0,0.0,0.0,0.0,0.0,0.0,0.0,0.0,0.0,0.0,0.0,0.0,0.0,0.0,0.0,0.0,0.0,0.0,0.0,0.0,0.0,0.002,0.0,0.0,0.0,0.038,0.0,0.0,0.0,0.0,0.0,0.08,0.0,0.0,0.0,0.0,0.48,0.0,0.0,0.0,0.0,0.0,0.0,1.88578,0.98,2.58,1.6,0.7533243601530486,23.46199196,6.941,72.64,65.699,15.529388387312839,1.1897,1.0,1.45,0.44999999999999996,0.2177358721019575,60.482,12.0,94.0,82.0,39.6407073095322,2.638,2.0,4.0,2.0,0.5540360999068562,9.84,1.0,16.0,15.0,7.231486707448199,1.353579207854,0.61804922,2.07710426,1.45905504,0.7054837275469407,0.65994,0.47,0.9,0.43000000000000005,0.20451062661876523,1.7586666666666666,0.0,2.5,2.5,0.7390552527833536
Li10.5(Sn0.2Si0.8)1.5P1.5S12,-2.05601112492623,995,train,298.0,5,1.082830935039293,0.47058823529411764,0.011764705882352943,0.47058823529411764,0.0,0.0,0.0,0.0,0.4117647058823529,0.0,0.0,0.0,0.0,0.0,0.0,0.0,0.0,0.0,0.0,0.0,0.0,0.0,0.0,0.0,0.0,0.0,0.0,0.0,0.0,0.0,0.0,0.0,0.0,0.0,0.0,0.0,0.04705882352941177,0.0,0.0,0.011764705882352943,0.0,0.0,0.0,0.0,0.0,0.0,0.058823529411764705,0.0,0.0,0.0,0.0,0.47058823529411764,0.0,0.0,0.0,0.0,0.0,0.0,1.8589411764705883,0.98,2.58,1.6,0.7546000475973415,22.487715411764704,6.941,118.71,111.76899999999999,16.041351549600517,1.1952941176470588,1.0,1.45,0.44999999999999996,0.2193068665822021,59.44705882352941,12.0,94.0,82.0,39.761496563843515,2.6117647058823525,2.0,5.0,3.0,0.5550647582157858,9.647058823529411,1.0,16.0,15.0,7.251297461757636,1.3543422820000002,0.61804922,2.07710426,1.45905504,0.7010932696614482,0.6592941176470588,0.47,0.9,0.43000000000000005,0.20599707727963248,1.6941176470588235,0.0,2.5,2.5,0.8071765763294025
((Li2S)0.6(SiS2)0.4)95(Li4SiO4)5,-2.045757491,996,train,382.0,4,1.1676586614519853,0.40606060606060607,0.06060606060606061,0.4636363636363636,0.0,0.0,0.0,0.0,0.40606060606060607,0.0,0.0,0.0,0.0,0.0,0.0,0.0,0.0,0.0,0.0,0.0,0.0,0.0,0.0,0.0,0.0,0.0,0.0,0.0,0.0,0.0,0.0,0.0,0.0,0.0,0.0,0.0,0.1303030303030303,0.0,0.0,0.0,0.0,0.0,0.0,0.0,0.0,0.0,0.0,0.0,0.0,0.0,0.0,0.403030303030303,0.0,0.0,0.0,0.0,0.06060606060606061,0.0,1.8938181818181818,0.98,3.44,2.46,0.8208203381667692,20.370919696969697,6.941,32.065,25.124,11.71607246967225,1.1715151515151514,0.6,1.45,0.85,0.2526060678764612,59.95454545454545,12.0,101.0,89.0,39.80933034313873,2.5333333333333337,2.0,3.0,1.0,0.49888765156985887,9.648484848484848,1.0,16.0,15.0,7.1793526006821775,1.3577125353939394,0.61804922,2.07710426,1.45905504,0.6568975208990835,0.6252424242424243,0.0,0.9,0.9,0.25496423163319376,1.2924242424242425,-2.0,2.5,4.5,1.2235455937636184
Li0.33La0.56Ti0.96Al0.04O2.96F0.04,-2.022276395,997,train,473.0,6,1.1322017042819161,0.6053169734151329,0.0081799591002045,0.6134969325153374,0.0,0.0,0.0,0.0,0.06748466257668713,0.0,0.114519427402863,0.0,0.0,0.0,0.0,0.0,0.0,0.0,0.0,0.0,0.0,0.0,0.0,0.0,0.19631901840490798,0.0,0.0,0.0081799591002045,0.0,0.0,0.0,0.0,0.0,0.0,0.0,0.0,0.0,0.0,0.0,0.0,0.0,0.0,0.0,0.0,0.0,0.0,0.0,0.0,0.0,0.0,0.0,0.0,0.0,0.0,0.0,0.0,0.6053169734151329,0.0081799591002045,2.6224539877300614,0.98,3.98,3.0,1.051457120430372,35.83381081226994,6.941,138.90547,131.96447,39.27446434111007,0.9735173824130878,0.5,1.95,1.45,0.4971278450043095,77.22699386503068,12.0,102.0,90.0,31.517314476681676,2.8588957055214723,2.0,6.0,4.0,1.3740687894724983,11.12678936605317,1.0,17.0,16.0,6.2563079103681245,1.0361882874028627,0.075545,3.401189824,3.325644824,0.6141923479277984,0.36947239263803683,0.0,1.172,1.172,0.471142184661512,0.002044989775051187,-2.0,4.0,6.0,2.5965991424092354
Li1.4S2.2P0.6,-2.013228266,998,train,410.02,3,0.9829007277151565,0.5238095238095238,0.14285714285714285,0.5238095238095238,0.0,0.0,0.0,0.0,0.3333333333333333,0.0,0.0,0.0,0.0,0.0,0.0,0.0,0.0,0.0,0.0,0.0,0.0,0.0,0.0,0.0,0.0,0.0,0.0,0.0,0.0,0.0,0.0,0.0,0.0,0.0,0.0,0.0,0.0,0.0,0.0,0.0,0.0,0.0,0.0,0.0,0.0,0.0,0.14285714285714285,0.0,0.0,0.0,0.0,0.5238095238095238,0.0,0.0,0.0,0.0,0.0,0.0,1.9909523809523808,0.98,2.58,1.6,0.7266944387128856,23.53444219047619,6.941,32.065,25.124,11.739029905859121,1.15,1.0,1.45,0.44999999999999996,0.21213203435596423,66.0952380952381,12.0,94.0,82.0,38.27457786387195,2.666666666666667,2.0,3.0,1.0,0.4714045207910317,10.857142857142858,1.0,16.0,15.0,6.978099852468465,1.4006818442857143,0.61804922,2.07710426,1.45905504,0.710601700997476,0.6247619047619047,0.47,0.9,0.43000000000000005,0.19645959350992806,1.880952380952381,1.0,2.5,1.5,0.6826319612776881
La0.55Li0.361Ti0.995Al0.005O3,-2.0,999,train,373.0,5,1.0686242502851284,0.6108735491753208,0.001018122581958868,0.6108735491753208,0.0,0.0,0.0,0.0,0.07350845041743026,0.0,0.11199348401547549,0.0,0.0,0.0,0.0,0.0,0.0,0.0,0.0,0.0,0.0,0.0,0.0,0.0,0.2026063938098147,0.0,0.0,0.001018122581958868,0.0,0.0,0.0,0.0,0.0,0.0,0.0,0.0,0.0,0.0,0.0,0.0,0.0,0.0,0.0,0.0,0.0,0.0,0.0,0.0,0.0,0.0,0.0,0.0,0.0,0.0,0.0,0.0,0.6108735491753208,0.0,2.6102891468132765,0.98,3.44,2.46,1.0509394997303938,35.56597071736917,6.941,138.90547,131.96447,38.997719203281854,0.9764202810018328,0.6,1.95,1.35,0.4956046821050602,76.69049073508451,12.0,101.0,89.0,31.87681040703715,2.8542048462634906,2.0,6.0,4.0,1.3688219470364993,11.007126858073713,1.0,16.0,15.0,6.302539309121303,1.0161752322174709,0.075545,1.461112979,1.385567979,0.5794412584066069,0.37065431344600563,0.0,1.172,1.172,0.47266404388694927,0.0012217470983506562,-2.0,4.0,6.0,2.6030382084761428
LiTaAlP3O12,-2.0,1000,train,623.0,5,1.0506652765928128,0.6666666666666666,0.05555555555555555,0.6666666666666666,0.0,0.0,0.0,0.0,0.05555555555555555,0.0,0.0,0.0,0.0,0.0,0.0,0.0,0.0,0.0,0.0,0.0,0.0,0.0,0.0,0.05555555555555555,0.0,0.0,0.0,0.05555555555555555,0.0,0.0,0.0,0.0,0.0,0.0,0.0,0.0,0.0,0.0,0.0,0.0,0.0,0.0,0.0,0.0,0.0,0.0,0.16666666666666666,0.0,0.0,0.0,0.0,0.0,0.0,0.0,0.0,0.0,0.6666666666666666,0.0,2.8855555555555554,0.98,3.44,2.46,0.827252629841844,27.765805811111115,6.941,180.94788,174.00688,37.70594418376797,0.7972222222222222,0.6,1.45,0.85,0.3025228284417476,90.33333333333334,12.0,101.0,89.0,22.457367016935297,2.444444444444445,2.0,6.0,4.0,0.9558139185602919,14.222222222222225,1.0,16.0,15.0,4.090036070956881,1.1751625848888891,0.32885923,1.461112979,1.132253749,0.41565481741642046,0.22472222222222224,0.0,0.9,0.9,0.32800098332433153,-0.5555555555555557,-2.0,5.0,7.0,2.182986967154278
Li1.4Al0.4Ti1.6(PO4)3,-1.982966661,1001,train,476.0,5,1.0660861369642038,0.6521739130434783,0.02173913043478261,0.6521739130434783,0.0,0.0,0.0,0.0,0.07608695652173914,0.0,0.0,0.0,0.0,0.0,0.0,0.0,0.0,0.0,0.0,0.0,0.0,0.0,0.0,0.0,0.08695652173913045,0.0,0.0,0.02173913043478261,0.0,0.0,0.0,0.0,0.0,0.0,0.0,0.0,0.0,0.0,0.0,0.0,0.0,0.0,0.0,0.0,0.0,0.0,0.16304347826086957,0.0,0.0,0.0,0.0,0.0,0.0,0.0,0.0,0.0,0.6521739130434783,0.0,2.8440217391304348,0.98,3.44,2.46,0.8641344749700466,20.761483773913046,6.941,47.867,40.925999999999995,10.538282466717746,0.8135869565217391,0.6,1.45,0.85,0.31666599301822024,87.63043478260872,12.0,101.0,89.0,25.89683436726865,2.3586956521739135,2.0,4.0,2.0,0.6355675611323356,13.58695652173913,1.0,16.0,15.0,4.917033777799649,1.137633586195652,0.075545,1.461112979,1.385567979,0.4718067951306447,0.2468840579710145,0.0,0.9,0.9,0.35068068879629516,-0.5434782608695652,-2.0,4.0,6.0,2.1045828710510817
Li10.5Ge1.5P1.5S12,-1.95860731484178,1002,train,298.0,4,1.053395498360576,0.47058823529411764,0.058823529411764705,0.47058823529411764,0.0,0.0,0.0,0.0,0.4117647058823529,0.0,0.0,0.0,0.0,0.0,0.0,0.0,0.0,0.0,0.0,0.0,0.0,0.0,0.0,0.0,0.0,0.0,0.0,0.0,0.0,0.0,0.0,0.0,0.0,0.0,0.0,0.0,0.0,0.0,0.0,0.0,0.058823529411764705,0.0,0.0,0.0,0.0,0.0,0.058823529411764705,0.0,0.0,0.0,0.0,0.47058823529411764,0.0,0.0,0.0,0.0,0.0,0.0,1.8647058823529412,0.98,2.58,1.6,0.755334889865251,24.042397764705882,6.941,72.64,65.699,17.101552328465182,1.2,1.0,1.45,0.44999999999999996,0.21693045781865616,59.41176470588235,12.0,94.0,82.0,39.73894048667453,2.6470588235294117,2.0,4.0,2.0,0.5882352941176471,9.647058823529411,1.0,16.0,15.0,7.251297461757636,1.3483802437058823,0.61804922,2.07710426,1.45905504,0.7011548976511491,0.6694117647058824,0.47,0.9,0.43000000000000005,0.2050386072178286,1.7254901960784315,0.6666666666666666,2.5,1.8333333333333335,0.7517760593208161
Li10.35(Sn0.27Si1.08)P1.65S12,-1.95860731484178,1003,test,298.0,5,1.080409206188838,0.47337278106508873,0.010650887573964497,0.47337278106508873,0.0,0.0,0.0,0.0,0.40828402366863903,0.0,0.0,0.0,0.0,0.0,0.0,0.0,0.0,0.0,0.0,0.0,0.0,0.0,0.0,0.0,0.0,0.0,0.0,0.0,0.0,0.0,0.0,0.0,0.0,0.0,0.0,0.0,0.04260355029585799,0.0,0.0,0.010650887573964497,0.0,0.0,0.0,0.0,0.0,0.0,0.0650887573964497,0.0,0.0,0.0,0.0,0.47337278106508873,0.0,0.0,0.0,0.0,0.0,0.0,1.865786982248521,0.98,2.58,1.6,0.7541889343568214,22.489550189349117,6.941,118.71,111.76899999999999,15.70789976036544,1.1927810650887576,1.0,1.45,0.44999999999999996,0.21930758302628314,59.75976331360947,12.0,94.0,82.0,39.7327199156645,2.61301775147929,2.0,5.0,3.0,0.5487552398787209,9.704142011834321,1.0,16.0,15.0,7.245977092647335,1.3552231761301776,0.61804922,2.07710426,1.45905504,0.7023828974968239,0.6575857988165681,0.47,0.9,0.43000000000000005,0.20569143038068993,1.7072978303747535,0.0,2.5,2.5,0.7984571719339625
Li10SnP2S12,-1.950007143,1004,test,333.0,4,1.0496348213275466,0.48,0.04,0.48,0.0,0.0,0.0,0.0,0.4,0.0,0.0,0.0,0.0,0.0,0.0,0.0,0.0,0.0,0.0,0.0,0.0,0.0,0.0,0.0,0.0,0.0,0.0,0.0,0.0,0.0,0.0,0.0,0.0,0.0,0.0,0.0,0.0,0.0,0.0,0.04,0.0,0.0,0.0,0.0,0.0,0.0,0.08,0.0,0.0,0.0,0.0,0.48,0.0,0.0,0.0,0.0,0.0,0.0,1.8840000000000001,0.98,2.58,1.6,0.7530790131188095,25.39390096,6.941,118.71,111.76899999999999,22.547108307459798,1.198,1.0,1.45,0.44999999999999996,0.2233741256278354,60.44,12.0,94.0,82.0,39.61623909459352,2.68,2.0,5.0,3.0,0.6764613810115105,9.84,1.0,16.0,15.0,7.2314867074482,1.3484412695999999,0.61804922,2.07710426,1.45905504,0.7067219448505723,0.6628,0.47,0.9,0.43000000000000005,0.20611686005758967,1.76,0.6666666666666666,2.5,1.8333333333333335,0.7364781055808788
(Li2S)0.4((Ga2S3)0.1(GeS2)0.9)0.6,-1.924088239,1005,train,478.0,4,1.1135925405241505,0.532051282051282,0.03846153846153846,0.532051282051282,0.0,0.0,0.0,0.0,0.25641025641025644,0.0,0.0,0.0,0.0,0.0,0.0,0.0,0.0,0.0,0.0,0.0,0.0,0.0,0.0,0.0,0.0,0.0,0.0,0.0,0.0,0.0,0.0,0.0,0.0,0.03846153846153846,0.0,0.0,0.0,0.0,0.0,0.0,0.17307692307692307,0.0,0.0,0.0,0.0,0.0,0.0,0.0,0.0,0.0,0.0,0.532051282051282,0.0,0.0,0.0,0.0,0.0,0.0,2.0414743589743587,0.98,2.58,1.6,0.667410614861434,34.09392948717949,6.941,72.64,65.699,22.298400129488474,1.1701923076923078,1.0,1.45,0.44999999999999996,0.19296761769605264,70.74358974358974,12.0,94.0,82.0,34.74261991266336,2.9551282051282053,2.0,4.0,2.0,0.6825944916080862,11.692307692307692,1.0,16.0,15.0,6.338340178076415,1.4885312976346154,0.30116615,2.07710426,1.77593811,0.666452285951913,0.6433333333333333,0.47,0.9,0.43000000000000005,0.19020344483565602,1.8173076923076923,0.6666666666666666,3.0,2.3333333333333335,0.8379740114030877
Li1.2Ta0.9Al1.1P3O12,-1.920818754,1006,train,623.0,5,1.0693600959890248,0.6593406593406593,0.049450549450549455,0.6593406593406593,0.0,0.0,0.0,0.0,0.06593406593406594,0.0,0.0,0.0,0.0,0.0,0.0,0.0,0.0,0.0,0.0,0.0,0.0,0.0,0.0,0.049450549450549455,0.0,0.0,0.0,0.06043956043956045,0.0,0.0,0.0,0.0,0.0,0.0,0.0,0.0,0.0,0.0,0.0,0.0,0.0,0.0,0.0,0.0,0.0,0.0,0.16483516483516483,0.0,0.0,0.0,0.0,0.0,0.0,0.0,0.0,0.0,0.6593406593406593,0.0,2.8652197802197805,0.98,3.44,2.46,0.8454036723832423,26.690992882417582,6.941,180.94788,174.00688,35.788284853627566,0.8032967032967032,0.6,1.45,0.85,0.3065047727253484,89.62637362637362,12.0,101.0,89.0,23.626976736488256,2.4230769230769234,2.0,6.0,4.0,0.9151444878505688,14.12087912087912,1.0,16.0,15.0,4.242213720349848,1.1696117554395604,0.32885923,1.461112979,1.132253749,0.4163444437961978,0.23134615384615387,0.0,0.9,0.9,0.3324703175407493,-0.5494505494505494,-2.0,5.0,7.0,2.1539489397616722
Li1.5Al0.5Ge1.5(PO4)3,-1.920818754,1007,train,319.92,5,1.0807686565434764,0.6486486486486487,0.02702702702702703,0.6486486486486487,0.0,0.0,0.0,0.0,0.08108108108108109,0.0,0.0,0.0,0.0,0.0,0.0,0.0,0.0,0.0,0.0,0.0,0.0,0.0,0.0,0.0,0.0,0.0,0.0,0.02702702702702703,0.0,0.0,0.0,0.0,0.0,0.0,0.0,0.0,0.0,0.0,0.0,0.0,0.08108108108108109,0.0,0.0,0.0,0.0,0.0,0.16216216216216217,0.0,0.0,0.0,0.0,0.0,0.0,0.0,0.0,0.0,0.6486486486486487,0.0,2.872432432432433,0.98,3.44,2.46,0.8235467311619887,22.582505691891896,6.941,72.64,65.699,16.21906921418632,0.8040540540540541,0.6,1.45,0.85,0.2975981278953345,90.05405405405406,12.0,101.0,89.0,24.029200643480543,2.3513513513513513,2.0,4.0,2.0,0.6245524328806131,14.378378378378379,1.0,16.0,15.0,4.04268676615716,1.2305777852702704,0.432835,1.461112979,1.0282779789999998,0.34652132179596484,0.24283783783783786,0.0,0.9,0.9,0.3408029876719626,-0.8108108108108109,-2.0,3.0,5.0,1.6577066189400707
Li10.05Ge1.05P1.95S12,-1.91364016932525,1008,train,298.0,4,1.050674956347938,0.47904191616766467,0.041916167664670656,0.47904191616766467,0.0,0.0,0.0,0.0,0.40119760479041916,0.0,0.0,0.0,0.0,0.0,0.0,0.0,0.0,0.0,0.0,0.0,0.0,0.0,0.0,0.0,0.0,0.0,0.0,0.0,0.0,0.0,0.0,0.0,0.0,0.0,0.0,0.0,0.0,0.0,0.0,0.0,0.041916167664670656,0.0,0.0,0.0,0.0,0.0,0.0778443113772455,0.0,0.0,0.0,0.0,0.47904191616766467,0.0,0.0,0.0,0.0,0.0,0.0,1.8838323353293411,0.98,2.58,1.6,0.7535749024252367,23.601113209580838,6.941,72.64,65.699,15.833675659840646,1.1910179640718561,1.0,1.45,0.44999999999999996,0.2176566398044057,60.37125748502994,12.0,94.0,82.0,39.65094572921466,2.6407185628742518,2.0,4.0,2.0,0.5603843514873935,9.820359281437126,1.0,16.0,15.0,7.233741124021509,1.352768214736527,0.61804922,2.07710426,1.45905504,0.7050627443470109,0.661317365269461,0.47,0.9,0.43000000000000005,0.20457214266545398,1.756487025948104,0.6666666666666666,2.5,1.8333333333333335,0.7381236445443269
Li3.8Ge0.8P0.2S4,-1.899629455,1009,test,563.0,4,1.0250040993791305,0.45454545454545453,0.022727272727272728,0.45454545454545453,0.0,0.0,0.0,0.0,0.43181818181818177,0.0,0.0,0.0,0.0,0.0,0.0,0.0,0.0,0.0,0.0,0.0,0.0,0.0,0.0,0.0,0.0,0.0,0.0,0.0,0.0,0.0,0.0,0.0,0.0,0.0,0.0,0.0,0.0,0.0,0.0,0.0,0.09090909090909091,0.0,0.0,0.0,0.0,0.0,0.022727272727272728,0.0,0.0,0.0,0.0,0.45454545454545453,0.0,0.0,0.0,0.0,0.0,0.0,1.8284090909090907,0.98,2.58,1.6,0.7573366706060312,24.8798355,6.941,72.64,65.699,19.251939414181575,1.2170454545454543,1.0,1.45,0.44999999999999996,0.2145140337161115,57.59090909090909,12.0,94.0,82.0,39.84191384928131,2.6590909090909087,2.0,4.0,2.0,0.637580006322979,9.318181818181818,1.0,16.0,15.0,7.273153396607177,1.3400530714090908,0.61804922,2.07710426,1.45905504,0.6936020191400111,0.6847727272727273,0.47,0.9,0.43000000000000005,0.20504421514709764,1.6666666666666665,0.6666666666666666,2.5,1.8333333333333335,0.7736180249224086
((Li2S)0.6(SiS2)0.4)95(Li4SiO4)5,-1.879426069,1010,train,403.0,4,1.1676586614519853,0.40606060606060607,0.06060606060606061,0.4636363636363636,0.0,0.0,0.0,0.0,0.40606060606060607,0.0,0.0,0.0,0.0,0.0,0.0,0.0,0.0,0.0,0.0,0.0,0.0,0.0,0.0,0.0,0.0,0.0,0.0,0.0,0.0,0.0,0.0,0.0,0.0,0.0,0.0,0.0,0.1303030303030303,0.0,0.0,0.0,0.0,0.0,0.0,0.0,0.0,0.0,0.0,0.0,0.0,0.0,0.0,0.403030303030303,0.0,0.0,0.0,0.0,0.06060606060606061,0.0,1.8938181818181818,0.98,3.44,2.46,0.8208203381667692,20.370919696969697,6.941,32.065,25.124,11.71607246967225,1.1715151515151514,0.6,1.45,0.85,0.2526060678764612,59.95454545454545,12.0,101.0,89.0,39.80933034313873,2.5333333333333337,2.0,3.0,1.0,0.49888765156985887,9.648484848484848,1.0,16.0,15.0,7.1793526006821775,1.3577125353939394,0.61804922,2.07710426,1.45905504,0.6568975208990835,0.6252424242424243,0.0,0.9,0.9,0.25496423163319376,1.2924242424242425,-2.0,2.5,4.5,1.2235455937636184
Li10.2Ge1.2P1.8S12,-1.87942606879415,1011,train,298.0,4,1.0528742957319466,0.4761904761904762,0.047619047619047616,0.4761904761904762,0.0,0.0,0.0,0.0,0.40476190476190477,0.0,0.0,0.0,0.0,0.0,0.0,0.0,0.0,0.0,0.0,0.0,0.0,0.0,0.0,0.0,0.0,0.0,0.0,0.0,0.0,0.0,0.0,0.0,0.0,0.0,0.0,0.0,0.0,0.0,0.0,0.0,0.047619047619047616,0.0,0.0,0.0,0.0,0.0,0.07142857142857144,0.0,0.0,0.0,0.0,0.4761904761904762,0.0,0.0,0.0,0.0,0.0,0.0,1.8773809523809524,0.98,2.58,1.6,0.7542232192123848,23.74995919047619,6.941,72.64,65.699,16.27371462938814,1.194047619047619,1.0,1.45,0.44999999999999996,0.21745343807911222,60.04761904761905,12.0,94.0,82.0,39.68324126363935,2.6428571428571432,2.0,4.0,2.0,0.5699385335040869,9.761904761904763,1.0,16.0,15.0,7.240131292579359,1.3512881451428571,0.61804922,2.07710426,1.45905504,0.7037501045794253,0.6640476190476191,0.47,0.9,0.43000000000000005,0.20476536541926094,1.746031746031746,0.6666666666666666,2.5,1.8333333333333335,0.7429012332594642
Li6BaLa2Ta2O12,-1.869666232,1012,train,473.0,5,1.2510583317959272,0.5217391304347826,0.043478260869565216,0.5217391304347826,0.0,0.043478260869565216,0.0,0.0,0.2608695652173913,0.0,0.08695652173913043,0.0,0.0,0.0,0.0,0.0,0.0,0.0,0.0,0.0,0.0,0.0,0.0,0.08695652173913043,0.0,0.0,0.0,0.0,0.0,0.0,0.0,0.0,0.0,0.0,0.0,0.0,0.0,0.0,0.0,0.0,0.0,0.0,0.0,0.0,0.0,0.0,0.0,0.0,0.0,0.0,0.0,0.0,0.0,0.0,0.0,0.0,0.5217391304347826,0.0,2.315217391304348,0.89,3.44,2.55,1.1830758348482528,43.94228260869565,6.941,180.94788,174.00688,59.66646882401103,1.0804347826086955,0.6,2.15,1.5499999999999998,0.5323735061913937,63.826086956521735,12.0,101.0,89.0,40.3039022535288,2.869565217391304,2.0,6.0,4.0,1.6498839966095893,9.391304347826086,1.0,16.0,15.0,6.982830685734351,1.0069168664347825,0.144626,1.461112979,1.316486979,0.4867717717776901,0.47278260869565214,0.0,1.49,1.49,0.5120729360857256,5.551115123125783e-17,-2.0,5.0,7.0,2.3405684928164816
Li6.25PS5.25Cl0.75,-1.853871964,1013,train,298.0,4,1.0788224583751256,0.4716981132075472,0.05660377358490566,0.4528301886792453,0.0,0.0,0.0,0.0,0.4716981132075472,0.0,0.0,0.0,0.0,0.0,0.0,0.0,0.0,0.0,0.0,0.0,0.0,0.0,0.0,0.0,0.0,0.0,0.0,0.0,0.0,0.0,0.0,0.0,0.0,0.0,0.0,0.0,0.0,0.0,0.0,0.0,0.0,0.0,0.0,0.0,0.0,0.0,0.07547169811320754,0.0,0.0,0.0,0.0,0.39622641509433965,0.0,0.0,0.0,0.05660377358490566,0.0,0.0,1.828679245283019,0.98,3.16,2.18,0.8207222721845727,20.323472603773585,6.941,35.453,28.512000000000004,12.673564491584624,1.2122641509433962,1.0,1.45,0.44999999999999996,0.2246392622602011,55.301886792452834,12.0,99.0,87.0,40.948465037078556,2.5283018867924527,2.0,3.0,1.0,0.49919836057822464,8.90566037735849,1.0,17.0,16.0,7.478936840354714,1.3753779667924528,0.61804922,3.61272528,2.9946760599999998,0.8825141665542079,0.6712264150943397,0.33499999999999996,0.9,0.5650000000000001,0.21963500094899593,1.757861635220126,1.0,3.0,2.0,0.7596797003359819
Li10(Ge0.776Sn0.224)P2S12,-1.85078088734462,1014,test,298.0,5,1.0709117896357239,0.48,0.008960000000000001,0.48,0.0,0.0,0.0,0.0,0.4,0.0,0.0,0.0,0.0,0.0,0.0,0.0,0.0,0.0,0.0,0.0,0.0,0.0,0.0,0.0,0.0,0.0,0.0,0.0,0.0,0.0,0.0,0.0,0.0,0.0,0.0,0.0,0.0,0.0,0.0,0.008960000000000001,0.03104,0.0,0.0,0.0,0.0,0.0,0.08,0.0,0.0,0.0,0.0,0.48,0.0,0.0,0.0,0.0,0.0,0.0,1.8855520000000001,0.98,2.58,1.6,0.7532855337094959,23.96388816,6.941,118.71,111.76899999999999,17.473448828712186,1.1917919999999997,1.0,1.45,0.44999999999999996,0.21902106916002392,60.471039999999995,12.0,94.0,82.0,39.63429072556238,2.64896,2.0,5.0,3.0,0.5862174668158566,9.839999999999998,1.0,16.0,15.0,7.231486707448199,1.35218488645152,0.61804922,2.07710426,1.45905504,0.7057787405971481,0.6609376,0.47,0.9,0.43000000000000005,0.20486495285001777,1.76,0.6666666666666666,2.5,1.8333333333333335,0.7364781055808788
Li0.27La0.59TiO3,-1.850165303,1015,train,400.0,4,1.0396776247889223,0.617283950617284,0.055555555555555566,0.617283950617284,0.0,0.0,0.0,0.0,0.055555555555555566,0.0,0.12139917695473251,0.0,0.0,0.0,0.0,0.0,0.0,0.0,0.0,0.0,0.0,0.0,0.0,0.0,0.20576131687242802,0.0,0.0,0.0,0.0,0.0,0.0,0.0,0.0,0.0,0.0,0.0,0.0,0.0,0.0,0.0,0.0,0.0,0.0,0.0,0.0,0.0,0.0,0.0,0.0,0.0,0.0,0.0,0.0,0.0,0.0,0.0,0.617283950617284,0.0,2.6283127572016465,0.98,3.44,2.46,1.0415831734053718,36.973970637860084,6.941,138.90547,131.96447,40.09276378004359,0.9757201646090536,0.6,1.95,1.35,0.5019068535031063,77.51234567901236,12.0,101.0,89.0,31.050583512602444,2.8971193415637866,2.0,6.0,4.0,1.4002174780217505,11.11934156378601,1.0,16.0,15.0,6.230992197394619,1.0194875482304526,0.075545,1.461112979,1.385567979,0.5818831749888239,0.36751989026063103,0.0,1.172,1.172,0.4753180101135986,0.008230452674897193,-2.0,4.0,6.0,2.628573240414826
Li2.9Sc1.9Zr0.1(PO4)3,-1.841637508,1016,train,546.0,5,1.1217930143853954,0.6030150753768845,0.0050251256281407045,0.6030150753768845,0.0,0.0,0.0,0.0,0.1457286432160804,0.0,0.0,0.0,0.0,0.0,0.0,0.0,0.0,0.0,0.0,0.0,0.0,0.0050251256281407045,0.09547738693467336,0.0,0.0,0.0,0.0,0.0,0.0,0.0,0.0,0.0,0.0,0.0,0.0,0.0,0.0,0.0,0.0,0.0,0.0,0.0,0.0,0.0,0.0,0.0,0.15075376884422112,0.0,0.0,0.0,0.0,0.0,0.0,0.0,0.0,0.0,0.6030150753768845,0.0,2.683869346733669,0.98,3.44,2.46,0.9905333840612208,20.07947833165829,6.941,91.224,84.283,11.730564173143433,0.8844221105527639,0.6,1.6,1.0,0.38539093603959507,78.2814070351759,12.0,101.0,89.0,36.22155728417269,2.35678391959799,2.0,5.0,3.0,0.6712634966631776,12.361809045226131,1.0,16.0,15.0,6.046698400902427,1.1029988519095477,0.17938023,1.461112979,1.281732749,0.46309463812256946,0.3028894472361809,0.0,0.9,0.9,0.38781188497755614,-0.5025125628140704,-2.0,4.0,6.0,1.9140869965630325
Li10.35Ge1.35P1.65S12,-1.84163750790475,1017,test,298.0,4,1.053760556414615,0.47337278106508873,0.05325443786982249,0.47337278106508873,0.0,0.0,0.0,0.0,0.40828402366863903,0.0,0.0,0.0,0.0,0.0,0.0,0.0,0.0,0.0,0.0,0.0,0.0,0.0,0.0,0.0,0.0,0.0,0.0,0.0,0.0,0.0,0.0,0.0,0.0,0.0,0.0,0.0,0.0,0.0,0.0,0.0,0.05325443786982249,0.0,0.0,0.0,0.0,0.0,0.0650887573964497,0.0,0.0,0.0,0.0,0.47337278106508873,0.0,0.0,0.0,0.0,0.0,0.0,1.8710059171597633,0.98,2.58,1.6,0.7548091533315907,23.89704368047337,6.941,72.64,65.699,16.695854658444684,1.1970414201183432,1.0,1.45,0.44999999999999996,0.21721094796881182,59.72781065088758,12.0,94.0,82.0,39.71253802354918,2.6449704142011834,2.0,4.0,2.0,0.5792171050184742,9.70414201183432,1.0,16.0,15.0,7.245977092647334,1.3498255911656805,0.61804922,2.07710426,1.45905504,0.7024475261238443,0.6667455621301774,0.47,0.9,0.43000000000000005,0.2049203923820983,1.7357001972386585,0.6666666666666666,2.5,1.8333333333333335,0.7474486427597592
(Li2S)(LaOI),-1.838631998,1018,train,483.0,5,1.5607104090414068,0.33333333333333337,0.16666666666666669,0.5,0.0,0.0,0.0,0.0,0.33333333333333337,0.0,0.16666666666666669,0.0,0.0,0.0,0.0,0.0,0.0,0.0,0.0,0.0,0.0,0.0,0.0,0.0,0.0,0.0,0.0,0.0,0.0,0.0,0.0,0.0,0.0,0.0,0.0,0.0,0.0,0.0,0.0,0.0,0.0,0.0,0.0,0.0,0.0,0.0,0.0,0.0,0.0,0.0,0.0,0.16666666666666669,0.16666666666666669,0.0,0.0,0.0,0.16666666666666669,0.0,1.9566666666666666,0.98,3.44,2.46,0.976825925581876,54.62605666666666,6.941,138.90547,131.96447,56.08912207009265,1.3083333333333333,0.6,1.95,1.35,0.41973867531543424,58.16666666666666,12.0,101.0,89.0,39.83891174328045,3.3333333333333326,2.0,6.0,4.0,1.5986105077709065,8.999999999999998,1.0,17.0,16.0,7.371114795831994,1.398484736,0.5575462,3.059046537,2.501500337,0.9262153331986585,0.7203333333333334,0.0,1.172,1.172,0.3820129433525635,1.4166666666666665,-2.0,3.0,5.0,1.742045413363906
Li1.4S2.2P0.6,-1.804100348,1019,train,450.3,3,0.9829007277151565,0.5238095238095238,0.14285714285714285,0.5238095238095238,0.0,0.0,0.0,0.0,0.3333333333333333,0.0,0.0,0.0,0.0,0.0,0.0,0.0,0.0,0.0,0.0,0.0,0.0,0.0,0.0,0.0,0.0,0.0,0.0,0.0,0.0,0.0,0.0,0.0,0.0,0.0,0.0,0.0,0.0,0.0,0.0,0.0,0.0,0.0,0.0,0.0,0.0,0.0,0.14285714285714285,0.0,0.0,0.0,0.0,0.5238095238095238,0.0,0.0,0.0,0.0,0.0,0.0,1.9909523809523808,0.98,2.58,1.6,0.7266944387128856,23.53444219047619,6.941,32.065,25.124,11.739029905859121,1.15,1.0,1.45,0.44999999999999996,0.21213203435596423,66.0952380952381,12.0,94.0,82.0,38.27457786387195,2.666666666666667,2.0,3.0,1.0,0.4714045207910317,10.857142857142858,1.0,16.0,15.0,6.978099852468465,1.4006818442857143,0.61804922,2.07710426,1.45905504,0.710601700997476,0.6247619047619047,0.47,0.9,0.43000000000000005,0.19645959350992806,1.880952380952381,1.0,2.5,1.5,0.6826319612776881
LiTa2PO8,-1.801342913,1020,train,358.0,4,0.9830877585747855,0.6666666666666666,0.08333333333333333,0.6666666666666666,0.0,0.0,0.0,0.0,0.08333333333333333,0.0,0.0,0.0,0.0,0.0,0.0,0.0,0.0,0.0,0.0,0.0,0.0,0.0,0.0,0.16666666666666666,0.0,0.0,0.0,0.0,0.0,0.0,0.0,0.0,0.0,0.0,0.0,0.0,0.0,0.0,0.0,0.0,0.0,0.0,0.0,0.0,0.0,0.0,0.08333333333333333,0.0,0.0,0.0,0.0,0.0,0.0,0.0,0.0,0.0,0.6666666666666666,0.0,2.8074999999999997,0.98,3.44,2.46,0.9282880748991661,43.983810166666665,6.941,180.94788,174.00688,61.45781865635771,0.8458333333333332,0.6,1.45,0.85,0.36540977758614446,84.5,12.0,101.0,89.0,28.250368729157028,2.75,2.0,6.0,4.0,1.479019945774904,12.833333333333334,1.0,16.0,15.0,5.382585087318381,1.1426067185,0.32885923,1.461112979,1.132253749,0.4625936417879774,0.2575,0.0,0.9,0.9,0.3721138938550938,-0.2777777777777779,-2.0,5.0,7.0,2.659132876394293
Li0.022La0.117Ti0.208Al0.001O0.626,-1.787812396,1021,train,385.0,5,0.9610637294826211,0.6427104722792608,0.001026694045174538,0.6427104722792608,0.0,0.0,0.0,0.0,0.022587268993839834,0.0,0.12012320328542095,0.0,0.0,0.0,0.0,0.0,0.0,0.0,0.0,0.0,0.0,0.0,0.0,0.0,0.2135523613963039,0.0,0.0,0.001026694045174538,0.0,0.0,0.0,0.0,0.0,0.0,0.0,0.0,0.0,0.0,0.0,0.0,0.0,0.0,0.0,0.0,0.0,0.0,0.0,0.0,0.0,0.0,0.0,0.0,0.0,0.0,0.0,0.0,0.6427104722792608,0.0,2.695718685831622,0.98,3.44,2.46,1.0073943491310176,37.375342842505134,6.941,138.90547,131.96447,39.705005102957315,0.9528747433264888,0.6,1.95,1.35,0.4978258178175519,80.12217659137576,12.0,101.0,89.0,28.858510269502403,2.9086242299794662,2.0,6.0,4.0,1.3970001434829373,11.533880903490761,1.0,16.0,15.0,6.016437266532405,1.0365840945523614,0.075545,1.461112979,1.385567979,0.5873371459633333,0.34368138261464753,0.0,1.172,1.172,0.4696201997346563,-0.045174537987679675,-2.0,4.0,6.0,2.6643151610769893
Li5La3Ta2O12,-1.780153614,1022,train,666.0,4,1.1570333357787375,0.5454545454545454,0.09090909090909091,0.5454545454545454,0.0,0.0,0.0,0.0,0.22727272727272727,0.0,0.13636363636363635,0.0,0.0,0.0,0.0,0.0,0.0,0.0,0.0,0.0,0.0,0.0,0.0,0.09090909090909091,0.0,0.0,0.0,0.0,0.0,0.0,0.0,0.0,0.0,0.0,0.0,0.0,0.0,0.0,0.0,0.0,0.0,0.0,0.0,0.0,0.0,0.0,0.0,0.0,0.0,0.0,0.0,0.0,0.0,0.0,0.0,0.0,0.5454545454545454,0.0,2.3854545454545453,0.98,3.44,2.46,1.1628051008141211,45.695907727272726,6.941,180.94788,174.00688,60.58148709257196,1.0545454545454545,0.6,1.95,1.35,0.5213420380720866,67.04545454545455,12.0,101.0,89.0,38.679895262534785,2.9090909090909087,2.0,6.0,4.0,1.6762808104168887,9.818181818181818,1.0,16.0,15.0,6.853243184708997,1.0433617685454544,0.32885923,1.461112979,1.132253749,0.4635693907499046,0.43890909090909086,0.0,1.172,1.172,0.4897794410001774,1.1102230246251565e-16,-2.0,5.0,7.0,2.4308621740219887
(Li2S)70(P2S5)30,-1.769551079,1023,train,298.0,3,0.9829007277151565,0.5238095238095238,0.14285714285714285,0.5238095238095238,0.0,0.0,0.0,0.0,0.3333333333333333,0.0,0.0,0.0,0.0,0.0,0.0,0.0,0.0,0.0,0.0,0.0,0.0,0.0,0.0,0.0,0.0,0.0,0.0,0.0,0.0,0.0,0.0,0.0,0.0,0.0,0.0,0.0,0.0,0.0,0.0,0.0,0.0,0.0,0.0,0.0,0.0,0.0,0.14285714285714285,0.0,0.0,0.0,0.0,0.5238095238095238,0.0,0.0,0.0,0.0,0.0,0.0,1.9909523809523808,0.98,2.58,1.6,0.7266944387128856,23.53444219047619,6.941,32.065,25.124,11.739029905859121,1.15,1.0,1.45,0.44999999999999996,0.21213203435596423,66.0952380952381,12.0,94.0,82.0,38.27457786387195,2.666666666666667,2.0,3.0,1.0,0.4714045207910317,10.857142857142858,1.0,16.0,15.0,6.978099852468465,1.4006818442857143,0.61804922,2.07710426,1.45905504,0.710601700997476,0.6247619047619047,0.47,0.9,0.43000000000000005,0.19645959350992806,1.880952380952381,1.0,2.5,1.5,0.6826319612776881
(Li2S)7(LaOI)3,-1.739928612,1024,train,483.0,5,1.3860079064616952,0.46666666666666673,0.10000000000000002,0.4333333333333334,0.0,0.0,0.0,0.0,0.46666666666666673,0.0,0.10000000000000002,0.0,0.0,0.0,0.0,0.0,0.0,0.0,0.0,0.0,0.0,0.0,0.0,0.0,0.0,0.0,0.0,0.0,0.0,0.0,0.0,0.0,0.0,0.0,0.0,0.0,0.0,0.0,0.0,0.0,0.0,0.0,0.0,0.0,0.0,0.0,0.0,0.0,0.0,0.0,0.0,0.23333333333333336,0.10000000000000002,0.0,0.0,0.0,0.10000000000000002,0.0,1.7793333333333337,0.98,3.44,2.46,0.9204561671017017,38.90190066666668,6.941,138.90547,131.96447,48.110034556701166,1.3050000000000002,0.6,1.95,1.35,0.3517456467392312,50.63333333333334,12.0,101.0,89.0,40.436356028812604,2.933333333333334,2.0,6.0,4.0,1.3646326326972482,7.800000000000001,1.0,17.0,16.0,7.400000000000001,1.2808512016000002,0.5575462,3.059046537,2.501500337,0.8513000317194833,0.7348666666666668,0.0,1.172,1.172,0.32297479089792064,1.4500000000000002,-2.0,3.0,5.0,1.4221462653327894
Li6NiCl8,-1.723538196,1025,train,666.66,3,0.8823109245150755,0.5333333333333333,0.06666666666666667,0.5333333333333333,0.0,0.0,0.0,0.0,0.4,0.0,0.0,0.0,0.0,0.0,0.0,0.0,0.0,0.0,0.0,0.0,0.0,0.0,0.0,0.0,0.0,0.0,0.0,0.0,0.0,0.0,0.0,0.0,0.0,0.0,0.0,0.0,0.0,0.06666666666666667,0.0,0.0,0.0,0.0,0.0,0.0,0.0,0.0,0.0,0.0,0.0,0.0,0.0,0.0,0.0,0.0,0.0,0.5333333333333333,0.0,0.0,2.2046666666666668,0.98,3.16,2.18,1.0452104519611776,25.59756,6.941,58.6934,51.752399999999994,16.249667878156774,1.2033333333333334,1.0,1.45,0.44999999999999996,0.2186829262247563,62.06666666666666,12.0,99.0,87.0,41.614847777632875,2.666666666666667,2.0,4.0,2.0,0.5962847939999439,10.133333333333333,1.0,17.0,16.0,7.649546101276569,2.251150584,0.61804922,3.61272528,2.9946760599999998,1.4612783988730917,0.588,0.33499999999999996,0.9,0.5650000000000001,0.2731592941856455,2.1333333333333333,1.0,3.0,2.0,0.9568466729604883
Li3O(Cl0.5Br0.5),-1.714442691,1026,train,533.76,4,1.0888999753452238,0.6,0.1,0.4,0.0,0.0,0.0,0.0,0.6,0.0,0.0,0.0,0.0,0.0,0.0,0.0,0.0,0.0,0.0,0.0,0.0,0.0,0.0,0.0,0.0,0.0,0.0,0.0,0.0,0.0,0.0,0.0,0.0,0.0,0.0,0.0,0.0,0.0,0.0,0.0,0.0,0.0,0.0,0.0,0.0,0.0,0.0,0.0,0.0,0.0,0.0,0.0,0.0,0.1,0.0,0.1,0.2,0.0,1.8880000000000003,0.98,3.44,2.46,1.119435572062993,18.90018,6.941,79.904,72.963,22.0690345765192,1.205,0.6,1.45,0.85,0.33723137457834496,47.10000000000001,12.0,101.0,89.0,42.996395197737215,2.3,2.0,4.0,2.0,0.6403124237432849,7.2,1.0,17.0,16.0,7.6000000000000005,1.3606834857999999,0.61804922,3.61272528,2.9946760599999998,1.1141151655111665,0.6305000000000001,0.0,0.9,0.9,0.363568769285812,0.7000000000000001,-2.0,3.0,5.0,1.4866068747318506
Li1.35In0.35Ti1.65(PO4)3,-1.677780705,1027,train,573.0,5,1.057929337729497,0.6539509536784741,0.019073569482288825,0.6539509536784741,0.0,0.0,0.0,0.0,0.07356948228882834,0.0,0.0,0.0,0.0,0.0,0.0,0.0,0.0,0.0,0.0,0.0,0.0,0.0,0.0,0.0,0.08991825613079017,0.0,0.0,0.0,0.0,0.0,0.0,0.0,0.019073569482288825,0.0,0.0,0.0,0.0,0.0,0.0,0.0,0.0,0.0,0.0,0.0,0.0,0.0,0.16348773841961853,0.0,0.0,0.0,0.0,0.0,0.0,0.0,0.0,0.0,0.6539509536784741,0.0,2.852152588555858,0.98,3.44,2.46,0.8557231584196475,22.53140523160763,6.941,114.818,107.877,16.661340841238925,0.817983651226158,0.6,1.55,0.9500000000000001,0.3264302334043241,87.7384196185286,12.0,101.0,89.0,25.703766636443763,2.4005449591280654,2.0,5.0,3.0,0.7310175264660042,13.596730245231607,1.0,16.0,15.0,4.905181622263935,1.1371429359673024,0.075545,1.461112979,1.385567979,0.47492429143673837,0.25064032697547683,0.0,0.94,0.94,0.3581900504395149,-0.5449591280653951,-2.0,4.0,6.0,2.1111323207926436
Li6PS5Cl,-1.669586227,1028,train,423.58,4,1.1189688668816267,0.46153846153846156,0.07692307692307693,0.46153846153846156,0.0,0.0,0.0,0.0,0.46153846153846156,0.0,0.0,0.0,0.0,0.0,0.0,0.0,0.0,0.0,0.0,0.0,0.0,0.0,0.0,0.0,0.0,0.0,0.0,0.0,0.0,0.0,0.0,0.0,0.0,0.0,0.0,0.0,0.0,0.0,0.0,0.0,0.0,0.0,0.0,0.0,0.0,0.0,0.07692307692307693,0.0,0.0,0.0,0.0,0.38461538461538464,0.0,0.0,0.0,0.07692307692307693,0.0,0.0,1.856153846153846,0.98,3.16,2.18,0.8337638335749008,20.645981692307693,6.941,35.453,28.512000000000004,12.72441587574028,1.2076923076923076,1.0,1.45,0.44999999999999996,0.22433333186796436,56.230769230769226,12.0,99.0,87.0,40.988091790653705,2.5384615384615388,2.0,3.0,1.0,0.49851851526214314,9.076923076923077,1.0,17.0,16.0,7.488057553007974,1.4194731546153847,0.61804922,3.61272528,2.9946760599999998,0.9314660157198721,0.6642307692307693,0.33499999999999996,0.9,0.5650000000000001,0.22250191143384812,1.782051282051282,1.0,3.0,2.0,0.7717906124765339
Li1.4S2.2P0.6,-1.661543506,1029,train,493.68,3,0.9829007277151565,0.5238095238095238,0.14285714285714285,0.5238095238095238,0.0,0.0,0.0,0.0,0.3333333333333333,0.0,0.0,0.0,0.0,0.0,0.0,0.0,0.0,0.0,0.0,0.0,0.0,0.0,0.0,0.0,0.0,0.0,0.0,0.0,0.0,0.0,0.0,0.0,0.0,0.0,0.0,0.0,0.0,0.0,0.0,0.0,0.0,0.0,0.0,0.0,0.0,0.0,0.14285714285714285,0.0,0.0,0.0,0.0,0.5238095238095238,0.0,0.0,0.0,0.0,0.0,0.0,1.9909523809523808,0.98,2.58,1.6,0.7266944387128856,23.53444219047619,6.941,32.065,25.124,11.739029905859121,1.15,1.0,1.45,0.44999999999999996,0.21213203435596423,66.0952380952381,12.0,94.0,82.0,38.27457786387195,2.666666666666667,2.0,3.0,1.0,0.4714045207910317,10.857142857142858,1.0,16.0,15.0,6.978099852468465,1.4006818442857143,0.61804922,2.07710426,1.45905504,0.710601700997476,0.6247619047619047,0.47,0.9,0.43000000000000005,0.19645959350992806,1.880952380952381,1.0,2.5,1.5,0.6826319612776881
Li3ClO,-1.60205999132796,1030,train,298.0,3,0.9502705392332347,0.6,0.2,0.4,0.0,0.0,0.0,0.0,0.6,0.0,0.0,0.0,0.0,0.0,0.0,0.0,0.0,0.0,0.0,0.0,0.0,0.0,0.0,0.0,0.0,0.0,0.0,0.0,0.0,0.0,0.0,0.0,0.0,0.0,0.0,0.0,0.0,0.0,0.0,0.0,0.0,0.0,0.0,0.0,0.0,0.0,0.0,0.0,0.0,0.0,0.0,0.0,0.0,0.0,0.0,0.2,0.2,0.0,1.9080000000000004,0.98,3.44,2.46,1.1400070175222607,14.455080000000002,6.941,35.453,28.512000000000004,11.069613934803689,1.19,0.6,1.45,0.85,0.3426368339802363,47.2,12.0,101.0,89.0,43.115658408517895,2.2,2.0,3.0,1.0,0.4,7.2,1.0,17.0,16.0,7.6000000000000005,1.3855971837999999,0.61804922,3.61272528,2.9946760599999998,1.160447484585899,0.607,0.0,0.9,0.9,0.3741603934143752,0.8000000000000002,-2.0,3.0,5.0,1.6
Li3.35Ge0.35P0.65S4,-1.595166283,1031,train,423.0,4,1.050674956347938,0.4790419161676647,0.041916167664670656,0.4790419161676647,0.0,0.0,0.0,0.0,0.4011976047904192,0.0,0.0,0.0,0.0,0.0,0.0,0.0,0.0,0.0,0.0,0.0,0.0,0.0,0.0,0.0,0.0,0.0,0.0,0.0,0.0,0.0,0.0,0.0,0.0,0.0,0.0,0.0,0.0,0.0,0.0,0.0,0.041916167664670656,0.0,0.0,0.0,0.0,0.0,0.07784431137724551,0.0,0.0,0.0,0.0,0.4790419161676647,0.0,0.0,0.0,0.0,0.0,0.0,1.8838323353293416,0.98,2.58,1.6,0.7535749024252367,23.601113209580838,6.941,72.64,65.699,15.833675659840647,1.1910179640718563,1.0,1.45,0.44999999999999996,0.21765663980440575,60.37125748502994,12.0,94.0,82.0,39.65094572921467,2.6407185628742518,2.0,4.0,2.0,0.5603843514873936,9.820359281437128,1.0,16.0,15.0,7.233741124021509,1.352768214736527,0.61804922,2.07710426,1.45905504,0.7050627443470109,0.6613173652694612,0.47,0.9,0.43000000000000005,0.20457214266545398,1.756487025948104,0.6666666666666666,2.5,1.8333333333333335,0.7381236445443269
Li6.4La3Zr1.4Ta0.6O12,-1.552067134,1032,train,400.0,5,1.2228390326709018,0.5128205128205129,0.02564102564102564,0.5128205128205129,0.0,0.0,0.0,0.0,0.27350427350427353,0.0,0.12820512820512822,0.0,0.0,0.0,0.0,0.0,0.0,0.0,0.0,0.0,0.0,0.05982905982905983,0.0,0.02564102564102564,0.0,0.0,0.0,0.0,0.0,0.0,0.0,0.0,0.0,0.0,0.0,0.0,0.0,0.0,0.0,0.0,0.0,0.0,0.0,0.0,0.0,0.0,0.0,0.0,0.0,0.0,0.0,0.0,0.0,0.0,0.0,0.0,0.5128205128205129,0.0,2.2911965811965813,0.98,3.44,2.46,1.1833244220633492,38.00914264957265,6.941,180.94788,174.00688,50.10854015565345,1.0841880341880343,0.6,1.95,1.35,0.5189836209661903,63.57264957264959,12.0,101.0,89.0,39.77163792928392,2.794871794871795,2.0,6.0,4.0,1.5388888295511445,9.23076923076923,1.0,16.0,15.0,7.007181438779528,1.0241636535897438,0.32885923,1.461112979,1.132253749,0.4519044324326734,0.4688888888888889,0.0,1.172,1.172,0.48915517223690463,-2.7755575615628914e-17,-2.0,5.0,7.0,2.2532028485964326
Li1.5Al0.5Ge1.5(PO4)3,-1.48945499,1033,train,349.74,5,1.0807686565434764,0.6486486486486487,0.02702702702702703,0.6486486486486487,0.0,0.0,0.0,0.0,0.08108108108108109,0.0,0.0,0.0,0.0,0.0,0.0,0.0,0.0,0.0,0.0,0.0,0.0,0.0,0.0,0.0,0.0,0.0,0.0,0.02702702702702703,0.0,0.0,0.0,0.0,0.0,0.0,0.0,0.0,0.0,0.0,0.0,0.0,0.08108108108108109,0.0,0.0,0.0,0.0,0.0,0.16216216216216217,0.0,0.0,0.0,0.0,0.0,0.0,0.0,0.0,0.0,0.6486486486486487,0.0,2.872432432432433,0.98,3.44,2.46,0.8235467311619887,22.582505691891896,6.941,72.64,65.699,16.21906921418632,0.8040540540540541,0.6,1.45,0.85,0.2975981278953345,90.05405405405406,12.0,101.0,89.0,24.029200643480543,2.3513513513513513,2.0,4.0,2.0,0.6245524328806131,14.378378378378379,1.0,16.0,15.0,4.04268676615716,1.2305777852702704,0.432835,1.461112979,1.0282779789999998,0.34652132179596484,0.24283783783783786,0.0,0.9,0.9,0.3408029876719626,-0.8108108108108109,-2.0,3.0,5.0,1.6577066189400707
Li1.3Al0.3Ti1.7(PO4)3,-1.48148606,1034,train,473.0,5,1.049159726908797,0.6557377049180328,0.01639344262295082,0.6557377049180328,0.0,0.0,0.0,0.0,0.07103825136612023,0.0,0.0,0.0,0.0,0.0,0.0,0.0,0.0,0.0,0.0,0.0,0.0,0.0,0.0,0.0,0.09289617486338798,0.0,0.0,0.01639344262295082,0.0,0.0,0.0,0.0,0.0,0.0,0.0,0.0,0.0,0.0,0.0,0.0,0.0,0.0,0.0,0.0,0.0,0.0,0.1639344262295082,0.0,0.0,0.0,0.0,0.0,0.0,0.0,0.0,0.0,0.6557377049180328,0.0,2.8538251366120218,0.98,3.44,2.46,0.8559771280470847,20.951133747540982,6.941,47.867,40.925999999999995,10.695135834943414,0.8109289617486337,0.6,1.45,0.85,0.3153464750479249,87.88524590163932,12.0,101.0,89.0,25.49516081415319,2.3661202185792347,2.0,4.0,2.0,0.6464275317879833,13.606557377049176,1.0,16.0,15.0,4.893216075157859,1.1385204406557374,0.075545,1.461112979,1.385567979,0.47517545352126767,0.24428051001821494,0.0,0.9,0.9,0.34972616784251925,-0.546448087431694,-2.0,4.0,6.0,2.1176960939649336
Li5La3Nb2O12,-1.480040819,1035,train,666.0,4,1.1570333357787375,0.5454545454545454,0.09090909090909091,0.5454545454545454,0.0,0.0,0.0,0.0,0.22727272727272727,0.0,0.13636363636363635,0.0,0.0,0.0,0.0,0.0,0.0,0.0,0.0,0.0,0.0,0.0,0.0,0.0,0.0,0.0,0.09090909090909091,0.0,0.0,0.0,0.0,0.0,0.0,0.0,0.0,0.0,0.0,0.0,0.0,0.0,0.0,0.0,0.0,0.0,0.0,0.0,0.0,0.0,0.0,0.0,0.0,0.0,0.0,0.0,0.0,0.0,0.5454545454545454,0.0,2.3945454545454545,0.98,3.44,2.46,1.156219259140156,37.692135,6.941,138.90547,131.96447,46.3213586056498,1.0545454545454545,0.6,1.95,1.35,0.5213420380720867,67.13636363636363,12.0,101.0,89.0,38.64558713435051,2.8181818181818183,2.0,6.0,4.0,1.526623238522424,9.818181818181817,1.0,16.0,15.0,6.853243184708997,1.0968661112727272,0.5575462,1.461112979,0.9035667789999999,0.40873677292767235,0.43890909090909086,0.0,1.172,1.172,0.4897794410001774,0.0,-2.0,5.0,7.0,2.4308621740219887
(Li2S)0.5((Ga2S3)0.1(GeS2)0.9)0.5,-1.474955193,1036,train,488.0,4,1.1024639920246848,0.5000000000000001,0.03225806451612904,0.5000000000000001,0.0,0.0,0.0,0.0,0.32258064516129037,0.0,0.0,0.0,0.0,0.0,0.0,0.0,0.0,0.0,0.0,0.0,0.0,0.0,0.0,0.0,0.0,0.0,0.0,0.0,0.0,0.0,0.0,0.0,0.0,0.03225806451612904,0.0,0.0,0.0,0.0,0.0,0.0,0.14516129032258068,0.0,0.0,0.0,0.0,0.0,0.0,0.0,0.0,0.0,0.0,0.5000000000000001,0.0,0.0,0.0,0.0,0.0,0.0,1.956290322580645,0.98,2.58,1.6,0.7092823130346385,31.065177419354836,6.941,72.64,65.699,22.07595212977833,1.1911290322580645,1.0,1.45,0.44999999999999996,0.20191106984231924,65.6774193548387,12.0,94.0,82.0,37.24018562787161,2.8548387096774195,2.0,4.0,2.0,0.6920463855782237,10.774193548387098,1.0,16.0,15.0,6.792831503394352,1.4265747818870969,0.30116615,2.07710426,1.77593811,0.6846776580610269,0.6616129032258066,0.47,0.9,0.43000000000000005,0.19674113947656963,1.7661290322580645,0.6666666666666666,3.0,2.3333333333333335,0.8265637278842463
(YPO4)0.8(Li3PO4)0.2,-1.431798276,1037,test,873.0,4,1.0656468608080325,0.625,0.09375000000000001,0.625,0.0,0.0,0.0,0.0,0.09375000000000001,0.0,0.0,0.0,0.0,0.0,0.0,0.0,0.125,0.0,0.0,0.0,0.0,0.0,0.0,0.0,0.0,0.0,0.0,0.0,0.0,0.0,0.0,0.0,0.0,0.0,0.0,0.0,0.0,0.0,0.0,0.0,0.0,0.0,0.0,0.0,0.0,0.0,0.15625,0.0,0.0,0.0,0.0,0.0,0.0,0.0,0.0,0.0,0.625,0.0,2.7365625,0.98,3.44,2.46,0.9657659181156426,26.6032253125,6.941,88.90585,81.96485,24.38660471471013,0.8921875,0.6,1.8,1.2000000000000002,0.43285198375859385,81.4375,12.0,101.0,89.0,33.178435673642,2.53125,2.0,5.0,3.0,0.9995115994824673,12.8125,1.0,16.0,15.0,5.675812166553787,1.1267069246874999,0.3112922,1.461112979,1.149820779,0.4470291727557747,0.30031250000000004,0.0,1.04,1.04,0.4101408628066094,-0.5208333333333333,-2.0,3.0,5.0,1.9701549219964065
(YPO4)0.8(Li3PO4)0.2,-1.427128398,1038,test,858.0,4,1.0656468608080325,0.625,0.09375000000000001,0.625,0.0,0.0,0.0,0.0,0.09375000000000001,0.0,0.0,0.0,0.0,0.0,0.0,0.0,0.125,0.0,0.0,0.0,0.0,0.0,0.0,0.0,0.0,0.0,0.0,0.0,0.0,0.0,0.0,0.0,0.0,0.0,0.0,0.0,0.0,0.0,0.0,0.0,0.0,0.0,0.0,0.0,0.0,0.0,0.15625,0.0,0.0,0.0,0.0,0.0,0.0,0.0,0.0,0.0,0.625,0.0,2.7365625,0.98,3.44,2.46,0.9657659181156426,26.6032253125,6.941,88.90585,81.96485,24.38660471471013,0.8921875,0.6,1.8,1.2000000000000002,0.43285198375859385,81.4375,12.0,101.0,89.0,33.178435673642,2.53125,2.0,5.0,3.0,0.9995115994824673,12.8125,1.0,16.0,15.0,5.675812166553787,1.1267069246874999,0.3112922,1.461112979,1.149820779,0.4470291727557747,0.30031250000000004,0.0,1.04,1.04,0.4101408628066094,-0.5208333333333333,-2.0,3.0,5.0,1.9701549219964065
Li3.25Ge0.25P0.75S4,-1.400116928,1039,train,423.0,4,1.0419136805925164,0.48484848484848486,0.030303030303030304,0.48484848484848486,0.0,0.0,0.0,0.0,0.3939393939393939,0.0,0.0,0.0,0.0,0.0,0.0,0.0,0.0,0.0,0.0,0.0,0.0,0.0,0.0,0.0,0.0,0.0,0.0,0.0,0.0,0.0,0.0,0.0,0.0,0.0,0.0,0.0,0.0,0.0,0.0,0.0,0.030303030303030304,0.0,0.0,0.0,0.0,0.0,0.09090909090909091,0.0,0.0,0.0,0.0,0.48484848484848486,0.0,0.0,0.0,0.0,0.0,0.0,1.896969696969697,0.98,2.58,1.6,0.7520818977344875,23.298008666666668,6.941,72.64,65.699,14.892868327674087,1.1848484848484848,1.0,1.45,0.44999999999999996,0.21793968045284026,61.03030303030303,12.0,94.0,82.0,39.576917705396006,2.6363636363636362,2.0,4.0,2.0,0.5403804393977881,9.93939393939394,1.0,16.0,15.0,7.219247815848264,1.3557821746363636,0.61804922,2.07710426,1.45905504,0.7077186603007745,0.6557575757575758,0.47,0.9,0.43000000000000005,0.20406520501338135,1.7777777777777777,0.6666666666666666,2.5,1.8333333333333335,0.7278336781677504
LiSr1.65Ti1.3Nb1.7O9,-1.37675071,1040,train,633.0,5,1.19335214490369,0.6143344709897611,0.06825938566552901,0.6143344709897611,0.0,0.0,0.0,0.11262798634812286,0.06825938566552901,0.0,0.0,0.0,0.0,0.0,0.0,0.0,0.0,0.0,0.0,0.0,0.0,0.0,0.0,0.0,0.08873720136518772,0.0,0.11604095563139931,0.0,0.0,0.0,0.0,0.0,0.0,0.0,0.0,0.0,0.0,0.0,0.0,0.0,0.0,0.0,0.0,0.0,0.0,0.0,0.0,0.0,0.0,0.0,0.0,0.0,0.0,0.0,0.0,0.0,0.6143344709897611,0.0,2.6095221843003413,0.95,3.44,2.49,1.0653165869333063,35.19976423208191,6.941,92.90638,85.96538,31.482304425287772,0.9853242320819113,0.6,2.0,1.4,0.5120789928063414,75.2320819112628,12.0,101.0,89.0,34.625062360192445,2.8634812286689417,2.0,5.0,3.0,1.291266607255382,11.0580204778157,1.0,16.0,15.0,6.311053646521593,1.058824254675768,0.052066,1.461112979,1.409046979,0.5612074830337795,0.3808304891922639,0.0,1.32,1.32,0.4988902478694993,-5.551115123125783e-17,-2.0,5.0,7.0,2.701282718940217
LiSr1.65Zr1.3Ta1.7O9,-1.37675071,1041,train,633.0,5,1.19335214490369,0.6143344709897611,0.06825938566552901,0.6143344709897611,0.0,0.0,0.0,0.11262798634812286,0.06825938566552901,0.0,0.0,0.0,0.0,0.0,0.0,0.0,0.0,0.0,0.0,0.0,0.0,0.08873720136518772,0.0,0.11604095563139931,0.0,0.0,0.0,0.0,0.0,0.0,0.0,0.0,0.0,0.0,0.0,0.0,0.0,0.0,0.0,0.0,0.0,0.0,0.0,0.0,0.0,0.0,0.0,0.0,0.0,0.0,0.0,0.0,0.0,0.0,0.0,0.0,0.6143344709897611,0.0,2.579283276450512,0.95,3.44,2.49,1.0965165904194212,49.263562866894205,6.941,180.94788,174.00688,56.00184033250616,0.9986348122866894,0.6,2.0,1.4,0.5244839945075439,74.93856655290102,12.0,101.0,89.0,34.828732313023686,3.068259385665529,2.0,6.0,4.0,1.589894293486108,11.0580204778157,1.0,16.0,15.0,6.311053646521593,1.0222738103754265,0.052066,1.461112979,1.409046979,0.5675009945945213,0.3815699658703071,0.0,1.32,1.32,0.4995932742181645,-1.6653345369377348e-16,-2.0,5.0,7.0,2.7012827189402167
Li1.5Al0.5Ge1.5(PO4)3,-1.367542708,1042,train,337.71,5,1.0807686565434764,0.6486486486486487,0.02702702702702703,0.6486486486486487,0.0,0.0,0.0,0.0,0.08108108108108109,0.0,0.0,0.0,0.0,0.0,0.0,0.0,0.0,0.0,0.0,0.0,0.0,0.0,0.0,0.0,0.0,0.0,0.0,0.02702702702702703,0.0,0.0,0.0,0.0,0.0,0.0,0.0,0.0,0.0,0.0,0.0,0.0,0.08108108108108109,0.0,0.0,0.0,0.0,0.0,0.16216216216216217,0.0,0.0,0.0,0.0,0.0,0.0,0.0,0.0,0.0,0.6486486486486487,0.0,2.872432432432433,0.98,3.44,2.46,0.8235467311619887,22.582505691891896,6.941,72.64,65.699,16.21906921418632,0.8040540540540541,0.6,1.45,0.85,0.2975981278953345,90.05405405405406,12.0,101.0,89.0,24.029200643480543,2.3513513513513513,2.0,4.0,2.0,0.6245524328806131,14.378378378378379,1.0,16.0,15.0,4.04268676615716,1.2305777852702704,0.432835,1.461112979,1.0282779789999998,0.34652132179596484,0.24283783783783786,0.0,0.9,0.9,0.3408029876719626,-0.8108108108108109,-2.0,3.0,5.0,1.6577066189400707
((Li2S)0.6(SiS2)0.4)95(Li4SiO4)5,-1.356547324,1043,train,466.0,4,1.1676586614519853,0.40606060606060607,0.06060606060606061,0.4636363636363636,0.0,0.0,0.0,0.0,0.40606060606060607,0.0,0.0,0.0,0.0,0.0,0.0,0.0,0.0,0.0,0.0,0.0,0.0,0.0,0.0,0.0,0.0,0.0,0.0,0.0,0.0,0.0,0.0,0.0,0.0,0.0,0.0,0.0,0.1303030303030303,0.0,0.0,0.0,0.0,0.0,0.0,0.0,0.0,0.0,0.0,0.0,0.0,0.0,0.0,0.403030303030303,0.0,0.0,0.0,0.0,0.06060606060606061,0.0,1.8938181818181818,0.98,3.44,2.46,0.8208203381667692,20.370919696969697,6.941,32.065,25.124,11.71607246967225,1.1715151515151514,0.6,1.45,0.85,0.2526060678764612,59.95454545454545,12.0,101.0,89.0,39.80933034313873,2.5333333333333337,2.0,3.0,1.0,0.49888765156985887,9.648484848484848,1.0,16.0,15.0,7.1793526006821775,1.3577125353939394,0.61804922,2.07710426,1.45905504,0.6568975208990835,0.6252424242424243,0.0,0.9,0.9,0.25496423163319376,1.2924242424242425,-2.0,2.5,4.5,1.2235455937636184
Li1.4Ti1.6In0.4P3O12,-1.259637311,1044,train,573.0,5,1.0660861369642038,0.6521739130434783,0.02173913043478261,0.6521739130434783,0.0,0.0,0.0,0.0,0.07608695652173914,0.0,0.0,0.0,0.0,0.0,0.0,0.0,0.0,0.0,0.0,0.0,0.0,0.0,0.0,0.0,0.08695652173913045,0.0,0.0,0.0,0.0,0.0,0.0,0.0,0.02173913043478261,0.0,0.0,0.0,0.0,0.0,0.0,0.0,0.0,0.0,0.0,0.0,0.0,0.0,0.16304347826086957,0.0,0.0,0.0,0.0,0.0,0.0,0.0,0.0,0.0,0.6521739130434783,0.0,2.847717391304348,0.98,3.44,2.46,0.8591984425094042,22.67097206521739,6.941,114.818,107.877,17.2883252552113,0.8201086956521739,0.6,1.55,0.9500000000000001,0.3284565174226706,87.60869565217394,12.0,101.0,89.0,25.90364944984424,2.4021739130434785,2.0,5.0,3.0,0.7380907009289113,13.58695652173913,1.0,16.0,15.0,4.917033777799649,1.1365703470652173,0.075545,1.461112979,1.385567979,0.4734461556380712,0.2526449275362319,0.0,0.94,0.94,0.35972632446474845,-0.5434782608695652,-2.0,4.0,6.0,2.1045828710510817
LiSrTiTaO6,-1.200659451,1045,train,633.0,5,1.2275294114572126,0.6,0.1,0.6,0.0,0.0,0.0,0.1,0.1,0.0,0.0,0.0,0.0,0.0,0.0,0.0,0.0,0.0,0.0,0.0,0.0,0.0,0.0,0.1,0.1,0.0,0.0,0.0,0.0,0.0,0.0,0.0,0.0,0.0,0.0,0.0,0.0,0.0,0.0,0.0,0.0,0.0,0.0,0.0,0.0,0.0,0.0,0.0,0.0,0.0,0.0,0.0,0.0,0.0,0.0,0.0,0.6,0.0,2.5610000000000004,0.95,3.44,2.49,1.090820333510519,41.93722800000001,6.941,180.94788,174.00688,51.67920348207252,0.9900000000000002,0.6,2.0,1.4,0.5023942674832189,73.60000000000001,12.0,101.0,89.0,35.65164792825151,2.9000000000000004,2.0,6.0,4.0,1.445683229480096,10.8,1.0,16.0,15.0,6.446704584514479,0.9841197324000001,0.052066,1.461112979,1.409046979,0.601892141027182,0.38916666666666677,0.0,1.32,1.32,0.4935209384278105,1.1102230246251568e-16,-2.0,5.0,7.0,2.6457513110645907
Li3.6Ge0.6P0.4S4,-1.199970641,1046,train,563.0,4,1.0490264333601902,0.46511627906976744,0.046511627906976744,0.46511627906976744,0.0,0.0,0.0,0.0,0.4186046511627907,0.0,0.0,0.0,0.0,0.0,0.0,0.0,0.0,0.0,0.0,0.0,0.0,0.0,0.0,0.0,0.0,0.0,0.0,0.0,0.0,0.0,0.0,0.0,0.0,0.0,0.0,0.0,0.0,0.0,0.0,0.0,0.06976744186046512,0.0,0.0,0.0,0.0,0.0,0.046511627906976744,0.0,0.0,0.0,0.0,0.46511627906976744,0.0,0.0,0.0,0.0,0.0,0.0,1.8523255813953488,0.98,2.58,1.6,0.7562140622537004,24.328035441860465,6.941,72.64,65.699,17.86854034138763,1.205813953488372,1.0,1.45,0.44999999999999996,0.2162603142655406,58.7906976744186,12.0,94.0,82.0,39.783459306563216,2.6511627906976747,2.0,4.0,2.0,0.6055449565716994,9.534883720930232,1.0,16.0,15.0,7.260433830363295,1.345539967883721,0.61804922,2.07710426,1.45905504,0.6985990524184974,0.6746511627906977,0.47,0.9,0.43000000000000005,0.2051697973739358,1.7054263565891474,0.6666666666666666,2.5,1.8333333333333335,0.7598085653282391
(YPO4)0.7(Li3PO4)0.3,-1.166215625,1047,train,1064.0,4,1.0990877521186821,0.6060606060606061,0.10606060606060606,0.6060606060606061,0.0,0.0,0.0,0.0,0.13636363636363635,0.0,0.0,0.0,0.0,0.0,0.0,0.0,0.10606060606060606,0.0,0.0,0.0,0.0,0.0,0.0,0.0,0.0,0.0,0.0,0.0,0.0,0.0,0.0,0.0,0.0,0.0,0.0,0.0,0.0,0.0,0.0,0.0,0.0,0.0,0.0,0.0,0.0,0.0,0.15151515151515152,0.0,0.0,0.0,0.0,0.0,0.0,0.0,0.0,0.0,0.6060606060606061,0.0,2.67969696969697,0.98,3.44,2.46,1.0032990576501737,24.765508636363634,6.941,88.90585,81.96485,23.066607186419095,0.9037878787878787,0.6,1.8,1.2000000000000002,0.42802493962850496,79.13636363636364,12.0,101.0,89.0,35.114913676875744,2.4696969696969697,2.0,5.0,3.0,0.9409810639529842,12.424242424242426,1.0,16.0,15.0,5.997627323949701,1.1159408884848485,0.3112922,1.461112979,1.149820779,0.4419840274416574,0.31636363636363635,0.0,1.04,1.04,0.41342118945429873,-0.505050505050505,-2.0,3.0,5.0,1.9185804448537376
Li5La3Nb2O12,-1.150028088,1048,train,800.0,4,1.1570333357787375,0.5454545454545454,0.09090909090909091,0.5454545454545454,0.0,0.0,0.0,0.0,0.22727272727272727,0.0,0.13636363636363635,0.0,0.0,0.0,0.0,0.0,0.0,0.0,0.0,0.0,0.0,0.0,0.0,0.0,0.0,0.0,0.09090909090909091,0.0,0.0,0.0,0.0,0.0,0.0,0.0,0.0,0.0,0.0,0.0,0.0,0.0,0.0,0.0,0.0,0.0,0.0,0.0,0.0,0.0,0.0,0.0,0.0,0.0,0.0,0.0,0.0,0.0,0.5454545454545454,0.0,2.3945454545454545,0.98,3.44,2.46,1.156219259140156,37.692135,6.941,138.90547,131.96447,46.3213586056498,1.0545454545454545,0.6,1.95,1.35,0.5213420380720867,67.13636363636363,12.0,101.0,89.0,38.64558713435051,2.8181818181818183,2.0,6.0,4.0,1.526623238522424,9.818181818181817,1.0,16.0,15.0,6.853243184708997,1.0968661112727272,0.5575462,1.461112979,0.9035667789999999,0.40873677292767235,0.43890909090909086,0.0,1.172,1.172,0.4897794410001774,0.0,-2.0,5.0,7.0,2.4308621740219887
Li10Ge(PS6)2,-1.100015437,1049,train,359.61,4,1.0496348213275466,0.48,0.04,0.48,0.0,0.0,0.0,0.0,0.4,0.0,0.0,0.0,0.0,0.0,0.0,0.0,0.0,0.0,0.0,0.0,0.0,0.0,0.0,0.0,0.0,0.0,0.0,0.0,0.0,0.0,0.0,0.0,0.0,0.0,0.0,0.0,0.0,0.0,0.0,0.0,0.04,0.0,0.0,0.0,0.0,0.0,0.08,0.0,0.0,0.0,0.0,0.48,0.0,0.0,0.0,0.0,0.0,0.0,1.8860000000000001,0.98,2.58,1.6,0.7533445426894656,23.55110096,6.941,72.64,65.699,15.682734537270552,1.19,1.0,1.45,0.44999999999999996,0.2177154105707724,60.48,12.0,94.0,82.0,39.639495455921235,2.64,2.0,4.0,2.0,0.5571355310873648,9.84,1.0,16.0,15.0,7.231486707448199,1.35326551812,0.61804922,2.07710426,1.45905504,0.7055025462312545,0.6604,0.47,0.9,0.43000000000000005,0.2044989975525553,1.76,0.6666666666666666,2.5,1.8333333333333335,0.7364781055808788
Li1.5Al0.5Ge1.5(PO4)3,-1.074172425,1050,train,400.05,5,1.0807686565434764,0.6486486486486487,0.02702702702702703,0.6486486486486487,0.0,0.0,0.0,0.0,0.08108108108108109,0.0,0.0,0.0,0.0,0.0,0.0,0.0,0.0,0.0,0.0,0.0,0.0,0.0,0.0,0.0,0.0,0.0,0.0,0.02702702702702703,0.0,0.0,0.0,0.0,0.0,0.0,0.0,0.0,0.0,0.0,0.0,0.0,0.08108108108108109,0.0,0.0,0.0,0.0,0.0,0.16216216216216217,0.0,0.0,0.0,0.0,0.0,0.0,0.0,0.0,0.0,0.6486486486486487,0.0,2.872432432432433,0.98,3.44,2.46,0.8235467311619887,22.582505691891896,6.941,72.64,65.699,16.21906921418632,0.8040540540540541,0.6,1.45,0.85,0.2975981278953345,90.05405405405406,12.0,101.0,89.0,24.029200643480543,2.3513513513513513,2.0,4.0,2.0,0.6245524328806131,14.378378378378379,1.0,16.0,15.0,4.04268676615716,1.2305777852702704,0.432835,1.461112979,1.0282779789999998,0.34652132179596484,0.24283783783783786,0.0,0.9,0.9,0.3408029876719626,-0.8108108108108109,-2.0,3.0,5.0,1.6577066189400707
Li3.2Ge0.2P0.8S4,-1.0,1051,train,563.0,4,1.0350051771580668,0.4878048780487804,0.024390243902439022,0.4878048780487804,0.0,0.0,0.0,0.0,0.39024390243902435,0.0,0.0,0.0,0.0,0.0,0.0,0.0,0.0,0.0,0.0,0.0,0.0,0.0,0.0,0.0,0.0,0.0,0.0,0.0,0.0,0.0,0.0,0.0,0.0,0.0,0.0,0.0,0.0,0.0,0.0,0.0,0.024390243902439022,0.0,0.0,0.0,0.0,0.0,0.09756097560975609,0.0,0.0,0.0,0.0,0.4878048780487804,0.0,0.0,0.0,0.0,0.0,0.0,1.9036585365853655,0.98,2.58,1.6,0.7512323407203659,23.14368409756097,6.941,72.64,65.699,14.387795359698481,1.1817073170731707,1.0,1.45,0.44999999999999996,0.21801658517157602,61.36585365853657,12.0,94.0,82.0,39.53495279577238,2.6341463414634143,2.0,4.0,2.0,0.5298917312780592,9.999999999999998,1.0,16.0,15.0,7.211102550927978,1.3573167212926829,0.61804922,2.07710426,1.45905504,0.709062166345779,0.6529268292682926,0.47,0.9,0.43000000000000005,0.20374833714645738,1.7886178861788615,0.6666666666666666,2.5,1.8333333333333335,0.7222972143883339
LiSr1.65Ti1.3Ta1.7O9,-0.943095149,1052,train,633.0,5,1.19335214490369,0.6143344709897611,0.06825938566552901,0.6143344709897611,0.0,0.0,0.0,0.11262798634812286,0.06825938566552901,0.0,0.0,0.0,0.0,0.0,0.0,0.0,0.0,0.0,0.0,0.0,0.0,0.0,0.0,0.11604095563139931,0.08873720136518772,0.0,0.0,0.0,0.0,0.0,0.0,0.0,0.0,0.0,0.0,0.0,0.0,0.0,0.0,0.0,0.0,0.0,0.0,0.0,0.0,0.0,0.0,0.0,0.0,0.0,0.0,0.0,0.0,0.0,0.0,0.0,0.6143344709897611,0.0,2.5979180887372015,0.95,3.44,2.49,1.0767331929113944,45.41618402730376,6.941,180.94788,174.00688,54.4549281992783,0.9853242320819112,0.6,2.0,1.4,0.5120789928063414,75.11604095563139,12.0,101.0,89.0,34.700968040686995,2.9795221843003414,2.0,6.0,4.0,1.5052548831210393,11.0580204778157,1.0,16.0,15.0,6.311053646521593,0.9905286090102389,0.052066,1.461112979,1.409046979,0.6081127849223792,0.3808304891922639,0.0,1.32,1.32,0.4988902478694993,-1.6653345369377348e-16,-2.0,5.0,7.0,2.7012827189402167
Li14ZnGe4O16,-0.903089987,1053,train,573.0,4,1.0738223582057085,0.45714285714285713,0.02857142857142857,0.45714285714285713,0.0,0.0,0.0,0.0,0.4,0.0,0.0,0.0,0.0,0.0,0.0,0.0,0.0,0.0,0.0,0.0,0.0,0.0,0.0,0.0,0.0,0.0,0.0,0.0,0.0,0.02857142857142857,0.0,0.0,0.0,0.0,0.0,0.0,0.0,0.0,0.0,0.0,0.11428571428571428,0.0,0.0,0.0,0.0,0.0,0.0,0.0,0.0,0.0,0.0,0.0,0.0,0.0,0.0,0.0,0.45714285714285713,0.0,2.241428571428571,0.98,3.44,2.46,1.1442530760460363,20.260954285714284,6.941,72.64,65.699,21.238155570231115,1.0357142857142856,0.6,1.45,0.85,0.40436395002724046,62.74285714285714,12.0,101.0,89.0,41.90079634916116,2.2857142857142856,2.0,4.0,2.0,0.6998542122237652,9.657142857142857,1.0,16.0,15.0,7.119160693480085,1.0383200684571428,-0.62,1.461112979,2.081112979,0.4850322738089312,0.4731428571428572,0.0,0.9,0.9,0.4359146143689245,-0.3809523809523809,-2.0,2.0,4.0,1.4995086118784064
(YPO4)0.9(Li3PO4)0.1,-0.869666232,1054,test,1146.0,4,1.0037168502623786,0.6451612903225806,0.048387096774193554,0.6451612903225806,0.0,0.0,0.0,0.0,0.048387096774193554,0.0,0.0,0.0,0.0,0.0,0.0,0.0,0.14516129032258066,0.0,0.0,0.0,0.0,0.0,0.0,0.0,0.0,0.0,0.0,0.0,0.0,0.0,0.0,0.0,0.0,0.0,0.0,0.0,0.0,0.0,0.0,0.0,0.0,0.0,0.0,0.0,0.0,0.0,0.16129032258064516,0.0,0.0,0.0,0.0,0.0,0.0,0.0,0.0,0.0,0.6451612903225806,0.0,2.7970967741935486,0.98,3.44,2.46,0.9202846458267318,28.55950435483871,6.941,88.90585,81.96485,25.572713325105504,0.8798387096774195,0.6,1.8,1.2000000000000002,0.4375941997591504,83.88709677419355,12.0,101.0,89.0,30.79594906262923,2.5967741935483875,2.0,5.0,3.0,1.0543256126067237,13.225806451612906,1.0,16.0,15.0,5.28057717653835,1.138167543870968,0.3112922,1.461112979,1.149820779,0.4520563224147047,0.28322580645161294,0.0,1.04,1.04,0.4059229793205587,-0.5376344086021506,-2.0,3.0,5.0,2.023477646896522
Li1.5Al0.5Ge1.5(PO4)3,-0.847711656,1055,train,379.96,5,1.0807686565434764,0.6486486486486487,0.02702702702702703,0.6486486486486487,0.0,0.0,0.0,0.0,0.08108108108108109,0.0,0.0,0.0,0.0,0.0,0.0,0.0,0.0,0.0,0.0,0.0,0.0,0.0,0.0,0.0,0.0,0.0,0.0,0.02702702702702703,0.0,0.0,0.0,0.0,0.0,0.0,0.0,0.0,0.0,0.0,0.0,0.0,0.08108108108108109,0.0,0.0,0.0,0.0,0.0,0.16216216216216217,0.0,0.0,0.0,0.0,0.0,0.0,0.0,0.0,0.0,0.6486486486486487,0.0,2.872432432432433,0.98,3.44,2.46,0.8235467311619887,22.582505691891896,6.941,72.64,65.699,16.21906921418632,0.8040540540540541,0.6,1.45,0.85,0.2975981278953345,90.05405405405406,12.0,101.0,89.0,24.029200643480543,2.3513513513513513,2.0,4.0,2.0,0.6245524328806131,14.378378378378379,1.0,16.0,15.0,4.04268676615716,1.2305777852702704,0.432835,1.461112979,1.0282779789999998,0.34652132179596484,0.24283783783783786,0.0,0.9,0.9,0.3408029876719626,-0.8108108108108109,-2.0,3.0,5.0,1.6577066189400707
(YPO4)0.8(Li3PO4)0.2,-0.560667306,1056,test,1140.0,4,1.0656468608080325,0.625,0.09375000000000001,0.625,0.0,0.0,0.0,0.0,0.09375000000000001,0.0,0.0,0.0,0.0,0.0,0.0,0.0,0.125,0.0,0.0,0.0,0.0,0.0,0.0,0.0,0.0,0.0,0.0,0.0,0.0,0.0,0.0,0.0,0.0,0.0,0.0,0.0,0.0,0.0,0.0,0.0,0.0,0.0,0.0,0.0,0.0,0.0,0.15625,0.0,0.0,0.0,0.0,0.0,0.0,0.0,0.0,0.0,0.625,0.0,2.7365625,0.98,3.44,2.46,0.9657659181156426,26.6032253125,6.941,88.90585,81.96485,24.38660471471013,0.8921875,0.6,1.8,1.2000000000000002,0.43285198375859385,81.4375,12.0,101.0,89.0,33.178435673642,2.53125,2.0,5.0,3.0,0.9995115994824673,12.8125,1.0,16.0,15.0,5.675812166553787,1.1267069246874999,0.3112922,1.461112979,1.149820779,0.4470291727557747,0.30031250000000004,0.0,1.04,1.04,0.4101408628066094,-0.5208333333333333,-2.0,3.0,5.0,1.9701549219964065
